id,customer_id,kin_name,relationship_type,kin_email,kin_phone,kin_physical_address,kin_date_of_birth,created_at,updated_at
KIN-0000001,CUST-000001,Taylor Miller,Parent,taylor.miller.989@mail.com,+1-712-756-5767,"220 Palm Ave, Tampa, FL",1992-06-21,2025-10-13,2026-02-01
KIN-0000002,CUST-000002,Avery Wilson,Cousin,avery.wilson.220@mail.com,+1-785-638-2037,"39 Harbor Drive, Charleston, SC",1961-09-20,2025-05-25,2025-06-28
KIN-0000003,CUST-000003,Casey Williams,Sibling,casey.williams.764@mail.com,+1-775-208-3519,"87 Peachtree Lane, Atlanta, GA",2008-01-05,2024-04-29,2024-07-02
KIN-0000004,CUST-000004,Casey Williams,Spouse,casey.williams.488@mail.com,+1-706-610-8666,"220 Palm Ave, Tampa, FL",1980-02-09,2024-11-01,2024-11-21
KIN-0000005,CUST-000005,Jordan Miller,Spouse,jordan.miller.678@mail.com,+1-742-560-9422,"14 Oak Street, Charlotte, NC",2010-05-03,2025-09-29,2026-01-07
KIN-0000006,CUST-000006,Alex Davis,Spouse,alex.davis.46@mail.com,+1-785-721-2399,"39 Harbor Drive, Charleston, SC",1946-10-11,2024-08-06,2024-11-11
KIN-0000007,CUST-000007,Morgan Wilson,Sibling,morgan.wilson.57@mail.com,+1-718-468-6807,"39 Harbor Drive, Charleston, SC",1951-09-05,2024-11-14,2025-02-13
KIN-0000008,CUST-000008,Morgan Brown,Cousin,morgan.brown.983@mail.com,+1-754-863-4081,"220 Palm Ave, Tampa, FL",1949-03-08,2025-04-21,2025-08-06
KIN-0000009,CUST-000009,Morgan Wilson,Child,morgan.wilson.494@mail.com,+1-739-534-8911,"14 Oak Street, Charlotte, NC",1952-12-31,2025-07-22,2025-09-02
KIN-0000010,CUST-000010,Morgan Garcia,Sibling,morgan.garcia.625@mail.com,+1-727-529-9724,"14 Oak Street, Charlotte, NC",1957-11-23,2025-10-17,2026-01-26
KIN-0000011,CUST-000011,Morgan Johnson,Parent,morgan.johnson.146@mail.com,+1-757-331-6607,"14 Oak Street, Charlotte, NC",1992-02-16,2025-07-05,2025-07-27
KIN-0000012,CUST-000012,Avery Johnson,Child,avery.johnson.75@mail.com,+1-795-404-9794,"87 Peachtree Lane, Atlanta, GA",1967-02-17,2024-12-28,2025-03-19
KIN-0000013,CUST-000013,Alex Williams,Child,alex.williams.837@mail.com,+1-795-148-6635,"87 Peachtree Lane, Atlanta, GA",1944-08-22,2026-01-09,2026-03-22
KIN-0000014,CUST-000014,Riley Garcia,Child,riley.garcia.158@mail.com,+1-709-496-3900,"220 Palm Ave, Tampa, FL",1992-01-17,2025-05-20,2025-05-27
KIN-0000015,CUST-000015,Sam Johnson,Child,sam.johnson.364@mail.com,+1-703-801-3255,"39 Harbor Drive, Charleston, SC",1957-02-22,2026-03-14,2026-04-26
KIN-0000016,CUST-000016,Alex Johnson,Sibling,alex.johnson.980@mail.com,+1-770-381-7524,"14 Oak Street, Charlotte, NC",1999-09-02,2025-05-11,2025-09-07
KIN-0000017,CUST-000017,Jordan Miller,Child,jordan.miller.804@mail.com,+1-787-737-4497,"220 Palm Ave, Tampa, FL",2001-11-11,2026-04-25,2026-08-07
KIN-0000018,CUST-000018,Jordan Jones,Sibling,jordan.jones.378@mail.com,+1-753-989-2601,"220 Palm Ave, Tampa, FL",1978-04-08,2024-12-01,2025-03-12
KIN-0000019,CUST-000019,Morgan Davis,Sibling,morgan.davis.745@mail.com,+1-727-215-7246,"14 Oak Street, Charlotte, NC",1987-12-09,2026-01-15,2026-04-29
KIN-0000020,CUST-000020,Riley Johnson,Parent,riley.johnson.959@mail.com,+1-752-349-1232,"14 Oak Street, Charlotte, NC",1949-03-20,2026-05-09,2026-08-19
KIN-0000021,CUST-000021,Casey Brown,Sibling,casey.brown.388@mail.com,+1-716-694-9983,"220 Palm Ave, Tampa, FL",1942-11-30,2025-08-26,2025-09-28
KIN-0000022,CUST-000022,Avery Brown,Cousin,avery.brown.880@mail.com,+1-736-217-8013,"14 Oak Street, Charlotte, NC",1986-10-06,2026-08-20,2026-11-11
KIN-0000023,CUST-000023,Jordan Jones,Aunt/Uncle,jordan.jones.486@mail.com,+1-763-106-6228,"87 Peachtree Lane, Atlanta, GA",1946-11-18,2024-11-08,2025-01-27
KIN-0000024,CUST-000024,Taylor Davis,Parent,taylor.davis.120@mail.com,+1-730-744-1136,"14 Oak Street, Charlotte, NC",1980-05-16,2025-01-24,2025-02-12
KIN-0000025,CUST-000025,Taylor Johnson,Spouse,taylor.johnson.804@mail.com,+1-750-460-2262,"39 Harbor Drive, Charleston, SC",1986-09-16,2024-07-28,2024-10-07
KIN-0000026,CUST-000026,Avery Brown,Parent,avery.brown.422@mail.com,+1-774-935-4259,"14 Oak Street, Charlotte, NC",1951-12-13,2024-06-13,2024-08-11
KIN-0000027,CUST-000027,Alex Davis,Aunt/Uncle,alex.davis.388@mail.com,+1-736-734-9360,"220 Palm Ave, Tampa, FL",1948-08-26,2026-09-20,2026-12-26
KIN-0000028,CUST-000028,Avery Wilson,Cousin,avery.wilson.301@mail.com,+1-767-362-8320,"87 Peachtree Lane, Atlanta, GA",2010-10-11,2026-04-22,2026-06-20
KIN-0000029,CUST-000029,Avery Johnson,Cousin,avery.johnson.49@mail.com,+1-745-287-8914,"87 Peachtree Lane, Atlanta, GA",1990-08-06,2025-03-26,2025-04-28
KIN-0000030,CUST-000030,Morgan Johnson,Cousin,morgan.johnson.982@mail.com,+1-722-715-5598,"14 Oak Street, Charlotte, NC",1947-09-09,2026-01-28,2026-04-18
KIN-0000031,CUST-000031,Jordan Johnson,Cousin,jordan.johnson.525@mail.com,+1-762-544-7416,"87 Peachtree Lane, Atlanta, GA",1974-10-16,2024-05-31,2024-06-29
KIN-0000032,CUST-000032,Sam Johnson,Cousin,sam.johnson.120@mail.com,+1-723-961-5650,"220 Palm Ave, Tampa, FL",2006-12-06,2024-02-14,2024-06-03
KIN-0000033,CUST-000033,Alex Miller,Sibling,alex.miller.52@mail.com,+1-789-440-2671,"220 Palm Ave, Tampa, FL",2001-02-27,2025-05-07,2025-05-24
KIN-0000034,CUST-000034,Casey Garcia,Aunt/Uncle,casey.garcia.625@mail.com,+1-704-877-8161,"39 Harbor Drive, Charleston, SC",1966-12-30,2025-05-10,2025-09-01
KIN-0000035,CUST-000035,Alex Brown,Child,alex.brown.787@mail.com,+1-777-242-7098,"39 Harbor Drive, Charleston, SC",1974-06-11,2026-04-26,2026-07-25
KIN-0000036,CUST-000036,Casey Johnson,Cousin,casey.johnson.868@mail.com,+1-784-628-2589,"87 Peachtree Lane, Atlanta, GA",1952-02-29,2025-11-03,2025-11-27
KIN-0000037,CUST-000037,Avery Miller,Guardian,avery.miller.797@mail.com,+1-734-170-9426,"14 Oak Street, Charlotte, NC",1945-01-25,2025-01-03,2025-04-23
KIN-0000038,CUST-000038,Riley Wilson,Guardian,riley.wilson.431@mail.com,+1-733-956-5189,"220 Palm Ave, Tampa, FL",1968-01-24,2024-12-05,2025-02-20
KIN-0000039,CUST-000039,Casey Garcia,Parent,casey.garcia.993@mail.com,+1-749-514-6394,"87 Peachtree Lane, Atlanta, GA",1968-08-30,2026-02-10,2026-06-05
KIN-0000040,CUST-000040,Alex Garcia,Guardian,alex.garcia.534@mail.com,+1-792-246-6661,"14 Oak Street, Charlotte, NC",1952-06-07,2026-07-02,2026-08-16
KIN-0000041,CUST-000041,Taylor Williams,Aunt/Uncle,taylor.williams.759@mail.com,+1-732-241-7093,"39 Harbor Drive, Charleston, SC",1950-10-17,2026-05-03,2026-07-08
KIN-0000042,CUST-000042,Morgan Davis,Guardian,morgan.davis.201@mail.com,+1-748-669-8343,"39 Harbor Drive, Charleston, SC",2007-03-25,2025-06-17,2025-06-30
KIN-0000043,CUST-000043,Casey Garcia,Aunt/Uncle,casey.garcia.112@mail.com,+1-744-451-6527,"39 Harbor Drive, Charleston, SC",1961-11-16,2026-07-10,2026-10-31
KIN-0000044,CUST-000044,Riley Brown,Guardian,riley.brown.846@mail.com,+1-788-784-7530,"87 Peachtree Lane, Atlanta, GA",2010-11-20,2024-12-06,2025-02-21
KIN-0000045,CUST-000045,Morgan Wilson,Aunt/Uncle,morgan.wilson.743@mail.com,+1-709-624-9499,"14 Oak Street, Charlotte, NC",1987-01-20,2026-07-20,2026-08-17
KIN-0000046,CUST-000046,Sam Davis,Sibling,sam.davis.559@mail.com,+1-751-609-5641,"220 Palm Ave, Tampa, FL",1987-12-02,2025-08-23,2025-10-03
KIN-0000047,CUST-000047,Avery Davis,Aunt/Uncle,avery.davis.248@mail.com,+1-745-327-2525,"87 Peachtree Lane, Atlanta, GA",1975-03-15,2025-12-06,2026-03-28
KIN-0000048,CUST-000048,Morgan Wilson,Cousin,morgan.wilson.894@mail.com,+1-747-230-3876,"87 Peachtree Lane, Atlanta, GA",2002-08-22,2025-09-14,2025-09-19
KIN-0000049,CUST-000049,Avery Wilson,Guardian,avery.wilson.97@mail.com,+1-717-717-9424,"220 Palm Ave, Tampa, FL",1948-12-18,2026-02-03,2026-04-13
KIN-0000050,CUST-000050,Jordan Davis,Aunt/Uncle,jordan.davis.932@mail.com,+1-739-583-2295,"220 Palm Ave, Tampa, FL",2013-03-16,2026-08-25,2026-10-23
KIN-0000051,CUST-000051,Alex Wilson,Aunt/Uncle,alex.wilson.919@mail.com,+1-746-565-7877,"14 Oak Street, Charlotte, NC",1958-08-06,2024-04-24,2024-06-06
KIN-0000052,CUST-000052,Casey Johnson,Aunt/Uncle,casey.johnson.12@mail.com,+1-701-697-5661,"220 Palm Ave, Tampa, FL",2003-04-01,2025-07-09,2025-09-14
KIN-0000053,CUST-000053,Morgan Brown,Spouse,morgan.brown.691@mail.com,+1-772-318-4670,"87 Peachtree Lane, Atlanta, GA",1941-11-30,2026-09-15,2026-11-25
KIN-0000054,CUST-000054,Casey Johnson,Cousin,casey.johnson.593@mail.com,+1-786-909-6150,"87 Peachtree Lane, Atlanta, GA",1972-05-21,2026-01-22,2026-03-30
KIN-0000055,CUST-000055,Taylor Jones,Child,taylor.jones.158@mail.com,+1-749-506-7647,"220 Palm Ave, Tampa, FL",1953-07-11,2024-02-11,2024-05-29
KIN-0000056,CUST-000056,Jordan Miller,Guardian,jordan.miller.141@mail.com,+1-789-366-6623,"87 Peachtree Lane, Atlanta, GA",1993-07-17,2026-09-16,2026-09-22
KIN-0000057,CUST-000057,Casey Davis,Sibling,casey.davis.588@mail.com,+1-790-942-8345,"39 Harbor Drive, Charleston, SC",1956-02-22,2025-02-17,2025-02-23
KIN-0000058,CUST-000058,Casey Brown,Cousin,casey.brown.652@mail.com,+1-708-540-2440,"39 Harbor Drive, Charleston, SC",2007-07-11,2025-07-11,2025-10-27
KIN-0000059,CUST-000059,Morgan Davis,Sibling,morgan.davis.750@mail.com,+1-799-718-4242,"39 Harbor Drive, Charleston, SC",1985-04-23,2026-04-05,2026-07-25
KIN-0000060,CUST-000060,Alex Brown,Aunt/Uncle,alex.brown.714@mail.com,+1-750-249-7863,"87 Peachtree Lane, Atlanta, GA",1981-02-17,2024-02-18,2024-05-06
KIN-0000061,CUST-000061,Morgan Brown,Aunt/Uncle,morgan.brown.508@mail.com,+1-713-841-6391,"39 Harbor Drive, Charleston, SC",1963-07-22,2025-12-17,2026-02-16
KIN-0000062,CUST-000062,Morgan Wilson,Spouse,morgan.wilson.407@mail.com,+1-763-469-8856,"220 Palm Ave, Tampa, FL",1977-11-25,2026-01-12,2026-02-18
KIN-0000063,CUST-000063,Alex Jones,Sibling,alex.jones.475@mail.com,+1-769-832-3575,"14 Oak Street, Charlotte, NC",1996-07-19,2024-08-23,2024-11-11
KIN-0000064,CUST-000064,Taylor Jones,Cousin,taylor.jones.168@mail.com,+1-734-138-7982,"87 Peachtree Lane, Atlanta, GA",1948-11-17,2024-01-05,2024-03-10
KIN-0000065,CUST-000065,Jordan Johnson,Aunt/Uncle,jordan.johnson.749@mail.com,+1-778-454-1012,"14 Oak Street, Charlotte, NC",1945-05-22,2025-11-10,2026-02-12
KIN-0000066,CUST-000066,Avery Garcia,Cousin,avery.garcia.816@mail.com,+1-728-675-8991,"87 Peachtree Lane, Atlanta, GA",1943-02-09,2026-06-18,2026-06-29
KIN-0000067,CUST-000067,Riley Johnson,Guardian,riley.johnson.967@mail.com,+1-742-453-3179,"87 Peachtree Lane, Atlanta, GA",1960-01-02,2026-05-06,2026-06-26
KIN-0000068,CUST-000068,Alex Garcia,Aunt/Uncle,alex.garcia.944@mail.com,+1-776-290-5180,"220 Palm Ave, Tampa, FL",1987-09-15,2024-10-27,2025-02-19
KIN-0000069,CUST-000069,Morgan Davis,Spouse,morgan.davis.935@mail.com,+1-762-153-9431,"220 Palm Ave, Tampa, FL",1980-04-15,2025-02-02,2025-02-05
KIN-0000070,CUST-000070,Casey Johnson,Guardian,casey.johnson.47@mail.com,+1-776-375-3572,"220 Palm Ave, Tampa, FL",1956-11-25,2024-07-07,2024-09-09
KIN-0000071,CUST-000071,Sam Brown,Aunt/Uncle,sam.brown.22@mail.com,+1-789-177-3357,"39 Harbor Drive, Charleston, SC",1983-11-10,2025-12-21,2026-03-28
KIN-0000072,CUST-000072,Jordan Wilson,Sibling,jordan.wilson.363@mail.com,+1-762-588-1677,"14 Oak Street, Charlotte, NC",1965-02-02,2024-10-24,2025-01-24
KIN-0000073,CUST-000073,Morgan Miller,Guardian,morgan.miller.146@mail.com,+1-798-491-2217,"14 Oak Street, Charlotte, NC",1994-06-20,2025-07-31,2025-09-30
KIN-0000074,CUST-000074,Alex Johnson,Child,alex.johnson.861@mail.com,+1-792-397-2790,"14 Oak Street, Charlotte, NC",1979-08-19,2025-08-20,2025-10-12
KIN-0000075,CUST-000075,Sam Wilson,Child,sam.wilson.660@mail.com,+1-772-516-5951,"220 Palm Ave, Tampa, FL",2007-02-01,2025-05-13,2025-07-09
KIN-0000076,CUST-000076,Morgan Johnson,Guardian,morgan.johnson.756@mail.com,+1-794-150-3408,"39 Harbor Drive, Charleston, SC",1996-09-04,2024-03-08,2024-03-25
KIN-0000077,CUST-000077,Casey Johnson,Spouse,casey.johnson.122@mail.com,+1-715-720-3593,"39 Harbor Drive, Charleston, SC",1964-09-07,2025-03-31,2025-05-17
KIN-0000078,CUST-000078,Riley Garcia,Guardian,riley.garcia.993@mail.com,+1-759-731-3419,"39 Harbor Drive, Charleston, SC",1993-06-05,2025-02-26,2025-03-16
KIN-0000079,CUST-000079,Morgan Williams,Guardian,morgan.williams.819@mail.com,+1-712-406-2040,"87 Peachtree Lane, Atlanta, GA",1997-10-29,2025-06-27,2025-07-02
KIN-0000080,CUST-000080,Casey Garcia,Guardian,casey.garcia.787@mail.com,+1-725-822-8659,"87 Peachtree Lane, Atlanta, GA",1984-04-02,2024-08-24,2024-09-04
KIN-0000081,CUST-000081,Morgan Miller,Aunt/Uncle,morgan.miller.544@mail.com,+1-723-979-6360,"39 Harbor Drive, Charleston, SC",1946-09-14,2025-06-15,2025-08-11
KIN-0000082,CUST-000082,Avery Garcia,Sibling,avery.garcia.387@mail.com,+1-702-224-2646,"220 Palm Ave, Tampa, FL",2006-12-24,2025-10-18,2026-01-30
KIN-0000083,CUST-000083,Morgan Miller,Guardian,morgan.miller.513@mail.com,+1-784-669-8298,"14 Oak Street, Charlotte, NC",2000-01-03,2024-11-19,2024-11-26
KIN-0000084,CUST-000084,Jordan Davis,Parent,jordan.davis.769@mail.com,+1-701-522-9239,"87 Peachtree Lane, Atlanta, GA",1975-06-22,2024-10-11,2025-01-01
KIN-0000085,CUST-000085,Riley Brown,Guardian,riley.brown.731@mail.com,+1-750-759-4291,"220 Palm Ave, Tampa, FL",1973-08-12,2026-03-06,2026-05-26
KIN-0000086,CUST-000086,Morgan Garcia,Parent,morgan.garcia.541@mail.com,+1-797-475-9719,"220 Palm Ave, Tampa, FL",1942-04-18,2025-04-23,2025-08-08
KIN-0000087,CUST-000087,Morgan Johnson,Guardian,morgan.johnson.645@mail.com,+1-719-137-4012,"87 Peachtree Lane, Atlanta, GA",1941-07-26,2026-03-28,2026-04-04
KIN-0000088,CUST-000088,Sam Davis,Cousin,sam.davis.825@mail.com,+1-722-317-2386,"87 Peachtree Lane, Atlanta, GA",2009-09-23,2024-07-04,2024-07-12
KIN-0000089,CUST-000089,Morgan Garcia,Child,morgan.garcia.230@mail.com,+1-719-518-6354,"87 Peachtree Lane, Atlanta, GA",1980-03-01,2024-04-12,2024-05-26
KIN-0000090,CUST-000090,Riley Jones,Cousin,riley.jones.324@mail.com,+1-766-127-7158,"39 Harbor Drive, Charleston, SC",1971-03-11,2025-05-29,2025-07-01
KIN-0000091,CUST-000091,Sam Johnson,Guardian,sam.johnson.856@mail.com,+1-776-280-5402,"87 Peachtree Lane, Atlanta, GA",1954-04-27,2026-08-21,2026-09-01
KIN-0000092,CUST-000092,Casey Johnson,Parent,casey.johnson.199@mail.com,+1-709-822-5572,"220 Palm Ave, Tampa, FL",1950-06-15,2024-09-04,2024-09-27
KIN-0000093,CUST-000093,Sam Miller,Child,sam.miller.37@mail.com,+1-764-367-3835,"14 Oak Street, Charlotte, NC",1995-06-30,2025-06-02,2025-09-14
KIN-0000094,CUST-000094,Jordan Miller,Spouse,jordan.miller.626@mail.com,+1-708-556-1193,"39 Harbor Drive, Charleston, SC",2011-05-27,2024-04-22,2024-07-23
KIN-0000095,CUST-000095,Sam Jones,Aunt/Uncle,sam.jones.530@mail.com,+1-732-658-7655,"14 Oak Street, Charlotte, NC",2008-07-08,2025-12-01,2026-01-20
KIN-0000096,CUST-000096,Alex Jones,Aunt/Uncle,alex.jones.133@mail.com,+1-770-111-9212,"14 Oak Street, Charlotte, NC",1998-11-13,2025-01-30,2025-03-03
KIN-0000097,CUST-000097,Jordan Garcia,Cousin,jordan.garcia.986@mail.com,+1-774-141-9301,"87 Peachtree Lane, Atlanta, GA",1978-12-19,2024-04-22,2024-05-18
KIN-0000098,CUST-000098,Casey Jones,Child,casey.jones.755@mail.com,+1-719-156-2324,"87 Peachtree Lane, Atlanta, GA",1966-07-30,2025-05-25,2025-06-12
KIN-0000099,CUST-000099,Avery Davis,Child,avery.davis.998@mail.com,+1-776-226-6307,"14 Oak Street, Charlotte, NC",1972-04-26,2024-11-30,2024-12-30
KIN-0000100,CUST-000100,Riley Jones,Guardian,riley.jones.103@mail.com,+1-788-195-4467,"39 Harbor Drive, Charleston, SC",2012-12-17,2026-04-24,2026-04-26
KIN-0000101,CUST-000101,Alex Garcia,Parent,alex.garcia.774@mail.com,+1-761-359-6616,"220 Palm Ave, Tampa, FL",2009-12-19,2024-08-31,2024-09-29
KIN-0000102,CUST-000102,Jordan Garcia,Sibling,jordan.garcia.925@mail.com,+1-764-736-5039,"39 Harbor Drive, Charleston, SC",2000-12-21,2025-11-16,2026-03-13
KIN-0000103,CUST-000103,Avery Williams,Cousin,avery.williams.847@mail.com,+1-752-892-5036,"220 Palm Ave, Tampa, FL",1946-07-17,2026-07-23,2026-09-05
KIN-0000104,CUST-000104,Taylor Brown,Aunt/Uncle,taylor.brown.26@mail.com,+1-731-683-9951,"39 Harbor Drive, Charleston, SC",1964-10-30,2025-12-15,2026-01-14
KIN-0000105,CUST-000105,Casey Johnson,Parent,casey.johnson.506@mail.com,+1-746-593-9450,"14 Oak Street, Charlotte, NC",1971-02-05,2024-05-18,2024-09-08
KIN-0000106,CUST-000106,Avery Davis,Spouse,avery.davis.220@mail.com,+1-707-419-4252,"87 Peachtree Lane, Atlanta, GA",2000-10-13,2024-07-08,2024-08-28
KIN-0000107,CUST-000107,Riley Wilson,Guardian,riley.wilson.536@mail.com,+1-739-539-2149,"220 Palm Ave, Tampa, FL",1965-04-13,2025-09-14,2025-12-24
KIN-0000108,CUST-000108,Casey Garcia,Parent,casey.garcia.101@mail.com,+1-749-214-7469,"39 Harbor Drive, Charleston, SC",1990-06-15,2025-08-15,2025-08-27
KIN-0000109,CUST-000109,Jordan Miller,Cousin,jordan.miller.798@mail.com,+1-732-569-5558,"39 Harbor Drive, Charleston, SC",1949-03-12,2026-05-06,2026-07-16
KIN-0000110,CUST-000110,Sam Williams,Parent,sam.williams.653@mail.com,+1-708-794-9893,"39 Harbor Drive, Charleston, SC",1961-08-11,2026-02-15,2026-02-24
KIN-0000111,CUST-000111,Riley Garcia,Guardian,riley.garcia.586@mail.com,+1-708-493-5128,"87 Peachtree Lane, Atlanta, GA",1994-04-23,2026-07-11,2026-10-28
KIN-0000112,CUST-000112,Casey Williams,Aunt/Uncle,casey.williams.74@mail.com,+1-757-895-3548,"87 Peachtree Lane, Atlanta, GA",1994-02-10,2026-09-15,2026-12-23
KIN-0000113,CUST-000113,Casey Jones,Spouse,casey.jones.692@mail.com,+1-796-802-7094,"220 Palm Ave, Tampa, FL",1954-08-24,2024-11-15,2025-01-17
KIN-0000114,CUST-000114,Taylor Williams,Aunt/Uncle,taylor.williams.986@mail.com,+1-722-249-9534,"39 Harbor Drive, Charleston, SC",1983-10-07,2024-08-05,2024-09-14
KIN-0000115,CUST-000115,Sam Davis,Sibling,sam.davis.572@mail.com,+1-701-942-2859,"14 Oak Street, Charlotte, NC",1975-08-31,2024-03-19,2024-06-30
KIN-0000116,CUST-000116,Sam Miller,Cousin,sam.miller.274@mail.com,+1-709-340-6926,"14 Oak Street, Charlotte, NC",1948-10-27,2024-01-20,2024-02-12
KIN-0000117,CUST-000117,Sam Garcia,Parent,sam.garcia.890@mail.com,+1-789-144-1940,"87 Peachtree Lane, Atlanta, GA",2013-03-30,2025-12-11,2025-12-25
KIN-0000118,CUST-000118,Alex Miller,Cousin,alex.miller.935@mail.com,+1-718-139-4345,"220 Palm Ave, Tampa, FL",1991-05-25,2026-06-12,2026-07-11
KIN-0000119,CUST-000119,Riley Johnson,Guardian,riley.johnson.668@mail.com,+1-705-665-4357,"220 Palm Ave, Tampa, FL",1999-08-09,2024-05-06,2024-07-01
KIN-0000120,CUST-000120,Sam Johnson,Sibling,sam.johnson.552@mail.com,+1-709-511-9726,"14 Oak Street, Charlotte, NC",1977-12-31,2024-06-22,2024-08-31
KIN-0000121,CUST-000121,Riley Miller,Aunt/Uncle,riley.miller.156@mail.com,+1-740-151-7896,"87 Peachtree Lane, Atlanta, GA",1942-01-13,2026-09-22,2027-01-07
KIN-0000122,CUST-000122,Riley Garcia,Cousin,riley.garcia.237@mail.com,+1-717-629-2347,"87 Peachtree Lane, Atlanta, GA",1949-10-14,2026-09-24,2026-12-16
KIN-0000123,CUST-000123,Morgan Davis,Sibling,morgan.davis.230@mail.com,+1-728-435-7445,"220 Palm Ave, Tampa, FL",1977-09-09,2024-05-07,2024-07-09
KIN-0000124,CUST-000124,Casey Jones,Guardian,casey.jones.862@mail.com,+1-790-783-7538,"220 Palm Ave, Tampa, FL",1994-11-29,2025-06-22,2025-07-30
KIN-0000125,CUST-000125,Alex Miller,Spouse,alex.miller.585@mail.com,+1-751-593-8305,"220 Palm Ave, Tampa, FL",2001-11-04,2024-02-20,2024-05-17
KIN-0000126,CUST-000126,Sam Jones,Sibling,sam.jones.144@mail.com,+1-736-282-5628,"39 Harbor Drive, Charleston, SC",1949-01-30,2024-10-22,2024-11-23
KIN-0000127,CUST-000127,Sam Brown,Parent,sam.brown.275@mail.com,+1-785-612-5596,"14 Oak Street, Charlotte, NC",1985-07-28,2024-01-19,2024-05-09
KIN-0000128,CUST-000128,Morgan Johnson,Spouse,morgan.johnson.887@mail.com,+1-720-298-6886,"87 Peachtree Lane, Atlanta, GA",2006-08-17,2024-08-20,2024-09-08
KIN-0000129,CUST-000129,Taylor Williams,Guardian,taylor.williams.262@mail.com,+1-784-174-3901,"39 Harbor Drive, Charleston, SC",1988-05-23,2025-09-05,2025-12-11
KIN-0000130,CUST-000130,Riley Jones,Aunt/Uncle,riley.jones.793@mail.com,+1-755-970-9522,"87 Peachtree Lane, Atlanta, GA",1997-03-15,2025-02-01,2025-02-25
KIN-0000131,CUST-000131,Morgan Garcia,Sibling,morgan.garcia.54@mail.com,+1-789-174-3866,"220 Palm Ave, Tampa, FL",1990-02-09,2025-07-23,2025-10-22
KIN-0000132,CUST-000132,Avery Brown,Sibling,avery.brown.247@mail.com,+1-742-154-7422,"39 Harbor Drive, Charleston, SC",1963-11-11,2025-02-24,2025-03-31
KIN-0000133,CUST-000133,Morgan Jones,Child,morgan.jones.463@mail.com,+1-793-814-4515,"14 Oak Street, Charlotte, NC",1942-12-24,2024-01-13,2024-02-24
KIN-0000134,CUST-000134,Sam Brown,Aunt/Uncle,sam.brown.747@mail.com,+1-775-641-1628,"87 Peachtree Lane, Atlanta, GA",2002-03-04,2025-02-13,2025-05-09
KIN-0000135,CUST-000135,Alex Garcia,Sibling,alex.garcia.75@mail.com,+1-702-307-2907,"87 Peachtree Lane, Atlanta, GA",1978-01-03,2025-01-31,2025-03-23
KIN-0000136,CUST-000136,Alex Johnson,Guardian,alex.johnson.820@mail.com,+1-773-733-1737,"14 Oak Street, Charlotte, NC",1988-07-19,2026-08-23,2026-09-09
KIN-0000137,CUST-000137,Jordan Brown,Cousin,jordan.brown.717@mail.com,+1-761-881-1057,"39 Harbor Drive, Charleston, SC",1944-07-12,2026-05-12,2026-08-07
KIN-0000138,CUST-000138,Jordan Williams,Cousin,jordan.williams.471@mail.com,+1-704-531-3930,"39 Harbor Drive, Charleston, SC",1991-05-20,2025-04-16,2025-05-27
KIN-0000139,CUST-000139,Jordan Davis,Aunt/Uncle,jordan.davis.508@mail.com,+1-732-206-2671,"87 Peachtree Lane, Atlanta, GA",1985-11-16,2025-01-15,2025-03-05
KIN-0000140,CUST-000140,Riley Miller,Spouse,riley.miller.13@mail.com,+1-722-166-8007,"220 Palm Ave, Tampa, FL",1981-08-01,2026-01-14,2026-04-13
KIN-0000141,CUST-000141,Jordan Johnson,Child,jordan.johnson.484@mail.com,+1-749-687-7587,"14 Oak Street, Charlotte, NC",1951-03-30,2025-07-26,2025-09-20
KIN-0000142,CUST-000142,Casey Garcia,Child,casey.garcia.377@mail.com,+1-793-613-1254,"14 Oak Street, Charlotte, NC",2009-07-09,2026-05-19,2026-05-26
KIN-0000143,CUST-000143,Morgan Wilson,Guardian,morgan.wilson.869@mail.com,+1-700-910-6267,"14 Oak Street, Charlotte, NC",1946-07-08,2024-07-24,2024-11-15
KIN-0000144,CUST-000144,Casey Davis,Parent,casey.davis.365@mail.com,+1-715-988-6647,"87 Peachtree Lane, Atlanta, GA",1990-03-08,2026-09-10,2026-10-04
KIN-0000145,CUST-000145,Casey Wilson,Parent,casey.wilson.721@mail.com,+1-702-949-1172,"220 Palm Ave, Tampa, FL",1947-09-23,2026-06-10,2026-07-20
KIN-0000146,CUST-000146,Morgan Brown,Cousin,morgan.brown.35@mail.com,+1-712-843-4539,"14 Oak Street, Charlotte, NC",1961-03-22,2025-09-03,2025-11-04
KIN-0000147,CUST-000147,Riley Jones,Guardian,riley.jones.858@mail.com,+1-799-385-4794,"39 Harbor Drive, Charleston, SC",1947-10-07,2025-02-14,2025-04-09
KIN-0000148,CUST-000148,Avery Davis,Spouse,avery.davis.708@mail.com,+1-781-761-2757,"39 Harbor Drive, Charleston, SC",2008-02-19,2026-07-28,2026-11-14
KIN-0000149,CUST-000149,Alex Garcia,Guardian,alex.garcia.326@mail.com,+1-771-291-9867,"220 Palm Ave, Tampa, FL",1968-11-28,2025-01-13,2025-04-15
KIN-0000150,CUST-000150,Sam Wilson,Parent,sam.wilson.716@mail.com,+1-799-748-1937,"87 Peachtree Lane, Atlanta, GA",1942-10-18,2024-06-12,2024-07-15
KIN-0000151,CUST-000151,Avery Garcia,Cousin,avery.garcia.987@mail.com,+1-758-153-3440,"14 Oak Street, Charlotte, NC",1954-08-14,2026-08-16,2026-09-19
KIN-0000152,CUST-000152,Morgan Jones,Child,morgan.jones.227@mail.com,+1-738-606-1241,"220 Palm Ave, Tampa, FL",1964-08-05,2026-01-26,2026-05-05
KIN-0000153,CUST-000153,Jordan Wilson,Aunt/Uncle,jordan.wilson.479@mail.com,+1-767-234-4169,"87 Peachtree Lane, Atlanta, GA",1962-09-04,2024-07-21,2024-08-22
KIN-0000154,CUST-000154,Morgan Wilson,Parent,morgan.wilson.586@mail.com,+1-700-882-3487,"14 Oak Street, Charlotte, NC",1957-11-13,2025-04-15,2025-07-03
KIN-0000155,CUST-000155,Morgan Jones,Parent,morgan.jones.859@mail.com,+1-704-343-6775,"87 Peachtree Lane, Atlanta, GA",1972-12-05,2025-04-28,2025-06-13
KIN-0000156,CUST-000156,Casey Williams,Guardian,casey.williams.616@mail.com,+1-769-913-6263,"39 Harbor Drive, Charleston, SC",1950-10-26,2025-05-12,2025-07-14
KIN-0000157,CUST-000157,Jordan Garcia,Guardian,jordan.garcia.509@mail.com,+1-791-136-4629,"14 Oak Street, Charlotte, NC",2007-01-31,2024-10-22,2025-02-13
KIN-0000158,CUST-000158,Alex Garcia,Spouse,alex.garcia.55@mail.com,+1-759-114-1184,"39 Harbor Drive, Charleston, SC",1996-12-17,2026-06-24,2026-09-04
KIN-0000159,CUST-000159,Riley Brown,Child,riley.brown.221@mail.com,+1-749-774-8821,"220 Palm Ave, Tampa, FL",1963-11-11,2026-08-14,2026-11-16
KIN-0000160,CUST-000160,Morgan Garcia,Cousin,morgan.garcia.925@mail.com,+1-717-738-7630,"14 Oak Street, Charlotte, NC",1993-12-07,2024-11-01,2024-12-30
KIN-0000161,CUST-000161,Sam Wilson,Child,sam.wilson.864@mail.com,+1-793-822-8512,"14 Oak Street, Charlotte, NC",1957-12-30,2024-04-07,2024-04-11
KIN-0000162,CUST-000162,Alex Williams,Sibling,alex.williams.688@mail.com,+1-706-770-9786,"220 Palm Ave, Tampa, FL",1994-09-11,2025-06-28,2025-09-01
KIN-0000163,CUST-000163,Morgan Brown,Child,morgan.brown.833@mail.com,+1-702-621-6163,"39 Harbor Drive, Charleston, SC",1987-06-04,2024-06-09,2024-08-29
KIN-0000164,CUST-000164,Alex Jones,Guardian,alex.jones.803@mail.com,+1-741-291-8621,"220 Palm Ave, Tampa, FL",2002-03-18,2026-01-08,2026-04-09
KIN-0000165,CUST-000165,Alex Jones,Parent,alex.jones.40@mail.com,+1-720-651-2725,"14 Oak Street, Charlotte, NC",2009-10-09,2025-02-10,2025-04-21
KIN-0000166,CUST-000166,Taylor Davis,Guardian,taylor.davis.731@mail.com,+1-797-161-9603,"87 Peachtree Lane, Atlanta, GA",2008-05-13,2024-07-26,2024-07-27
KIN-0000167,CUST-000167,Casey Williams,Aunt/Uncle,casey.williams.37@mail.com,+1-740-201-2901,"39 Harbor Drive, Charleston, SC",1979-11-03,2026-06-18,2026-08-07
KIN-0000168,CUST-000168,Alex Davis,Spouse,alex.davis.566@mail.com,+1-726-952-3840,"87 Peachtree Lane, Atlanta, GA",1980-07-08,2026-04-29,2026-05-02
KIN-0000169,CUST-000169,Morgan Wilson,Guardian,morgan.wilson.102@mail.com,+1-741-118-4143,"87 Peachtree Lane, Atlanta, GA",1946-10-03,2025-03-27,2025-06-21
KIN-0000170,CUST-000170,Taylor Jones,Cousin,taylor.jones.177@mail.com,+1-781-697-3977,"39 Harbor Drive, Charleston, SC",1954-07-08,2026-05-04,2026-06-07
KIN-0000171,CUST-000171,Sam Miller,Child,sam.miller.359@mail.com,+1-744-231-3906,"39 Harbor Drive, Charleston, SC",1975-01-22,2025-06-16,2025-10-11
KIN-0000172,CUST-000172,Alex Davis,Aunt/Uncle,alex.davis.624@mail.com,+1-787-841-8210,"87 Peachtree Lane, Atlanta, GA",1958-08-16,2024-06-10,2024-07-29
KIN-0000173,CUST-000173,Taylor Brown,Sibling,taylor.brown.317@mail.com,+1-752-413-7381,"220 Palm Ave, Tampa, FL",1967-03-12,2026-02-19,2026-03-04
KIN-0000174,CUST-000174,Alex Miller,Aunt/Uncle,alex.miller.69@mail.com,+1-752-388-9292,"39 Harbor Drive, Charleston, SC",2009-08-15,2025-05-07,2025-08-03
KIN-0000175,CUST-000175,Casey Garcia,Aunt/Uncle,casey.garcia.582@mail.com,+1-709-827-4282,"220 Palm Ave, Tampa, FL",2007-04-17,2025-06-22,2025-10-16
KIN-0000176,CUST-000176,Sam Jones,Cousin,sam.jones.628@mail.com,+1-795-596-2287,"87 Peachtree Lane, Atlanta, GA",1958-01-13,2024-05-06,2024-06-19
KIN-0000177,CUST-000177,Jordan Miller,Parent,jordan.miller.959@mail.com,+1-794-365-2456,"87 Peachtree Lane, Atlanta, GA",1966-04-08,2026-08-15,2026-10-27
KIN-0000178,CUST-000178,Casey Miller,Aunt/Uncle,casey.miller.658@mail.com,+1-777-132-6571,"39 Harbor Drive, Charleston, SC",1975-04-06,2024-07-27,2024-10-02
KIN-0000179,CUST-000179,Casey Garcia,Sibling,casey.garcia.993@mail.com,+1-708-243-2858,"87 Peachtree Lane, Atlanta, GA",1981-09-06,2024-04-29,2024-07-14
KIN-0000180,CUST-000180,Sam Brown,Parent,sam.brown.548@mail.com,+1-732-922-6055,"87 Peachtree Lane, Atlanta, GA",1943-03-29,2025-09-02,2025-12-01
KIN-0000181,CUST-000181,Morgan Davis,Cousin,morgan.davis.303@mail.com,+1-772-165-4997,"87 Peachtree Lane, Atlanta, GA",2010-09-25,2025-06-18,2025-08-13
KIN-0000182,CUST-000182,Taylor Brown,Sibling,taylor.brown.784@mail.com,+1-721-156-3189,"39 Harbor Drive, Charleston, SC",2007-09-04,2026-04-01,2026-05-26
KIN-0000183,CUST-000183,Riley Wilson,Spouse,riley.wilson.919@mail.com,+1-756-407-8441,"87 Peachtree Lane, Atlanta, GA",1944-11-06,2024-06-02,2024-07-03
KIN-0000184,CUST-000184,Riley Johnson,Parent,riley.johnson.787@mail.com,+1-770-915-8363,"220 Palm Ave, Tampa, FL",1958-09-12,2024-02-20,2024-03-17
KIN-0000185,CUST-000185,Morgan Garcia,Sibling,morgan.garcia.110@mail.com,+1-767-340-6755,"87 Peachtree Lane, Atlanta, GA",1986-09-22,2025-09-17,2025-11-16
KIN-0000186,CUST-000186,Alex Brown,Cousin,alex.brown.827@mail.com,+1-784-394-5493,"39 Harbor Drive, Charleston, SC",1968-05-01,2024-07-31,2024-10-13
KIN-0000187,CUST-000187,Casey Jones,Guardian,casey.jones.670@mail.com,+1-748-948-8169,"39 Harbor Drive, Charleston, SC",1991-07-03,2025-10-03,2025-11-04
KIN-0000188,CUST-000188,Morgan Williams,Cousin,morgan.williams.679@mail.com,+1-707-272-2672,"87 Peachtree Lane, Atlanta, GA",1967-09-16,2024-10-09,2024-11-07
KIN-0000189,CUST-000189,Sam Williams,Cousin,sam.williams.293@mail.com,+1-776-270-6219,"87 Peachtree Lane, Atlanta, GA",1952-04-19,2024-05-09,2024-05-21
KIN-0000190,CUST-000190,Avery Miller,Spouse,avery.miller.186@mail.com,+1-783-662-4135,"14 Oak Street, Charlotte, NC",2009-07-12,2025-01-29,2025-04-14
KIN-0000191,CUST-000191,Jordan Williams,Parent,jordan.williams.200@mail.com,+1-775-587-2290,"14 Oak Street, Charlotte, NC",1979-07-22,2025-12-30,2026-02-15
KIN-0000192,CUST-000192,Morgan Jones,Guardian,morgan.jones.368@mail.com,+1-784-524-2008,"87 Peachtree Lane, Atlanta, GA",1951-01-24,2025-08-25,2025-09-02
KIN-0000193,CUST-000193,Riley Wilson,Guardian,riley.wilson.701@mail.com,+1-702-677-7314,"14 Oak Street, Charlotte, NC",1967-05-29,2026-08-11,2026-11-01
KIN-0000194,CUST-000194,Avery Johnson,Child,avery.johnson.619@mail.com,+1-706-509-4343,"39 Harbor Drive, Charleston, SC",2004-09-03,2025-11-11,2025-12-11
KIN-0000195,CUST-000195,Alex Jones,Spouse,alex.jones.983@mail.com,+1-769-523-2108,"14 Oak Street, Charlotte, NC",1994-11-25,2025-03-27,2025-05-26
KIN-0000196,CUST-000196,Casey Davis,Cousin,casey.davis.592@mail.com,+1-705-837-8629,"39 Harbor Drive, Charleston, SC",1998-08-13,2026-09-22,2026-09-24
KIN-0000197,CUST-000197,Morgan Garcia,Sibling,morgan.garcia.106@mail.com,+1-710-981-8737,"220 Palm Ave, Tampa, FL",1959-03-13,2025-10-24,2025-10-25
KIN-0000198,CUST-000198,Taylor Jones,Aunt/Uncle,taylor.jones.996@mail.com,+1-788-847-1629,"87 Peachtree Lane, Atlanta, GA",1953-07-19,2025-01-02,2025-03-11
KIN-0000199,CUST-000199,Alex Williams,Cousin,alex.williams.216@mail.com,+1-740-199-6222,"87 Peachtree Lane, Atlanta, GA",1982-01-21,2025-07-18,2025-10-16
KIN-0000200,CUST-000200,Sam Williams,Cousin,sam.williams.60@mail.com,+1-789-189-2276,"87 Peachtree Lane, Atlanta, GA",1965-12-08,2026-06-29,2026-08-25
KIN-0000201,CUST-000201,Sam Garcia,Parent,sam.garcia.330@mail.com,+1-711-201-9034,"14 Oak Street, Charlotte, NC",1988-07-10,2024-12-09,2025-02-09
KIN-0000202,CUST-000202,Casey Johnson,Child,casey.johnson.135@mail.com,+1-717-657-4713,"220 Palm Ave, Tampa, FL",2001-12-22,2024-05-06,2024-05-11
KIN-0000203,CUST-000203,Alex Garcia,Parent,alex.garcia.384@mail.com,+1-762-414-3545,"87 Peachtree Lane, Atlanta, GA",1967-07-22,2025-10-20,2025-10-27
KIN-0000204,CUST-000204,Sam Garcia,Cousin,sam.garcia.939@mail.com,+1-702-229-1636,"87 Peachtree Lane, Atlanta, GA",1958-12-25,2024-11-23,2024-12-16
KIN-0000205,CUST-000205,Morgan Miller,Aunt/Uncle,morgan.miller.106@mail.com,+1-790-738-6755,"220 Palm Ave, Tampa, FL",1985-05-28,2026-05-14,2026-08-22
KIN-0000206,CUST-000206,Sam Johnson,Parent,sam.johnson.792@mail.com,+1-785-876-8431,"87 Peachtree Lane, Atlanta, GA",2010-04-30,2024-05-09,2024-05-31
KIN-0000207,CUST-000207,Morgan Wilson,Guardian,morgan.wilson.189@mail.com,+1-766-276-5250,"14 Oak Street, Charlotte, NC",1955-12-22,2024-10-11,2024-11-24
KIN-0000208,CUST-000208,Sam Johnson,Aunt/Uncle,sam.johnson.750@mail.com,+1-729-328-5530,"14 Oak Street, Charlotte, NC",2004-02-01,2024-07-22,2024-11-05
KIN-0000209,CUST-000209,Riley Williams,Parent,riley.williams.449@mail.com,+1-759-399-1115,"220 Palm Ave, Tampa, FL",1989-01-10,2025-12-05,2026-03-26
KIN-0000210,CUST-000210,Avery Johnson,Cousin,avery.johnson.722@mail.com,+1-750-352-8627,"14 Oak Street, Charlotte, NC",1945-03-25,2024-09-13,2024-10-08
KIN-0000211,CUST-000211,Morgan Davis,Aunt/Uncle,morgan.davis.497@mail.com,+1-730-340-2932,"14 Oak Street, Charlotte, NC",2000-12-25,2026-09-07,2026-12-05
KIN-0000212,CUST-000212,Taylor Garcia,Aunt/Uncle,taylor.garcia.144@mail.com,+1-767-380-2912,"39 Harbor Drive, Charleston, SC",1955-10-26,2024-01-24,2024-02-20
KIN-0000213,CUST-000213,Jordan Brown,Child,jordan.brown.269@mail.com,+1-753-698-4949,"87 Peachtree Lane, Atlanta, GA",2010-12-08,2025-09-04,2025-10-26
KIN-0000214,CUST-000214,Morgan Jones,Guardian,morgan.jones.272@mail.com,+1-787-575-3857,"220 Palm Ave, Tampa, FL",1969-09-25,2026-05-07,2026-08-17
KIN-0000215,CUST-000215,Jordan Garcia,Aunt/Uncle,jordan.garcia.152@mail.com,+1-751-935-4165,"220 Palm Ave, Tampa, FL",1996-06-03,2025-05-06,2025-08-17
KIN-0000216,CUST-000216,Morgan Williams,Aunt/Uncle,morgan.williams.608@mail.com,+1-704-513-3359,"87 Peachtree Lane, Atlanta, GA",2005-08-23,2024-09-02,2024-10-02
KIN-0000217,CUST-000217,Morgan Miller,Parent,morgan.miller.215@mail.com,+1-703-117-2154,"39 Harbor Drive, Charleston, SC",1994-04-17,2026-04-26,2026-08-06
KIN-0000218,CUST-000218,Casey Miller,Aunt/Uncle,casey.miller.917@mail.com,+1-703-207-8154,"39 Harbor Drive, Charleston, SC",1976-07-29,2026-02-06,2026-05-03
KIN-0000219,CUST-000219,Casey Jones,Cousin,casey.jones.894@mail.com,+1-793-280-6885,"14 Oak Street, Charlotte, NC",1943-01-29,2025-04-03,2025-04-11
KIN-0000220,CUST-000220,Avery Wilson,Child,avery.wilson.548@mail.com,+1-712-368-8576,"220 Palm Ave, Tampa, FL",1970-06-05,2024-10-17,2025-01-11
KIN-0000221,CUST-000221,Jordan Wilson,Child,jordan.wilson.233@mail.com,+1-798-559-3407,"87 Peachtree Lane, Atlanta, GA",2004-12-14,2025-02-15,2025-04-01
KIN-0000222,CUST-000222,Riley Miller,Spouse,riley.miller.566@mail.com,+1-782-963-4261,"87 Peachtree Lane, Atlanta, GA",1976-08-17,2026-05-14,2026-08-06
KIN-0000223,CUST-000223,Jordan Johnson,Aunt/Uncle,jordan.johnson.634@mail.com,+1-731-344-5929,"87 Peachtree Lane, Atlanta, GA",2009-08-27,2024-12-03,2025-01-10
KIN-0000224,CUST-000224,Jordan Williams,Aunt/Uncle,jordan.williams.989@mail.com,+1-704-511-4612,"220 Palm Ave, Tampa, FL",2010-08-02,2024-05-18,2024-05-28
KIN-0000225,CUST-000225,Alex Miller,Parent,alex.miller.353@mail.com,+1-794-991-2453,"14 Oak Street, Charlotte, NC",1973-01-31,2025-01-26,2025-04-04
KIN-0000226,CUST-000226,Riley Wilson,Parent,riley.wilson.545@mail.com,+1-731-179-7511,"87 Peachtree Lane, Atlanta, GA",1974-12-01,2024-06-03,2024-06-23
KIN-0000227,CUST-000227,Casey Wilson,Child,casey.wilson.66@mail.com,+1-765-929-5979,"87 Peachtree Lane, Atlanta, GA",2000-04-02,2026-07-25,2026-09-26
KIN-0000228,CUST-000228,Casey Brown,Sibling,casey.brown.467@mail.com,+1-793-516-9515,"14 Oak Street, Charlotte, NC",1970-05-12,2024-05-18,2024-06-18
KIN-0000229,CUST-000229,Morgan Jones,Cousin,morgan.jones.503@mail.com,+1-734-897-9855,"14 Oak Street, Charlotte, NC",1965-12-07,2026-06-07,2026-06-12
KIN-0000230,CUST-000230,Alex Jones,Spouse,alex.jones.512@mail.com,+1-739-643-4808,"87 Peachtree Lane, Atlanta, GA",1986-08-18,2026-04-15,2026-05-02
KIN-0000231,CUST-000231,Morgan Brown,Sibling,morgan.brown.641@mail.com,+1-759-347-7297,"87 Peachtree Lane, Atlanta, GA",1954-05-30,2025-07-08,2025-10-20
KIN-0000232,CUST-000232,Sam Davis,Child,sam.davis.654@mail.com,+1-782-885-8211,"14 Oak Street, Charlotte, NC",1971-11-17,2025-11-19,2025-12-22
KIN-0000233,CUST-000233,Jordan Garcia,Sibling,jordan.garcia.197@mail.com,+1-704-387-5540,"14 Oak Street, Charlotte, NC",1956-05-26,2026-09-30,2026-11-04
KIN-0000234,CUST-000234,Sam Miller,Parent,sam.miller.973@mail.com,+1-764-729-2989,"220 Palm Ave, Tampa, FL",1960-07-16,2024-04-05,2024-05-22
KIN-0000235,CUST-000235,Riley Williams,Cousin,riley.williams.204@mail.com,+1-718-886-4875,"14 Oak Street, Charlotte, NC",1976-07-30,2024-11-15,2025-01-19
KIN-0000236,CUST-000236,Taylor Garcia,Cousin,taylor.garcia.687@mail.com,+1-765-298-9454,"220 Palm Ave, Tampa, FL",1951-06-15,2024-02-21,2024-04-05
KIN-0000237,CUST-000237,Sam Johnson,Cousin,sam.johnson.373@mail.com,+1-755-844-6582,"220 Palm Ave, Tampa, FL",1950-05-22,2026-03-01,2026-05-06
KIN-0000238,CUST-000238,Riley Jones,Child,riley.jones.998@mail.com,+1-711-995-8468,"14 Oak Street, Charlotte, NC",1953-09-11,2025-02-22,2025-03-20
KIN-0000239,CUST-000239,Riley Miller,Guardian,riley.miller.511@mail.com,+1-785-528-6727,"220 Palm Ave, Tampa, FL",1994-03-13,2026-03-15,2026-05-27
KIN-0000240,CUST-000240,Avery Wilson,Spouse,avery.wilson.624@mail.com,+1-722-893-5015,"39 Harbor Drive, Charleston, SC",1983-01-31,2026-06-15,2026-07-29
KIN-0000241,CUST-000241,Casey Davis,Parent,casey.davis.565@mail.com,+1-744-863-2222,"87 Peachtree Lane, Atlanta, GA",2005-08-29,2024-04-06,2024-05-23
KIN-0000242,CUST-000242,Sam Williams,Spouse,sam.williams.445@mail.com,+1-705-301-4605,"87 Peachtree Lane, Atlanta, GA",1958-02-13,2024-03-08,2024-05-29
KIN-0000243,CUST-000243,Alex Williams,Child,alex.williams.883@mail.com,+1-710-666-9809,"39 Harbor Drive, Charleston, SC",1964-04-02,2025-03-14,2025-05-21
KIN-0000244,CUST-000244,Alex Garcia,Child,alex.garcia.497@mail.com,+1-757-272-1672,"14 Oak Street, Charlotte, NC",1974-04-07,2025-10-16,2025-12-04
KIN-0000245,CUST-000245,Casey Miller,Child,casey.miller.975@mail.com,+1-776-427-2369,"39 Harbor Drive, Charleston, SC",1972-07-29,2024-05-27,2024-08-01
KIN-0000246,CUST-000246,Alex Jones,Guardian,alex.jones.532@mail.com,+1-774-117-6746,"87 Peachtree Lane, Atlanta, GA",1947-12-12,2025-06-25,2025-07-23
KIN-0000247,CUST-000247,Riley Williams,Cousin,riley.williams.145@mail.com,+1-721-754-3119,"87 Peachtree Lane, Atlanta, GA",1991-02-24,2025-01-31,2025-03-22
KIN-0000248,CUST-000248,Alex Wilson,Parent,alex.wilson.879@mail.com,+1-778-260-1079,"14 Oak Street, Charlotte, NC",1992-07-22,2026-01-25,2026-03-31
KIN-0000249,CUST-000249,Avery Wilson,Aunt/Uncle,avery.wilson.634@mail.com,+1-720-275-1500,"87 Peachtree Lane, Atlanta, GA",2010-07-14,2026-01-23,2026-03-24
KIN-0000250,CUST-000250,Avery Williams,Cousin,avery.williams.905@mail.com,+1-763-663-6434,"14 Oak Street, Charlotte, NC",2007-01-19,2024-08-08,2024-08-21
KIN-0000251,CUST-000251,Riley Johnson,Spouse,riley.johnson.625@mail.com,+1-794-237-5613,"220 Palm Ave, Tampa, FL",1948-08-10,2024-04-29,2024-07-09
KIN-0000252,CUST-000252,Morgan Garcia,Guardian,morgan.garcia.541@mail.com,+1-730-710-4421,"14 Oak Street, Charlotte, NC",1964-10-03,2024-06-25,2024-08-22
KIN-0000253,CUST-000253,Morgan Miller,Aunt/Uncle,morgan.miller.649@mail.com,+1-780-438-7438,"14 Oak Street, Charlotte, NC",1980-06-05,2026-09-21,2026-11-13
KIN-0000254,CUST-000254,Morgan Miller,Spouse,morgan.miller.221@mail.com,+1-771-547-9499,"39 Harbor Drive, Charleston, SC",2010-09-07,2025-03-26,2025-07-18
KIN-0000255,CUST-000255,Jordan Williams,Cousin,jordan.williams.187@mail.com,+1-748-542-9465,"220 Palm Ave, Tampa, FL",1954-01-19,2026-09-06,2026-10-22
KIN-0000256,CUST-000256,Sam Garcia,Aunt/Uncle,sam.garcia.774@mail.com,+1-780-197-6657,"87 Peachtree Lane, Atlanta, GA",1954-09-04,2024-08-09,2024-10-26
KIN-0000257,CUST-000257,Morgan Miller,Guardian,morgan.miller.373@mail.com,+1-771-758-7584,"220 Palm Ave, Tampa, FL",1983-01-23,2026-01-07,2026-01-15
KIN-0000258,CUST-000258,Sam Johnson,Spouse,sam.johnson.422@mail.com,+1-785-315-4546,"14 Oak Street, Charlotte, NC",1975-02-03,2025-07-07,2025-09-16
KIN-0000259,CUST-000259,Alex Brown,Parent,alex.brown.76@mail.com,+1-797-935-7147,"220 Palm Ave, Tampa, FL",1945-10-03,2024-01-27,2024-02-17
KIN-0000260,CUST-000260,Sam Wilson,Parent,sam.wilson.393@mail.com,+1-739-160-6696,"39 Harbor Drive, Charleston, SC",1971-04-20,2025-05-03,2025-08-02
KIN-0000261,CUST-000261,Jordan Jones,Sibling,jordan.jones.96@mail.com,+1-700-970-4751,"14 Oak Street, Charlotte, NC",1965-12-31,2026-01-30,2026-05-05
KIN-0000262,CUST-000262,Morgan Brown,Sibling,morgan.brown.649@mail.com,+1-763-651-7908,"39 Harbor Drive, Charleston, SC",1949-08-20,2025-01-21,2025-03-25
KIN-0000263,CUST-000263,Jordan Williams,Spouse,jordan.williams.561@mail.com,+1-722-751-3877,"39 Harbor Drive, Charleston, SC",1952-09-25,2024-11-12,2024-11-29
KIN-0000264,CUST-000264,Taylor Johnson,Spouse,taylor.johnson.247@mail.com,+1-778-590-9686,"39 Harbor Drive, Charleston, SC",1979-12-13,2025-11-10,2026-02-08
KIN-0000265,CUST-000265,Sam Johnson,Child,sam.johnson.621@mail.com,+1-790-306-3683,"87 Peachtree Lane, Atlanta, GA",1958-02-04,2024-08-01,2024-11-23
KIN-0000266,CUST-000266,Sam Davis,Sibling,sam.davis.612@mail.com,+1-715-363-9359,"220 Palm Ave, Tampa, FL",1997-01-08,2024-06-21,2024-08-07
KIN-0000267,CUST-000267,Morgan Wilson,Child,morgan.wilson.994@mail.com,+1-778-924-3992,"87 Peachtree Lane, Atlanta, GA",2008-06-26,2025-04-22,2025-05-26
KIN-0000268,CUST-000268,Taylor Jones,Parent,taylor.jones.810@mail.com,+1-716-789-3367,"220 Palm Ave, Tampa, FL",1945-01-20,2024-08-04,2024-11-17
KIN-0000269,CUST-000269,Avery Wilson,Guardian,avery.wilson.404@mail.com,+1-766-978-4314,"39 Harbor Drive, Charleston, SC",1986-08-07,2024-07-15,2024-09-14
KIN-0000270,CUST-000270,Alex Davis,Child,alex.davis.552@mail.com,+1-799-460-7843,"87 Peachtree Lane, Atlanta, GA",2011-12-25,2024-04-09,2024-06-26
KIN-0000271,CUST-000271,Riley Brown,Spouse,riley.brown.856@mail.com,+1-726-717-7331,"39 Harbor Drive, Charleston, SC",1963-04-28,2024-06-25,2024-10-07
KIN-0000272,CUST-000272,Alex Miller,Aunt/Uncle,alex.miller.675@mail.com,+1-702-919-2275,"14 Oak Street, Charlotte, NC",1956-05-08,2024-11-17,2024-11-27
KIN-0000273,CUST-000273,Jordan Davis,Aunt/Uncle,jordan.davis.291@mail.com,+1-783-383-5549,"14 Oak Street, Charlotte, NC",2001-12-02,2024-12-24,2025-02-05
KIN-0000274,CUST-000274,Avery Garcia,Cousin,avery.garcia.366@mail.com,+1-778-667-7862,"87 Peachtree Lane, Atlanta, GA",2012-06-28,2024-07-25,2024-11-11
KIN-0000275,CUST-000275,Jordan Jones,Spouse,jordan.jones.619@mail.com,+1-712-786-3169,"39 Harbor Drive, Charleston, SC",1959-08-29,2024-04-10,2024-04-16
KIN-0000276,CUST-000276,Morgan Johnson,Cousin,morgan.johnson.75@mail.com,+1-785-534-9267,"220 Palm Ave, Tampa, FL",1945-09-03,2025-09-14,2025-11-01
KIN-0000277,CUST-000277,Morgan Davis,Child,morgan.davis.287@mail.com,+1-785-849-4890,"14 Oak Street, Charlotte, NC",2002-05-08,2026-01-27,2026-05-20
KIN-0000278,CUST-000278,Riley Brown,Spouse,riley.brown.930@mail.com,+1-755-112-2583,"87 Peachtree Lane, Atlanta, GA",2002-05-15,2026-09-27,2026-12-03
KIN-0000279,CUST-000279,Jordan Davis,Parent,jordan.davis.691@mail.com,+1-794-306-9657,"39 Harbor Drive, Charleston, SC",1995-02-04,2024-11-21,2025-01-15
KIN-0000280,CUST-000280,Morgan Miller,Sibling,morgan.miller.547@mail.com,+1-766-433-8824,"87 Peachtree Lane, Atlanta, GA",1941-06-05,2026-03-20,2026-05-24
KIN-0000281,CUST-000281,Sam Johnson,Guardian,sam.johnson.664@mail.com,+1-753-344-5912,"39 Harbor Drive, Charleston, SC",1992-06-17,2025-05-15,2025-07-10
KIN-0000282,CUST-000282,Alex Jones,Guardian,alex.jones.539@mail.com,+1-726-583-5598,"87 Peachtree Lane, Atlanta, GA",1948-05-26,2026-09-01,2026-12-21
KIN-0000283,CUST-000283,Avery Brown,Guardian,avery.brown.647@mail.com,+1-705-206-1268,"14 Oak Street, Charlotte, NC",1958-08-22,2025-08-10,2025-09-10
KIN-0000284,CUST-000284,Alex Miller,Child,alex.miller.865@mail.com,+1-788-276-7702,"39 Harbor Drive, Charleston, SC",1972-12-01,2024-07-12,2024-07-13
KIN-0000285,CUST-000285,Avery Miller,Sibling,avery.miller.206@mail.com,+1-776-754-3303,"14 Oak Street, Charlotte, NC",2001-12-04,2025-08-14,2025-11-30
KIN-0000286,CUST-000286,Casey Miller,Child,casey.miller.270@mail.com,+1-787-699-9622,"14 Oak Street, Charlotte, NC",2008-01-11,2025-03-09,2025-04-21
KIN-0000287,CUST-000287,Alex Jones,Child,alex.jones.159@mail.com,+1-784-495-8775,"220 Palm Ave, Tampa, FL",1973-07-08,2026-07-25,2026-11-09
KIN-0000288,CUST-000288,Jordan Miller,Cousin,jordan.miller.892@mail.com,+1-776-787-9645,"87 Peachtree Lane, Atlanta, GA",2012-07-02,2025-03-28,2025-06-18
KIN-0000289,CUST-000289,Alex Wilson,Parent,alex.wilson.296@mail.com,+1-723-896-5178,"220 Palm Ave, Tampa, FL",1997-05-07,2025-04-08,2025-07-10
KIN-0000290,CUST-000290,Taylor Wilson,Parent,taylor.wilson.633@mail.com,+1-743-915-4580,"14 Oak Street, Charlotte, NC",1995-08-31,2024-11-17,2025-01-05
KIN-0000291,CUST-000291,Casey Williams,Parent,casey.williams.101@mail.com,+1-751-803-1615,"220 Palm Ave, Tampa, FL",1994-10-30,2024-04-05,2024-04-12
KIN-0000292,CUST-000292,Morgan Wilson,Child,morgan.wilson.165@mail.com,+1-733-620-2873,"39 Harbor Drive, Charleston, SC",1988-03-12,2025-01-25,2025-04-13
KIN-0000293,CUST-000293,Taylor Johnson,Child,taylor.johnson.676@mail.com,+1-756-850-5726,"87 Peachtree Lane, Atlanta, GA",1984-03-14,2026-01-28,2026-03-12
KIN-0000294,CUST-000294,Sam Jones,Guardian,sam.jones.355@mail.com,+1-712-319-1509,"87 Peachtree Lane, Atlanta, GA",1990-04-22,2026-07-20,2026-08-23
KIN-0000295,CUST-000295,Alex Williams,Sibling,alex.williams.973@mail.com,+1-777-722-8229,"220 Palm Ave, Tampa, FL",1961-01-22,2025-11-02,2025-11-14
KIN-0000296,CUST-000296,Casey Johnson,Cousin,casey.johnson.507@mail.com,+1-765-588-3711,"14 Oak Street, Charlotte, NC",1956-12-25,2025-01-29,2025-03-01
KIN-0000297,CUST-000297,Avery Wilson,Child,avery.wilson.475@mail.com,+1-752-107-2830,"14 Oak Street, Charlotte, NC",1947-04-11,2024-01-05,2024-01-12
KIN-0000298,CUST-000298,Taylor Davis,Aunt/Uncle,taylor.davis.183@mail.com,+1-733-290-9911,"87 Peachtree Lane, Atlanta, GA",2010-11-22,2025-07-18,2025-09-14
KIN-0000299,CUST-000299,Morgan Brown,Aunt/Uncle,morgan.brown.928@mail.com,+1-741-961-3834,"14 Oak Street, Charlotte, NC",1971-05-17,2026-05-05,2026-07-09
KIN-0000300,CUST-000300,Avery Brown,Sibling,avery.brown.807@mail.com,+1-798-303-8643,"220 Palm Ave, Tampa, FL",1961-06-20,2025-04-12,2025-07-25
KIN-0000301,CUST-000301,Sam Davis,Spouse,sam.davis.657@mail.com,+1-706-406-9729,"220 Palm Ave, Tampa, FL",2010-02-10,2024-11-28,2025-02-27
KIN-0000302,CUST-000302,Taylor Johnson,Parent,taylor.johnson.724@mail.com,+1-749-417-4605,"87 Peachtree Lane, Atlanta, GA",1994-10-16,2025-07-21,2025-10-23
KIN-0000303,CUST-000303,Jordan Davis,Guardian,jordan.davis.634@mail.com,+1-773-355-8065,"14 Oak Street, Charlotte, NC",1976-09-30,2026-02-17,2026-04-28
KIN-0000304,CUST-000304,Sam Wilson,Child,sam.wilson.813@mail.com,+1-707-270-7621,"220 Palm Ave, Tampa, FL",1992-11-29,2025-06-22,2025-09-20
KIN-0000305,CUST-000305,Casey Wilson,Guardian,casey.wilson.159@mail.com,+1-734-127-1204,"14 Oak Street, Charlotte, NC",1998-01-17,2026-05-09,2026-08-09
KIN-0000306,CUST-000306,Morgan Miller,Spouse,morgan.miller.848@mail.com,+1-724-966-3714,"39 Harbor Drive, Charleston, SC",2001-06-20,2026-05-31,2026-07-31
KIN-0000307,CUST-000307,Alex Miller,Aunt/Uncle,alex.miller.463@mail.com,+1-715-426-1886,"87 Peachtree Lane, Atlanta, GA",1944-07-30,2026-03-25,2026-03-31
KIN-0000308,CUST-000308,Casey Williams,Guardian,casey.williams.931@mail.com,+1-791-558-3019,"14 Oak Street, Charlotte, NC",2001-02-25,2025-07-20,2025-09-05
KIN-0000309,CUST-000309,Morgan Brown,Sibling,morgan.brown.163@mail.com,+1-704-159-9693,"39 Harbor Drive, Charleston, SC",1949-08-08,2025-03-02,2025-06-21
KIN-0000310,CUST-000310,Alex Jones,Aunt/Uncle,alex.jones.313@mail.com,+1-783-976-1906,"87 Peachtree Lane, Atlanta, GA",2000-09-06,2024-04-28,2024-04-30
KIN-0000311,CUST-000311,Sam Brown,Cousin,sam.brown.966@mail.com,+1-794-155-3049,"14 Oak Street, Charlotte, NC",1942-11-08,2024-10-12,2024-10-18
KIN-0000312,CUST-000312,Jordan Garcia,Aunt/Uncle,jordan.garcia.212@mail.com,+1-762-514-9000,"14 Oak Street, Charlotte, NC",1996-07-10,2024-01-25,2024-05-09
KIN-0000313,CUST-000313,Taylor Davis,Parent,taylor.davis.455@mail.com,+1-735-312-9804,"87 Peachtree Lane, Atlanta, GA",1960-03-09,2025-04-10,2025-07-20
KIN-0000314,CUST-000314,Avery Davis,Aunt/Uncle,avery.davis.898@mail.com,+1-704-265-8155,"39 Harbor Drive, Charleston, SC",1951-08-13,2025-11-02,2025-11-09
KIN-0000315,CUST-000315,Avery Brown,Spouse,avery.brown.199@mail.com,+1-777-171-2440,"220 Palm Ave, Tampa, FL",2010-09-29,2024-02-10,2024-02-15
KIN-0000316,CUST-000316,Avery Davis,Child,avery.davis.643@mail.com,+1-756-505-6861,"87 Peachtree Lane, Atlanta, GA",1995-04-12,2024-08-03,2024-10-19
KIN-0000317,CUST-000317,Avery Brown,Spouse,avery.brown.490@mail.com,+1-748-140-2950,"220 Palm Ave, Tampa, FL",2004-08-17,2024-12-11,2025-03-19
KIN-0000318,CUST-000318,Morgan Davis,Guardian,morgan.davis.785@mail.com,+1-707-216-6035,"87 Peachtree Lane, Atlanta, GA",1954-03-31,2025-02-10,2025-06-01
KIN-0000319,CUST-000319,Alex Brown,Parent,alex.brown.714@mail.com,+1-711-589-7201,"14 Oak Street, Charlotte, NC",1991-01-23,2024-03-22,2024-07-05
KIN-0000320,CUST-000320,Avery Johnson,Child,avery.johnson.495@mail.com,+1-725-966-3768,"14 Oak Street, Charlotte, NC",1963-04-14,2025-09-28,2025-12-25
KIN-0000321,CUST-000321,Casey Davis,Cousin,casey.davis.731@mail.com,+1-764-514-3388,"220 Palm Ave, Tampa, FL",1987-11-24,2024-02-06,2024-04-18
KIN-0000322,CUST-000322,Riley Miller,Cousin,riley.miller.442@mail.com,+1-731-339-7116,"14 Oak Street, Charlotte, NC",1968-07-07,2026-09-24,2026-10-04
KIN-0000323,CUST-000323,Taylor Wilson,Parent,taylor.wilson.408@mail.com,+1-739-314-4755,"220 Palm Ave, Tampa, FL",1952-03-01,2025-12-09,2026-01-08
KIN-0000324,CUST-000324,Taylor Brown,Cousin,taylor.brown.184@mail.com,+1-742-880-1910,"220 Palm Ave, Tampa, FL",1993-01-27,2024-02-15,2024-03-26
KIN-0000325,CUST-000325,Taylor Wilson,Sibling,taylor.wilson.809@mail.com,+1-771-515-4708,"220 Palm Ave, Tampa, FL",1980-04-18,2024-04-27,2024-06-08
KIN-0000326,CUST-000326,Avery Wilson,Cousin,avery.wilson.865@mail.com,+1-734-191-4160,"14 Oak Street, Charlotte, NC",1943-04-26,2024-06-05,2024-09-21
KIN-0000327,CUST-000327,Alex Brown,Guardian,alex.brown.818@mail.com,+1-793-341-6142,"220 Palm Ave, Tampa, FL",1975-12-28,2026-07-08,2026-07-10
KIN-0000328,CUST-000328,Avery Johnson,Guardian,avery.johnson.733@mail.com,+1-761-325-2850,"87 Peachtree Lane, Atlanta, GA",1955-06-18,2025-02-02,2025-04-03
KIN-0000329,CUST-000329,Taylor Davis,Cousin,taylor.davis.114@mail.com,+1-762-344-9804,"220 Palm Ave, Tampa, FL",1997-05-13,2026-08-30,2026-12-02
KIN-0000330,CUST-000330,Jordan Wilson,Parent,jordan.wilson.329@mail.com,+1-715-229-2868,"87 Peachtree Lane, Atlanta, GA",1961-04-27,2024-10-14,2024-10-20
KIN-0000331,CUST-000331,Morgan Davis,Spouse,morgan.davis.166@mail.com,+1-797-415-8863,"14 Oak Street, Charlotte, NC",1973-06-10,2026-05-20,2026-05-26
KIN-0000332,CUST-000332,Sam Davis,Sibling,sam.davis.818@mail.com,+1-764-442-4187,"87 Peachtree Lane, Atlanta, GA",1984-07-18,2026-09-06,2026-11-23
KIN-0000333,CUST-000333,Avery Jones,Child,avery.jones.587@mail.com,+1-720-399-1635,"14 Oak Street, Charlotte, NC",1959-08-27,2024-05-07,2024-08-30
KIN-0000334,CUST-000334,Avery Johnson,Parent,avery.johnson.974@mail.com,+1-742-671-5275,"14 Oak Street, Charlotte, NC",1966-06-28,2025-06-29,2025-08-05
KIN-0000335,CUST-000335,Jordan Davis,Cousin,jordan.davis.381@mail.com,+1-740-430-1288,"87 Peachtree Lane, Atlanta, GA",2011-03-26,2025-12-08,2026-03-27
KIN-0000336,CUST-000336,Jordan Davis,Sibling,jordan.davis.735@mail.com,+1-762-818-6901,"220 Palm Ave, Tampa, FL",1984-07-09,2025-04-03,2025-06-30
KIN-0000337,CUST-000337,Riley Johnson,Sibling,riley.johnson.53@mail.com,+1-744-798-2543,"87 Peachtree Lane, Atlanta, GA",1953-05-11,2025-01-28,2025-04-18
KIN-0000338,CUST-000338,Morgan Wilson,Sibling,morgan.wilson.14@mail.com,+1-740-985-3164,"39 Harbor Drive, Charleston, SC",1964-04-28,2026-02-21,2026-03-07
KIN-0000339,CUST-000339,Taylor Johnson,Aunt/Uncle,taylor.johnson.425@mail.com,+1-768-140-4818,"87 Peachtree Lane, Atlanta, GA",1967-12-02,2025-09-06,2025-11-08
KIN-0000340,CUST-000340,Jordan Williams,Aunt/Uncle,jordan.williams.988@mail.com,+1-735-375-1307,"220 Palm Ave, Tampa, FL",1968-07-12,2024-07-25,2024-09-05
KIN-0000341,CUST-000341,Jordan Davis,Parent,jordan.davis.394@mail.com,+1-796-482-8385,"14 Oak Street, Charlotte, NC",1959-12-27,2025-06-01,2025-07-12
KIN-0000342,CUST-000342,Casey Jones,Aunt/Uncle,casey.jones.460@mail.com,+1-799-527-9117,"87 Peachtree Lane, Atlanta, GA",1990-01-15,2024-08-25,2024-09-11
KIN-0000343,CUST-000343,Alex Johnson,Sibling,alex.johnson.78@mail.com,+1-764-641-5527,"220 Palm Ave, Tampa, FL",1956-08-17,2024-03-04,2024-05-17
KIN-0000344,CUST-000344,Sam Brown,Child,sam.brown.805@mail.com,+1-758-166-1885,"220 Palm Ave, Tampa, FL",1963-07-02,2026-07-05,2026-08-02
KIN-0000345,CUST-000345,Alex Williams,Guardian,alex.williams.783@mail.com,+1-739-852-3255,"220 Palm Ave, Tampa, FL",1960-11-22,2025-09-20,2026-01-08
KIN-0000346,CUST-000346,Morgan Brown,Aunt/Uncle,morgan.brown.446@mail.com,+1-787-413-4819,"14 Oak Street, Charlotte, NC",2006-05-23,2025-09-12,2025-09-25
KIN-0000347,CUST-000347,Sam Johnson,Parent,sam.johnson.545@mail.com,+1-779-436-9325,"220 Palm Ave, Tampa, FL",2001-08-05,2024-12-15,2025-03-29
KIN-0000348,CUST-000348,Alex Brown,Aunt/Uncle,alex.brown.804@mail.com,+1-736-658-9861,"14 Oak Street, Charlotte, NC",1986-03-21,2025-03-15,2025-03-17
KIN-0000349,CUST-000349,Casey Johnson,Child,casey.johnson.274@mail.com,+1-723-717-4292,"39 Harbor Drive, Charleston, SC",1955-06-25,2026-02-12,2026-03-03
KIN-0000350,CUST-000350,Alex Williams,Parent,alex.williams.39@mail.com,+1-736-425-4460,"14 Oak Street, Charlotte, NC",2007-05-24,2024-07-02,2024-09-20
KIN-0000351,CUST-000351,Jordan Johnson,Guardian,jordan.johnson.613@mail.com,+1-794-567-4214,"87 Peachtree Lane, Atlanta, GA",1992-10-27,2025-11-06,2026-02-21
KIN-0000352,CUST-000352,Riley Johnson,Sibling,riley.johnson.547@mail.com,+1-755-879-8727,"39 Harbor Drive, Charleston, SC",1983-02-15,2025-12-25,2026-03-08
KIN-0000353,CUST-000353,Taylor Williams,Guardian,taylor.williams.46@mail.com,+1-726-248-1450,"39 Harbor Drive, Charleston, SC",2002-07-02,2024-07-07,2024-07-19
KIN-0000354,CUST-000354,Jordan Wilson,Cousin,jordan.wilson.565@mail.com,+1-758-119-1546,"14 Oak Street, Charlotte, NC",1948-08-03,2025-06-05,2025-08-03
KIN-0000355,CUST-000355,Sam Johnson,Child,sam.johnson.204@mail.com,+1-732-223-5691,"39 Harbor Drive, Charleston, SC",1971-08-14,2025-03-14,2025-05-02
KIN-0000356,CUST-000356,Riley Davis,Cousin,riley.davis.905@mail.com,+1-789-969-7733,"220 Palm Ave, Tampa, FL",2002-01-18,2025-04-24,2025-05-31
KIN-0000357,CUST-000357,Casey Miller,Child,casey.miller.85@mail.com,+1-725-447-5105,"220 Palm Ave, Tampa, FL",1995-08-11,2025-08-18,2025-08-28
KIN-0000358,CUST-000358,Morgan Jones,Spouse,morgan.jones.489@mail.com,+1-782-384-1786,"87 Peachtree Lane, Atlanta, GA",1997-08-10,2024-02-21,2024-06-02
KIN-0000359,CUST-000359,Morgan Jones,Child,morgan.jones.404@mail.com,+1-772-864-3413,"87 Peachtree Lane, Atlanta, GA",1995-04-15,2026-06-19,2026-07-19
KIN-0000360,CUST-000360,Riley Jones,Cousin,riley.jones.934@mail.com,+1-705-746-7476,"14 Oak Street, Charlotte, NC",1958-08-06,2024-03-01,2024-03-15
