id,customer_id,date_of_birth,place_of_birth,country_of_birth_id,gender_id,marital_status_id,citizenship_country_id,dual_citizenship_flag,ssn_last4,tin,itin,is_politically_exposed,pep_details,annual_income_range,net_worth_range,source_of_wealth_summary,primary_language_id,secondary_language_id,high_risk_flag,risk_reason,is_deceased,date_of_death,created_at,updated_at
CPD-0000001,CUST-000001,1998-01-29,Jacksonville,2,2,1,2,False,7974,TIN-237219857,ITIN-467519885,False,No PEP match found.,50k-75k,50k-150k,Salary,1,,False,Standard retail risk.,False,,2025-10-14,2025-10-19
CPD-0000002,CUST-000002,2008-01-20,Atlanta,3,1,2,3,False,9802,TIN-274046823,ITIN-474510071,False,No PEP match found.,120k-200k,<50k,Business income,1,,False,Standard retail risk.,False,,2025-05-26,2025-09-14
CPD-0000003,CUST-000003,1958-05-24,Columbia,3,2,1,3,False,0619,TIN-381992869,ITIN-838929943,False,No PEP match found.,75k-120k,150k-500k,Inheritance,1,,False,Standard retail risk.,False,,2024-05-01,2024-10-10
CPD-0000004,CUST-000004,2001-05-02,Jacksonville,1,2,1,1,False,0829,TIN-745767578,ITIN-496894264,False,No PEP match found.,75k-120k,<50k,Inheritance,3,1.0,False,Standard retail risk.,False,,2024-11-03,2025-01-12
CPD-0000005,CUST-000005,1974-04-03,Jacksonville,4,1,2,4,False,4490,TIN-627523258,ITIN-287628114,False,No PEP match found.,120k-200k,500k-1m,Salary,1,,False,Standard retail risk.,False,,2025-09-29,2026-01-28
CPD-0000006,CUST-000006,1990-10-01,Raleigh,4,1,1,4,False,4353,TIN-616585786,ITIN-152608846,False,No PEP match found.,120k-200k,50k-150k,Salary,1,,False,Standard retail risk.,False,,2024-08-06,2024-12-26
CPD-0000007,CUST-000007,1963-10-21,Atlanta,1,2,2,1,False,7456,TIN-788331652,ITIN-617327156,False,No PEP match found.,75k-120k,50k-150k,Inheritance,1,,False,Standard retail risk.,False,,2024-11-18,2025-02-08
CPD-0000008,CUST-000008,1954-10-19,Atlanta,3,1,2,3,False,6753,TIN-185935070,ITIN-965871689,False,No PEP match found.,75k-120k,150k-500k,Savings and investments,1,,False,Standard retail risk.,False,,2025-04-23,2025-05-29
CPD-0000009,CUST-000009,1974-02-26,Miami,1,2,2,1,False,9626,TIN-386186053,ITIN-569275171,False,No PEP match found.,50k-75k,150k-500k,Business income,2,1.0,False,Standard retail risk.,False,,2025-07-22,2025-11-30
CPD-0000010,CUST-000010,1981-04-08,Columbia,1,1,2,1,False,0500,TIN-484686271,ITIN-227337646,False,No PEP match found.,50k-75k,1m+,Savings and investments,1,,False,Standard retail risk.,False,,2025-10-20,2026-04-09
CPD-0000011,CUST-000011,1949-09-30,Miami,1,1,2,1,False,4262,TIN-329688009,ITIN-153877882,False,No PEP match found.,120k-200k,150k-500k,Salary,2,1.0,False,Standard retail risk.,False,,2025-07-05,2025-10-06
CPD-0000012,CUST-000012,1946-07-28,Jacksonville,2,2,1,2,False,2306,TIN-286635587,ITIN-571404131,False,No PEP match found.,50k-75k,50k-150k,Savings and investments,1,,False,Standard retail risk.,False,,2024-12-28,2025-05-02
CPD-0000013,CUST-000013,1998-12-21,Atlanta,2,2,2,2,False,9956,TIN-810147950,ITIN-215725692,False,No PEP match found.,75k-120k,50k-150k,Savings and investments,1,,False,Standard retail risk.,False,,2026-01-10,2026-04-16
CPD-0000014,CUST-000014,2003-11-26,Miami,1,2,3,1,False,1668,TIN-162649901,ITIN-952973436,False,No PEP match found.,120k-200k,150k-500k,Business income,1,,False,Standard retail risk.,False,,2025-05-21,2025-09-09
CPD-0000015,CUST-000015,2007-12-24,Miami,1,2,1,1,False,8473,TIN-195233074,ITIN-183818732,False,No PEP match found.,120k-200k,50k-150k,Savings and investments,1,2.0,False,Standard retail risk.,False,,2026-03-15,2026-04-01
CPD-0000016,CUST-000016,1956-10-31,Atlanta,3,1,2,3,False,0826,TIN-404228074,ITIN-272384249,False,No PEP match found.,25k-50k,50k-150k,Inheritance,1,,False,Standard retail risk.,False,,2025-05-11,2025-09-23
CPD-0000017,CUST-000017,1961-12-20,Charlotte,1,2,1,1,False,6901,TIN-522178547,ITIN-457692433,False,No PEP match found.,50k-75k,<50k,Inheritance,1,,False,Standard retail risk.,False,,2026-04-26,2026-05-01
CPD-0000018,CUST-000018,1973-12-18,Jacksonville,2,2,2,2,False,4575,TIN-869040761,ITIN-380288903,False,No PEP match found.,120k-200k,50k-150k,Salary,1,,False,Standard retail risk.,False,,2024-12-04,2024-12-18
CPD-0000019,CUST-000019,1959-10-07,Jacksonville,1,1,1,1,False,5796,TIN-755971004,ITIN-898913057,False,No PEP match found.,25k-50k,50k-150k,Business income,1,,False,Standard retail risk.,False,,2026-01-19,2026-02-25
CPD-0000020,CUST-000020,1996-02-02,Charlotte,2,2,2,2,False,8069,TIN-183474158,ITIN-889278642,False,No PEP match found.,75k-120k,50k-150k,Salary,2,1.0,False,Standard retail risk.,False,,2026-05-10,2026-05-01
CPD-0000021,CUST-000021,2001-06-06,Atlanta,1,1,3,1,False,5787,TIN-994850805,ITIN-912378898,False,No PEP match found.,75k-120k,<50k,Savings and investments,1,,False,Standard retail risk.,False,,2025-08-28,2025-11-10
CPD-0000022,CUST-000022,1954-06-18,Charlotte,1,2,2,1,False,1872,TIN-997579667,ITIN-415268057,False,No PEP match found.,75k-120k,150k-500k,Savings and investments,1,,False,Standard retail risk.,False,,2026-08-20,2026-05-01
CPD-0000023,CUST-000023,1949-10-19,Jacksonville,1,2,1,1,False,6196,TIN-832240727,ITIN-809073955,False,No PEP match found.,50k-75k,500k-1m,Salary,1,,True,KYC quality exception,False,,2024-11-08,2024-12-16
CPD-0000024,CUST-000024,2002-01-24,Miami,4,1,2,4,False,6469,TIN-390783516,ITIN-160858006,False,No PEP match found.,75k-120k,<50k,Inheritance,1,,False,Standard retail risk.,False,,2025-01-27,2025-04-10
CPD-0000025,CUST-000025,1997-08-25,Miami,4,1,1,4,False,7302,TIN-993020387,ITIN-789430064,False,No PEP match found.,25k-50k,<50k,Business income,1,,False,Standard retail risk.,False,,2024-07-30,2024-08-06
CPD-0000026,CUST-000026,1976-03-05,Raleigh,1,2,2,1,False,4861,TIN-739255730,ITIN-318501086,False,No PEP match found.,25k-50k,<50k,Inheritance,1,2.0,False,Standard retail risk.,False,,2024-06-17,2024-10-26
CPD-0000027,CUST-000027,1985-07-17,Jacksonville,4,1,2,4,False,5120,TIN-946244532,ITIN-631483666,False,No PEP match found.,75k-120k,<50k,Salary,1,,False,Standard retail risk.,False,,2026-09-22,2026-05-01
CPD-0000028,CUST-000028,1989-11-02,Miami,1,1,2,1,False,3032,TIN-748126401,ITIN-232437355,False,No PEP match found.,120k-200k,<50k,Savings and investments,1,,False,Standard retail risk.,False,,2026-04-22,2026-05-01
CPD-0000029,CUST-000029,1959-01-25,Miami,1,2,1,1,False,5094,TIN-637370376,ITIN-345819890,False,No PEP match found.,75k-120k,50k-150k,Inheritance,1,3.0,False,Standard retail risk.,False,,2025-03-28,2025-05-05
CPD-0000030,CUST-000030,1981-04-06,Columbia,1,1,2,1,False,7752,TIN-944633133,ITIN-112575447,False,No PEP match found.,50k-75k,500k-1m,Business income,1,,False,Standard retail risk.,False,,2026-01-30,2026-05-01
CPD-0000031,CUST-000031,1975-07-31,Atlanta,3,1,1,3,False,0298,TIN-824156672,ITIN-820577389,False,No PEP match found.,25k-50k,150k-500k,Inheritance,1,,False,Standard retail risk.,False,,2024-05-31,2024-09-30
CPD-0000032,CUST-000032,1941-10-07,Miami,1,1,1,1,False,9046,TIN-512252686,ITIN-715989337,False,No PEP match found.,120k-200k,50k-150k,Business income,1,,False,Standard retail risk.,False,,2024-02-14,2024-04-22
CPD-0000033,CUST-000033,1990-07-08,Charlotte,3,2,1,3,True,7046,TIN-842052309,ITIN-757066795,False,No PEP match found.,120k-200k,1m+,Business income,1,,False,Standard retail risk.,False,,2025-05-09,2025-08-06
CPD-0000034,CUST-000034,1955-07-04,Columbia,1,3,1,1,False,0760,TIN-136449056,ITIN-943432722,False,No PEP match found.,25k-50k,<50k,Business income,1,,False,Standard retail risk.,False,,2025-05-13,2025-07-28
CPD-0000035,CUST-000035,2001-07-28,Atlanta,3,2,1,3,False,1781,TIN-788599488,ITIN-359548032,False,No PEP match found.,120k-200k,1m+,Inheritance,1,,False,Standard retail risk.,False,,2026-04-26,2026-05-01
CPD-0000036,CUST-000036,1976-07-14,Jacksonville,1,1,2,1,False,0188,TIN-794400054,ITIN-656266453,False,No PEP match found.,200k+,<50k,Inheritance,1,,False,Standard retail risk.,False,,2025-11-05,2026-05-01
CPD-0000037,CUST-000037,1950-02-19,Columbia,2,1,2,2,False,1220,TIN-306004435,ITIN-370287701,False,No PEP match found.,50k-75k,50k-150k,Savings and investments,2,1.0,False,Standard retail risk.,False,,2025-01-05,2025-01-09
CPD-0000038,CUST-000038,1961-05-18,Columbia,1,2,2,1,False,6813,TIN-994515881,ITIN-595683002,False,No PEP match found.,50k-75k,<50k,Savings and investments,1,,False,Standard retail risk.,False,,2024-12-07,2025-05-12
CPD-0000039,CUST-000039,1962-08-15,Atlanta,1,2,1,1,False,0296,TIN-715343028,ITIN-544124356,False,No PEP match found.,50k-75k,50k-150k,Salary,1,,False,Standard retail risk.,False,,2026-02-13,2026-05-01
CPD-0000040,CUST-000040,1959-10-17,Charlotte,1,2,1,1,False,7461,TIN-566368533,ITIN-122035097,False,No PEP match found.,50k-75k,150k-500k,Business income,1,2.0,False,Standard retail risk.,False,,2026-07-03,2026-05-01
CPD-0000041,CUST-000041,2007-09-08,Miami,1,2,1,1,False,3034,TIN-843457119,ITIN-733502520,False,No PEP match found.,50k-75k,150k-500k,Business income,1,,False,Standard retail risk.,False,,2026-05-06,2026-05-01
CPD-0000042,CUST-000042,1961-12-25,Raleigh,1,2,3,1,False,0713,TIN-555182449,ITIN-482788907,False,No PEP match found.,25k-50k,50k-150k,Inheritance,1,,False,Standard retail risk.,False,,2025-06-19,2025-11-19
CPD-0000043,CUST-000043,1998-06-04,Atlanta,1,3,2,1,False,4543,TIN-679184620,ITIN-987931067,False,No PEP match found.,50k-75k,150k-500k,Business income,1,,False,Standard retail risk.,False,,2026-07-10,2026-05-01
CPD-0000044,CUST-000044,1988-04-02,Raleigh,3,2,1,3,False,3231,TIN-624002773,ITIN-222424700,False,No PEP match found.,120k-200k,50k-150k,Business income,1,,False,Standard retail risk.,False,,2024-12-09,2025-02-14
CPD-0000045,CUST-000045,1971-04-16,Jacksonville,1,1,2,1,False,1951,TIN-429208648,ITIN-345640353,False,No PEP match found.,25k-50k,500k-1m,Salary,1,,False,Standard retail risk.,False,,2026-07-22,2026-05-01
CPD-0000046,CUST-000046,1963-03-19,Charlotte,2,1,1,2,True,4737,TIN-414632695,ITIN-345645830,False,No PEP match found.,75k-120k,<50k,Savings and investments,1,,True,KYC quality exception,False,,2025-08-25,2025-12-16
CPD-0000047,CUST-000047,1991-08-29,Atlanta,1,1,1,1,False,1108,TIN-196629264,ITIN-994184893,False,No PEP match found.,50k-75k,500k-1m,Savings and investments,2,1.0,False,Standard retail risk.,False,,2025-12-09,2026-05-01
CPD-0000048,CUST-000048,1996-05-28,Columbia,1,2,1,1,False,4490,TIN-375832339,ITIN-131424212,False,No PEP match found.,50k-75k,<50k,Inheritance,1,,False,Standard retail risk.,False,,2025-09-16,2025-10-16
CPD-0000049,CUST-000049,1985-08-02,Raleigh,1,2,1,1,False,9969,TIN-121846391,ITIN-356958092,False,No PEP match found.,25k-50k,<50k,Business income,1,,False,Standard retail risk.,False,,2026-02-04,2026-02-13
CPD-0000050,CUST-000050,1998-09-28,Atlanta,1,1,2,1,False,5249,TIN-530248859,ITIN-979755384,False,No PEP match found.,50k-75k,50k-150k,Inheritance,1,,False,Standard retail risk.,False,,2026-08-27,2026-05-01
CPD-0000051,CUST-000051,1964-04-22,Atlanta,2,1,1,2,False,6118,TIN-495794167,ITIN-610236267,False,No PEP match found.,25k-50k,50k-150k,Salary,1,,False,Standard retail risk.,False,,2024-04-26,2024-09-11
CPD-0000052,CUST-000052,1964-06-21,Raleigh,3,1,2,3,False,8042,TIN-153566764,ITIN-644659164,False,No PEP match found.,50k-75k,<50k,Inheritance,1,,False,Standard retail risk.,False,,2025-07-09,2025-12-09
CPD-0000053,CUST-000053,1962-07-30,Atlanta,1,2,2,1,False,6383,TIN-115939447,ITIN-303074186,False,No PEP match found.,50k-75k,50k-150k,Business income,2,1.0,False,Standard retail risk.,False,,2026-09-17,2026-05-01
CPD-0000054,CUST-000054,1960-07-13,Atlanta,1,1,1,1,False,4825,TIN-290965415,ITIN-590402487,False,No PEP match found.,25k-50k,50k-150k,Business income,1,,False,Standard retail risk.,False,,2026-01-25,2026-04-02
CPD-0000055,CUST-000055,2007-08-21,Charlotte,1,2,2,1,False,5696,TIN-593574419,ITIN-738471622,False,No PEP match found.,120k-200k,50k-150k,Salary,1,,False,Standard retail risk.,False,,2024-02-13,2024-06-06
CPD-0000056,CUST-000056,1942-07-06,Jacksonville,1,1,2,1,False,2197,TIN-626778913,ITIN-970252423,False,No PEP match found.,25k-50k,<50k,Inheritance,1,2.0,False,Standard retail risk.,True,2020-04-22,2026-09-19,2026-05-01
CPD-0000057,CUST-000057,1962-09-27,Columbia,1,1,3,1,False,1875,TIN-711262709,ITIN-858384315,False,No PEP match found.,25k-50k,150k-500k,Savings and investments,1,2.0,False,Standard retail risk.,False,,2025-02-21,2025-03-24
CPD-0000058,CUST-000058,1970-08-21,Jacksonville,3,2,1,3,False,5790,TIN-285280967,ITIN-712869939,False,No PEP match found.,25k-50k,50k-150k,Inheritance,2,1.0,False,Standard retail risk.,False,,2025-07-14,2025-10-25
CPD-0000059,CUST-000059,2004-05-14,Jacksonville,1,2,2,1,False,7040,TIN-365711401,ITIN-461952188,False,No PEP match found.,25k-50k,50k-150k,Inheritance,1,,False,Standard retail risk.,False,,2026-04-07,2026-05-01
CPD-0000060,CUST-000060,1969-02-08,Jacksonville,3,2,1,3,False,0107,TIN-839932631,ITIN-240407512,False,No PEP match found.,120k-200k,150k-500k,Salary,1,,False,Standard retail risk.,False,,2024-02-18,2024-08-11
CPD-0000061,CUST-000061,1969-11-04,Jacksonville,3,2,1,3,False,7313,TIN-387498121,ITIN-212793408,False,No PEP match found.,50k-75k,50k-150k,Inheritance,1,2.0,False,Standard retail risk.,False,,2025-12-21,2026-03-11
CPD-0000062,CUST-000062,2004-12-19,Columbia,1,2,1,1,False,1152,TIN-458582039,ITIN-314077632,False,No PEP match found.,75k-120k,<50k,Salary,1,,False,Standard retail risk.,False,,2026-01-12,2026-02-06
CPD-0000063,CUST-000063,1983-12-05,Columbia,3,2,1,3,False,3634,TIN-933380405,ITIN-637153600,False,No PEP match found.,50k-75k,150k-500k,Inheritance,1,,False,Standard retail risk.,False,,2024-08-25,2025-02-06
CPD-0000064,CUST-000064,1964-03-04,Miami,2,3,1,2,False,2687,TIN-280502753,ITIN-532817300,False,No PEP match found.,120k-200k,<50k,Salary,1,,False,Standard retail risk.,False,,2024-01-08,2024-03-13
CPD-0000065,CUST-000065,1975-04-17,Miami,2,2,2,2,False,1216,TIN-509829620,ITIN-295041080,False,No PEP match found.,120k-200k,50k-150k,Inheritance,1,3.0,False,Standard retail risk.,False,,2025-11-11,2026-05-01
CPD-0000066,CUST-000066,1972-07-24,Columbia,3,2,2,3,False,3896,TIN-348185867,ITIN-614998990,False,No PEP match found.,200k+,50k-150k,Inheritance,2,1.0,False,Standard retail risk.,False,,2026-06-18,2026-05-01
CPD-0000067,CUST-000067,1998-04-02,Atlanta,4,2,2,4,False,7806,TIN-427417283,ITIN-889561162,False,No PEP match found.,50k-75k,150k-500k,Savings and investments,1,,False,Standard retail risk.,False,,2026-05-09,2026-05-01
CPD-0000068,CUST-000068,1968-01-30,Columbia,1,2,2,1,False,6572,TIN-722018812,ITIN-305030035,False,No PEP match found.,25k-50k,150k-500k,Business income,5,1.0,False,Standard retail risk.,False,,2024-10-31,2025-02-22
CPD-0000069,CUST-000069,1957-04-26,Raleigh,1,1,1,1,False,1590,TIN-613820563,ITIN-319327078,False,No PEP match found.,50k-75k,50k-150k,Salary,2,1.0,False,Standard retail risk.,False,,2025-02-05,2025-05-28
CPD-0000070,CUST-000070,1942-01-02,Jacksonville,4,1,1,4,False,4119,TIN-561560954,ITIN-287451994,False,No PEP match found.,50k-75k,<50k,Inheritance,1,,False,Standard retail risk.,False,,2024-07-08,2024-09-09
CPD-0000071,CUST-000071,2002-08-02,Atlanta,3,1,2,3,True,1030,TIN-408388130,ITIN-869450614,False,No PEP match found.,50k-75k,50k-150k,Business income,1,,False,Standard retail risk.,False,,2025-12-25,2026-02-19
CPD-0000072,CUST-000072,1965-03-07,Miami,1,2,1,1,True,1666,TIN-688355428,ITIN-495628637,False,No PEP match found.,50k-75k,<50k,Savings and investments,1,,False,Standard retail risk.,False,,2024-10-27,2025-01-24
CPD-0000073,CUST-000073,1984-12-17,Raleigh,1,2,1,1,False,4867,TIN-493700139,ITIN-927525976,False,No PEP match found.,50k-75k,50k-150k,Business income,1,,False,Standard retail risk.,False,,2025-08-03,2025-12-05
CPD-0000074,CUST-000074,2000-04-01,Charlotte,1,2,1,1,False,0464,TIN-378033564,ITIN-653488985,True,Potential local-government exposure; enhanced due diligence required.,75k-120k,150k-500k,Salary,1,,True,PEP-related monitoring,False,,2025-08-24,2025-11-29
CPD-0000075,CUST-000075,1978-12-31,Columbia,1,1,1,1,False,9667,TIN-675972661,ITIN-982220161,False,No PEP match found.,75k-120k,50k-150k,Inheritance,1,,False,Standard retail risk.,False,,2025-05-14,2025-10-22
CPD-0000076,CUST-000076,1969-08-15,Raleigh,4,2,2,4,False,1611,TIN-490585613,ITIN-230422740,False,No PEP match found.,25k-50k,150k-500k,Salary,1,,False,Standard retail risk.,False,,2024-03-09,2024-08-17
CPD-0000077,CUST-000077,1975-09-25,Miami,1,1,2,1,False,2233,TIN-234560565,ITIN-195252426,False,No PEP match found.,50k-75k,50k-150k,Business income,1,,False,Standard retail risk.,False,,2025-04-04,2025-05-27
CPD-0000078,CUST-000078,1969-02-15,Miami,1,1,2,1,False,8174,TIN-115769345,ITIN-782977815,False,No PEP match found.,50k-75k,<50k,Inheritance,3,1.0,False,Standard retail risk.,False,,2025-03-02,2025-07-09
CPD-0000079,CUST-000079,1965-10-13,Columbia,1,2,2,1,False,6144,TIN-296900420,ITIN-505485824,False,No PEP match found.,75k-120k,150k-500k,Inheritance,1,,True,PEP-related monitoring,False,,2025-06-28,2025-09-18
CPD-0000080,CUST-000080,1987-05-09,Columbia,1,2,1,1,False,9488,TIN-148397238,ITIN-555533339,False,No PEP match found.,25k-50k,150k-500k,Savings and investments,2,1.0,False,Standard retail risk.,False,,2024-08-28,2024-10-20
CPD-0000081,CUST-000081,1961-12-06,Columbia,1,1,3,1,False,1751,TIN-398059811,ITIN-529977029,False,No PEP match found.,75k-120k,150k-500k,Business income,1,,False,Standard retail risk.,False,,2025-06-18,2025-09-28
CPD-0000082,CUST-000082,1974-11-13,Atlanta,1,2,2,1,False,3311,TIN-169993312,ITIN-906313165,False,No PEP match found.,25k-50k,50k-150k,Inheritance,2,1.0,False,Standard retail risk.,False,,2025-10-22,2026-04-15
CPD-0000083,CUST-000083,2001-04-07,Atlanta,1,1,1,1,False,4552,TIN-980373075,ITIN-992080026,False,No PEP match found.,75k-120k,<50k,Business income,1,,False,Standard retail risk.,False,,2024-11-21,2025-03-07
CPD-0000084,CUST-000084,1949-10-19,Raleigh,1,1,1,1,True,8372,TIN-768928444,ITIN-256952545,False,No PEP match found.,75k-120k,150k-500k,Inheritance,1,,False,Standard retail risk.,False,,2024-10-15,2025-01-14
CPD-0000085,CUST-000085,1942-07-12,Miami,1,2,1,1,False,4513,TIN-382351958,ITIN-615240617,False,No PEP match found.,75k-120k,150k-500k,Savings and investments,1,2.0,True,Cross-border activity,True,2018-04-04,2026-03-06,2026-04-21
CPD-0000086,CUST-000086,1952-06-19,Raleigh,1,2,2,1,False,2976,TIN-513259332,ITIN-253111964,False,No PEP match found.,120k-200k,1m+,Savings and investments,1,,False,Standard retail risk.,False,,2025-04-24,2025-08-25
CPD-0000087,CUST-000087,1944-11-15,Atlanta,1,2,3,1,True,3751,TIN-402348636,ITIN-363562154,False,No PEP match found.,25k-50k,<50k,Salary,1,,False,Standard retail risk.,False,,2026-03-28,2026-05-01
CPD-0000088,CUST-000088,1948-03-29,Columbia,3,1,1,3,False,8002,TIN-284729361,ITIN-465349957,False,No PEP match found.,25k-50k,<50k,Business income,1,,False,Standard retail risk.,False,,2024-07-04,2024-10-02
CPD-0000089,CUST-000089,1989-02-03,Columbia,1,1,1,1,False,4607,TIN-139540441,ITIN-558450894,False,No PEP match found.,25k-50k,<50k,Business income,1,,False,Standard retail risk.,False,,2024-04-14,2024-08-29
CPD-0000090,CUST-000090,1948-04-12,Raleigh,3,2,3,3,False,4266,TIN-991058631,ITIN-685719064,False,No PEP match found.,50k-75k,<50k,Business income,1,,False,Standard retail risk.,False,,2025-05-30,2025-09-07
CPD-0000091,CUST-000091,1951-10-04,Miami,2,2,2,2,False,8252,TIN-470455630,ITIN-443687870,False,No PEP match found.,50k-75k,<50k,Inheritance,1,,False,Standard retail risk.,False,,2026-08-23,2026-05-01
CPD-0000092,CUST-000092,1980-01-17,Raleigh,4,1,4,4,False,1122,TIN-646720658,ITIN-599342859,False,No PEP match found.,25k-50k,150k-500k,Inheritance,4,1.0,False,Standard retail risk.,False,,2024-09-07,2025-02-19
CPD-0000093,CUST-000093,1982-02-16,Columbia,1,2,4,1,False,0925,TIN-777836227,ITIN-753365414,False,No PEP match found.,50k-75k,500k-1m,Savings and investments,1,,False,Standard retail risk.,False,,2025-06-03,2025-09-03
CPD-0000094,CUST-000094,1942-03-17,Raleigh,2,1,1,2,False,3450,TIN-586378292,ITIN-136028136,False,No PEP match found.,200k+,50k-150k,Salary,1,,False,Standard retail risk.,False,,2024-04-23,2024-05-25
CPD-0000095,CUST-000095,1968-08-18,Atlanta,1,1,1,1,False,9212,TIN-231856419,ITIN-409425802,False,No PEP match found.,25k-50k,150k-500k,Savings and investments,2,1.0,False,Standard retail risk.,False,,2025-12-05,2025-12-14
CPD-0000096,CUST-000096,1991-02-09,Columbia,4,2,2,4,True,3396,TIN-652891701,ITIN-881871197,False,No PEP match found.,25k-50k,50k-150k,Savings and investments,2,1.0,False,Standard retail risk.,False,,2025-02-02,2025-03-23
CPD-0000097,CUST-000097,1961-05-07,Raleigh,2,2,2,2,False,9043,TIN-665075980,ITIN-636073675,False,No PEP match found.,75k-120k,150k-500k,Business income,1,,False,Standard retail risk.,False,,2024-04-24,2024-09-24
CPD-0000098,CUST-000098,1965-09-28,Charlotte,3,2,3,3,False,8282,TIN-636461443,ITIN-230803939,False,No PEP match found.,75k-120k,<50k,Business income,1,,False,Standard retail risk.,False,,2025-05-27,2025-09-22
CPD-0000099,CUST-000099,1943-05-31,Columbia,1,1,2,1,False,7834,TIN-344744038,ITIN-314187838,False,No PEP match found.,75k-120k,150k-500k,Salary,1,,False,Standard retail risk.,False,,2024-12-04,2025-05-01
CPD-0000100,CUST-000100,1947-02-23,Atlanta,1,3,2,1,False,3121,TIN-436587797,ITIN-719053353,False,No PEP match found.,50k-75k,500k-1m,Salary,1,,False,Standard retail risk.,False,,2026-04-27,2026-05-01
CPD-0000101,CUST-000101,1987-01-15,Columbia,1,1,1,1,False,2676,TIN-718548911,ITIN-398079465,False,No PEP match found.,50k-75k,<50k,Savings and investments,1,,False,Standard retail risk.,False,,2024-08-31,2024-12-03
CPD-0000102,CUST-000102,1990-02-01,Columbia,1,1,2,1,False,9324,TIN-931361269,ITIN-835650582,False,No PEP match found.,25k-50k,1m+,Savings and investments,1,,True,KYC quality exception,False,,2025-11-16,2026-03-23
CPD-0000103,CUST-000103,1942-02-24,Jacksonville,1,2,1,1,False,3765,TIN-830688498,ITIN-243886158,False,No PEP match found.,75k-120k,50k-150k,Inheritance,1,2.0,False,Standard retail risk.,False,,2026-07-23,2026-05-01
CPD-0000104,CUST-000104,1973-04-01,Atlanta,1,1,2,1,False,6159,TIN-577359584,ITIN-258993955,False,No PEP match found.,120k-200k,50k-150k,Salary,1,,False,Standard retail risk.,False,,2025-12-15,2026-04-27
CPD-0000105,CUST-000105,1950-05-08,Charlotte,4,1,2,4,False,6715,TIN-186962941,ITIN-434478940,False,No PEP match found.,75k-120k,<50k,Savings and investments,1,,False,Standard retail risk.,False,,2024-05-18,2024-09-12
CPD-0000106,CUST-000106,1994-01-15,Atlanta,1,2,4,1,False,9335,TIN-429540730,ITIN-895453511,False,No PEP match found.,75k-120k,<50k,Business income,1,,True,KYC quality exception,False,,2024-07-11,2024-07-25
CPD-0000107,CUST-000107,1983-04-25,Jacksonville,1,1,3,1,False,2276,TIN-121175298,ITIN-597594059,False,No PEP match found.,75k-120k,50k-150k,Business income,1,,False,Standard retail risk.,False,,2025-09-17,2026-02-22
CPD-0000108,CUST-000108,1982-05-12,Charlotte,1,1,2,1,False,0874,TIN-521276842,ITIN-394401029,False,No PEP match found.,75k-120k,500k-1m,Business income,1,3.0,False,Standard retail risk.,False,,2025-08-19,2025-09-21
CPD-0000109,CUST-000109,2007-01-30,Columbia,1,1,2,1,False,9152,TIN-223417824,ITIN-278361127,False,No PEP match found.,25k-50k,<50k,Salary,1,,False,Standard retail risk.,False,,2026-05-06,2026-05-01
CPD-0000110,CUST-000110,1995-08-30,Raleigh,2,2,1,2,False,0010,TIN-697176903,ITIN-594666167,False,No PEP match found.,120k-200k,50k-150k,Salary,1,,False,Standard retail risk.,False,,2026-02-19,2026-05-01
CPD-0000111,CUST-000111,1981-07-21,Miami,1,1,1,1,False,1760,TIN-356168305,ITIN-891103495,False,No PEP match found.,50k-75k,1m+,Inheritance,1,,False,Standard retail risk.,False,,2026-07-13,2026-05-01
CPD-0000112,CUST-000112,1963-09-04,Columbia,1,1,3,1,False,1561,TIN-611823835,ITIN-155865833,False,No PEP match found.,25k-50k,500k-1m,Salary,1,2.0,False,Standard retail risk.,False,,2026-09-16,2026-05-01
CPD-0000113,CUST-000113,1964-08-05,Columbia,1,2,3,1,False,5944,TIN-391905993,ITIN-957561835,False,No PEP match found.,50k-75k,<50k,Savings and investments,5,1.0,False,Standard retail risk.,False,,2024-11-19,2024-11-25
CPD-0000114,CUST-000114,1955-04-22,Miami,2,2,2,2,False,6778,TIN-923735125,ITIN-130666903,True,Potential local-government exposure; enhanced due diligence required.,50k-75k,50k-150k,Business income,1,,True,PEP-related monitoring,False,,2024-08-08,2024-12-15
CPD-0000115,CUST-000115,1973-03-11,Miami,1,2,2,1,False,4291,TIN-644240317,ITIN-142412424,False,No PEP match found.,25k-50k,500k-1m,Business income,3,1.0,False,Standard retail risk.,False,,2024-03-21,2024-06-20
CPD-0000116,CUST-000116,1960-08-06,Miami,1,2,1,1,False,6416,TIN-933887725,ITIN-890522905,False,No PEP match found.,75k-120k,50k-150k,Savings and investments,1,,False,Standard retail risk.,False,,2024-01-23,2024-06-12
CPD-0000117,CUST-000117,1946-10-30,Charlotte,1,1,1,1,False,4902,TIN-251546545,ITIN-452303796,False,No PEP match found.,50k-75k,50k-150k,Salary,1,,False,Standard retail risk.,False,,2025-12-12,2026-04-24
CPD-0000118,CUST-000118,1993-11-17,Raleigh,1,1,1,1,False,5907,TIN-431323559,ITIN-359866931,False,No PEP match found.,75k-120k,50k-150k,Inheritance,1,2.0,False,Standard retail risk.,False,,2026-06-15,2026-05-01
CPD-0000119,CUST-000119,2002-06-11,Columbia,1,2,1,1,False,2571,TIN-416827485,ITIN-691452781,False,No PEP match found.,25k-50k,150k-500k,Savings and investments,1,2.0,False,Standard retail risk.,False,,2024-05-07,2024-09-12
CPD-0000120,CUST-000120,1982-07-31,Columbia,1,1,2,1,False,8675,TIN-876948411,ITIN-255977883,False,No PEP match found.,50k-75k,150k-500k,Savings and investments,1,,False,Standard retail risk.,False,,2024-06-26,2024-12-17
CPD-0000121,CUST-000121,1969-07-19,Miami,1,2,2,1,False,8556,TIN-105292123,ITIN-257509875,False,No PEP match found.,25k-50k,50k-150k,Salary,2,1.0,False,Standard retail risk.,False,,2026-09-24,2026-05-01
CPD-0000122,CUST-000122,1980-12-27,Charlotte,4,2,2,4,True,6201,TIN-588591141,ITIN-900548742,False,No PEP match found.,120k-200k,<50k,Savings and investments,1,,False,Standard retail risk.,False,,2026-09-26,2026-05-01
CPD-0000123,CUST-000123,1984-04-13,Charlotte,1,1,1,1,False,6722,TIN-899934833,ITIN-997376363,False,No PEP match found.,25k-50k,150k-500k,Inheritance,5,1.0,False,Standard retail risk.,False,,2024-05-08,2024-10-31
CPD-0000124,CUST-000124,2008-02-04,Atlanta,1,2,3,1,False,9631,TIN-701231538,ITIN-158401684,False,No PEP match found.,120k-200k,50k-150k,Inheritance,1,,False,Standard retail risk.,False,,2025-06-25,2025-12-01
CPD-0000125,CUST-000125,1943-05-25,Miami,2,1,3,2,True,7578,TIN-444203350,ITIN-363098814,False,No PEP match found.,120k-200k,500k-1m,Inheritance,1,2.0,False,Standard retail risk.,False,,2024-02-20,2024-04-30
CPD-0000126,CUST-000126,1963-02-22,Miami,1,1,3,1,False,6844,TIN-471963248,ITIN-949965901,False,No PEP match found.,25k-50k,50k-150k,Business income,1,2.0,False,Standard retail risk.,False,,2024-10-23,2025-03-08
CPD-0000127,CUST-000127,1997-02-25,Raleigh,3,1,1,3,False,8713,TIN-178860619,ITIN-444592653,False,No PEP match found.,120k-200k,500k-1m,Inheritance,1,,False,Standard retail risk.,False,,2024-01-23,2024-05-14
CPD-0000128,CUST-000128,1950-02-11,Columbia,1,2,2,1,False,3388,TIN-253327501,ITIN-202765963,False,No PEP match found.,50k-75k,150k-500k,Inheritance,2,1.0,False,Standard retail risk.,False,,2024-08-24,2025-02-18
CPD-0000129,CUST-000129,1983-04-08,Jacksonville,1,2,2,1,False,7269,TIN-794952369,ITIN-847312155,False,No PEP match found.,120k-200k,150k-500k,Business income,1,,False,Standard retail risk.,False,,2025-09-08,2025-09-29
CPD-0000130,CUST-000130,1991-12-09,Atlanta,2,2,1,2,False,4100,TIN-372645868,ITIN-860967943,False,No PEP match found.,25k-50k,150k-500k,Business income,1,,False,Standard retail risk.,False,,2025-02-01,2025-04-04
CPD-0000131,CUST-000131,1953-01-14,Jacksonville,3,2,2,3,False,6533,TIN-308103859,ITIN-186754138,False,No PEP match found.,25k-50k,150k-500k,Inheritance,1,,False,Standard retail risk.,False,,2025-07-26,2025-08-18
CPD-0000132,CUST-000132,1975-09-17,Columbia,3,2,2,3,False,2194,TIN-964539929,ITIN-806803795,False,No PEP match found.,25k-50k,50k-150k,Savings and investments,1,,False,Standard retail risk.,False,,2025-02-28,2025-08-06
CPD-0000133,CUST-000133,1999-03-19,Jacksonville,1,2,2,1,True,6016,TIN-358601871,ITIN-681410550,False,No PEP match found.,50k-75k,<50k,Savings and investments,2,1.0,False,Standard retail risk.,False,,2024-01-17,2024-06-17
CPD-0000134,CUST-000134,1986-06-14,Charlotte,1,2,1,1,False,1656,TIN-591239948,ITIN-646646907,False,No PEP match found.,120k-200k,150k-500k,Business income,1,,False,Standard retail risk.,False,,2025-02-16,2025-08-13
CPD-0000135,CUST-000135,1989-02-03,Jacksonville,1,2,2,1,False,1580,TIN-176368588,ITIN-205869821,False,No PEP match found.,50k-75k,50k-150k,Inheritance,2,1.0,False,Standard retail risk.,False,,2025-01-31,2025-02-06
CPD-0000136,CUST-000136,1977-04-02,Columbia,1,2,1,1,False,7821,TIN-818042070,ITIN-841966649,False,No PEP match found.,25k-50k,150k-500k,Business income,1,,False,Standard retail risk.,False,,2026-08-27,2026-05-01
CPD-0000137,CUST-000137,1950-07-12,Miami,1,1,2,1,False,6458,TIN-818140704,ITIN-894281983,False,No PEP match found.,50k-75k,<50k,Inheritance,4,1.0,False,Standard retail risk.,False,,2026-05-13,2026-05-01
CPD-0000138,CUST-000138,1977-01-29,Jacksonville,1,1,2,1,True,1140,TIN-993212837,ITIN-676466755,False,No PEP match found.,25k-50k,150k-500k,Salary,1,,False,Standard retail risk.,False,,2025-04-19,2025-09-22
CPD-0000139,CUST-000139,1947-09-28,Atlanta,4,2,2,4,False,8921,TIN-133547398,ITIN-524321355,False,No PEP match found.,75k-120k,50k-150k,Business income,1,,False,Standard retail risk.,False,,2025-01-19,2025-03-17
CPD-0000140,CUST-000140,1976-12-16,Jacksonville,4,1,2,4,False,4216,TIN-701250386,ITIN-382158407,False,No PEP match found.,75k-120k,50k-150k,Business income,1,,False,Standard retail risk.,False,,2026-01-14,2026-01-27
CPD-0000141,CUST-000141,2007-03-31,Jacksonville,1,1,2,1,True,7375,TIN-581900968,ITIN-528112195,False,No PEP match found.,50k-75k,150k-500k,Inheritance,1,,False,Standard retail risk.,False,,2025-07-30,2025-08-04
CPD-0000142,CUST-000142,1986-10-26,Raleigh,3,2,2,3,False,5706,TIN-138451506,ITIN-463193496,False,No PEP match found.,50k-75k,<50k,Business income,1,,False,Standard retail risk.,False,,2026-05-19,2026-05-01
CPD-0000143,CUST-000143,1984-08-26,Charlotte,1,2,1,1,False,3573,TIN-836959495,ITIN-165202355,False,No PEP match found.,75k-120k,1m+,Salary,2,1.0,False,Standard retail risk.,False,,2024-07-26,2025-01-13
CPD-0000144,CUST-000144,1975-07-14,Charlotte,1,2,3,1,True,1705,TIN-663492079,ITIN-586529399,False,No PEP match found.,50k-75k,150k-500k,Salary,2,1.0,False,Standard retail risk.,False,,2026-09-12,2026-05-01
CPD-0000145,CUST-000145,1971-03-20,Raleigh,2,2,1,2,False,7889,TIN-753817027,ITIN-205112644,False,No PEP match found.,75k-120k,500k-1m,Savings and investments,5,1.0,False,Standard retail risk.,False,,2026-06-13,2026-05-01
CPD-0000146,CUST-000146,1953-01-10,Raleigh,1,2,3,1,False,4258,TIN-818078651,ITIN-105039494,False,No PEP match found.,50k-75k,<50k,Inheritance,1,,False,Standard retail risk.,False,,2025-09-07,2025-10-16
CPD-0000147,CUST-000147,2008-02-14,Raleigh,1,2,2,1,True,2252,TIN-427968323,ITIN-134402900,False,No PEP match found.,50k-75k,50k-150k,Inheritance,1,,False,Standard retail risk.,False,,2025-02-17,2025-07-15
CPD-0000148,CUST-000148,1979-08-02,Raleigh,1,1,1,1,False,2261,TIN-631529565,ITIN-222823147,False,No PEP match found.,120k-200k,150k-500k,Business income,1,3.0,False,Standard retail risk.,False,,2026-07-28,2026-05-01
CPD-0000149,CUST-000149,1944-10-04,Atlanta,3,1,1,3,False,0330,TIN-695078536,ITIN-948146660,False,No PEP match found.,25k-50k,150k-500k,Salary,1,,False,Standard retail risk.,False,,2025-01-17,2025-02-02
CPD-0000150,CUST-000150,1948-09-09,Atlanta,4,2,2,4,False,0548,TIN-583783690,ITIN-120482083,False,No PEP match found.,50k-75k,150k-500k,Savings and investments,1,2.0,False,Standard retail risk.,False,,2024-06-15,2024-11-06
CPD-0000151,CUST-000151,1991-05-11,Atlanta,1,3,1,1,False,5161,TIN-444389952,ITIN-531479689,False,No PEP match found.,120k-200k,150k-500k,Business income,1,,False,Standard retail risk.,False,,2026-08-17,2026-05-01
CPD-0000152,CUST-000152,1946-05-01,Raleigh,4,1,1,4,False,9877,TIN-159681535,ITIN-322935607,False,No PEP match found.,50k-75k,<50k,Business income,2,1.0,False,Standard retail risk.,False,,2026-01-27,2026-05-01
CPD-0000153,CUST-000153,1977-03-13,Miami,3,1,1,3,False,1905,TIN-245903780,ITIN-500531765,False,No PEP match found.,25k-50k,50k-150k,Savings and investments,1,,False,Standard retail risk.,True,2025-10-24,2024-07-23,2024-09-07
CPD-0000154,CUST-000154,1951-11-18,Atlanta,4,1,3,4,False,7209,TIN-941074714,ITIN-354729238,False,No PEP match found.,75k-120k,150k-500k,Inheritance,1,,False,Standard retail risk.,False,,2025-04-15,2025-08-29
CPD-0000155,CUST-000155,1947-11-19,Atlanta,1,2,2,1,False,8915,TIN-675135873,ITIN-642233797,False,No PEP match found.,25k-50k,<50k,Savings and investments,3,1.0,False,Standard retail risk.,False,,2025-04-30,2025-06-09
CPD-0000156,CUST-000156,1964-07-14,Columbia,1,1,4,1,False,3715,TIN-120384102,ITIN-133040968,False,No PEP match found.,200k+,50k-150k,Inheritance,1,,False,Standard retail risk.,False,,2025-05-14,2025-11-04
CPD-0000157,CUST-000157,1995-09-19,Columbia,1,2,2,1,False,1948,TIN-792558536,ITIN-139730633,False,No PEP match found.,25k-50k,150k-500k,Salary,1,,False,Standard retail risk.,False,,2024-10-24,2025-01-03
CPD-0000158,CUST-000158,1994-03-01,Jacksonville,1,2,1,1,False,3957,TIN-931980131,ITIN-128252457,False,No PEP match found.,50k-75k,1m+,Salary,1,,False,Standard retail risk.,False,,2026-06-26,2026-05-01
CPD-0000159,CUST-000159,1943-07-21,Jacksonville,1,2,2,1,False,4446,TIN-348231389,ITIN-142033466,False,No PEP match found.,50k-75k,150k-500k,Salary,1,3.0,False,Standard retail risk.,False,,2026-08-18,2026-05-01
CPD-0000160,CUST-000160,1998-07-24,Jacksonville,1,2,2,1,False,6224,TIN-478673014,ITIN-843149820,False,No PEP match found.,50k-75k,50k-150k,Savings and investments,1,,False,Standard retail risk.,False,,2024-11-03,2025-02-04
CPD-0000161,CUST-000161,2006-01-17,Miami,1,1,1,1,False,2385,TIN-440773544,ITIN-257190270,False,No PEP match found.,25k-50k,<50k,Inheritance,2,1.0,False,Standard retail risk.,False,,2024-04-07,2024-09-05
CPD-0000162,CUST-000162,1962-05-27,Jacksonville,4,2,1,4,True,4504,TIN-733986129,ITIN-748378757,False,No PEP match found.,120k-200k,500k-1m,Business income,1,2.0,False,Standard retail risk.,False,,2025-06-28,2025-08-06
CPD-0000163,CUST-000163,1951-11-21,Raleigh,1,2,1,1,False,6572,TIN-690775410,ITIN-272249657,False,No PEP match found.,25k-50k,<50k,Savings and investments,1,,False,Standard retail risk.,False,,2024-06-10,2024-11-08
CPD-0000164,CUST-000164,1988-01-02,Atlanta,1,2,2,1,False,5000,TIN-911090349,ITIN-870788248,False,No PEP match found.,50k-75k,<50k,Inheritance,2,1.0,False,Standard retail risk.,False,,2026-01-10,2026-01-23
CPD-0000165,CUST-000165,1948-12-22,Raleigh,4,1,2,4,False,8423,TIN-179980447,ITIN-169178087,False,No PEP match found.,120k-200k,150k-500k,Savings and investments,1,,False,Standard retail risk.,False,,2025-02-14,2025-08-11
CPD-0000166,CUST-000166,1943-10-05,Raleigh,1,1,2,1,False,8807,TIN-539866448,ITIN-677592152,False,No PEP match found.,25k-50k,500k-1m,Savings and investments,4,1.0,False,Standard retail risk.,False,,2024-07-28,2024-12-28
CPD-0000167,CUST-000167,1990-09-18,Columbia,1,2,1,1,False,2682,TIN-558288360,ITIN-518729733,False,No PEP match found.,25k-50k,150k-500k,Business income,1,,False,Standard retail risk.,False,,2026-06-22,2026-05-01
CPD-0000168,CUST-000168,1959-02-21,Jacksonville,2,2,3,2,False,9669,TIN-959234419,ITIN-477785038,False,No PEP match found.,50k-75k,<50k,Savings and investments,1,,False,Standard retail risk.,False,,2026-05-03,2026-05-01
CPD-0000169,CUST-000169,2002-06-08,Raleigh,3,2,1,3,False,5660,TIN-413376595,ITIN-222591561,False,No PEP match found.,120k-200k,150k-500k,Savings and investments,1,,False,Standard retail risk.,False,,2025-03-29,2025-06-27
CPD-0000170,CUST-000170,2004-08-23,Columbia,1,2,3,1,False,8432,TIN-355868815,ITIN-678336850,False,No PEP match found.,50k-75k,50k-150k,Salary,1,,False,Standard retail risk.,False,,2026-05-08,2026-05-01
CPD-0000171,CUST-000171,1958-04-15,Atlanta,1,2,2,1,False,1432,TIN-215540347,ITIN-927913070,False,No PEP match found.,50k-75k,150k-500k,Inheritance,2,1.0,False,Standard retail risk.,False,,2025-06-17,2025-08-11
CPD-0000172,CUST-000172,1978-03-11,Miami,1,2,1,1,False,3146,TIN-286914026,ITIN-102170257,False,No PEP match found.,50k-75k,<50k,Salary,1,,False,Standard retail risk.,False,,2024-06-11,2024-07-19
CPD-0000173,CUST-000173,1954-06-04,Miami,1,1,2,1,False,5342,TIN-386725229,ITIN-207553364,False,No PEP match found.,200k+,50k-150k,Inheritance,1,,False,Standard retail risk.,False,,2026-02-21,2026-03-22
CPD-0000174,CUST-000174,1982-12-16,Miami,1,1,1,1,False,5924,TIN-634005849,ITIN-568709372,False,No PEP match found.,75k-120k,150k-500k,Savings and investments,1,2.0,False,Standard retail risk.,False,,2025-05-10,2025-09-12
CPD-0000175,CUST-000175,1999-07-27,Atlanta,1,2,2,1,False,5099,TIN-715341440,ITIN-427821524,False,No PEP match found.,120k-200k,150k-500k,Inheritance,1,,False,Standard retail risk.,False,,2025-06-25,2025-09-04
CPD-0000176,CUST-000176,2003-03-19,Jacksonville,1,1,2,1,False,1594,TIN-764958740,ITIN-398645584,False,No PEP match found.,50k-75k,150k-500k,Savings and investments,2,1.0,False,Standard retail risk.,False,,2024-05-06,2024-06-30
CPD-0000177,CUST-000177,1968-09-09,Columbia,4,2,1,4,False,5757,TIN-203524841,ITIN-140887679,False,No PEP match found.,50k-75k,150k-500k,Inheritance,4,1.0,False,Standard retail risk.,False,,2026-08-18,2026-05-01
CPD-0000178,CUST-000178,1969-10-02,Charlotte,2,2,4,2,True,6590,TIN-991996050,ITIN-334905497,False,No PEP match found.,50k-75k,150k-500k,Savings and investments,1,,False,Standard retail risk.,False,,2024-07-30,2024-09-17
CPD-0000179,CUST-000179,1998-03-30,Atlanta,1,1,2,1,False,5792,TIN-927116407,ITIN-795695854,False,No PEP match found.,120k-200k,<50k,Salary,1,,False,Standard retail risk.,False,,2024-05-02,2024-07-02
CPD-0000180,CUST-000180,2004-07-06,Charlotte,1,1,1,1,False,4694,TIN-915019460,ITIN-780797156,False,No PEP match found.,75k-120k,150k-500k,Salary,2,1.0,False,Standard retail risk.,False,,2025-09-02,2026-02-11
CPD-0000181,CUST-000181,1957-07-17,Jacksonville,1,1,1,1,False,4240,TIN-993144857,ITIN-376201305,False,No PEP match found.,25k-50k,50k-150k,Savings and investments,1,,False,Standard retail risk.,False,,2025-06-19,2025-08-14
CPD-0000182,CUST-000182,1975-05-20,Atlanta,1,2,1,1,False,0706,TIN-861207253,ITIN-131976925,False,No PEP match found.,25k-50k,150k-500k,Salary,1,,False,Standard retail risk.,False,,2026-04-04,2026-04-15
CPD-0000183,CUST-000183,1989-09-14,Raleigh,1,1,1,1,False,1445,TIN-695892688,ITIN-306758373,False,No PEP match found.,120k-200k,50k-150k,Salary,2,1.0,False,Standard retail risk.,False,,2024-06-04,2024-06-14
CPD-0000184,CUST-000184,1965-01-02,Charlotte,2,2,2,2,False,5324,TIN-340928103,ITIN-645754851,False,No PEP match found.,200k+,50k-150k,Business income,1,,False,Standard retail risk.,False,,2024-02-22,2024-05-18
CPD-0000185,CUST-000185,1983-03-22,Jacksonville,1,2,2,1,False,4790,TIN-608305395,ITIN-103145482,False,No PEP match found.,75k-120k,1m+,Salary,4,1.0,False,Standard retail risk.,False,,2025-09-19,2025-11-01
CPD-0000186,CUST-000186,1999-03-25,Jacksonville,2,3,1,2,False,0933,TIN-115682547,ITIN-861552662,False,No PEP match found.,50k-75k,150k-500k,Salary,1,,False,Standard retail risk.,False,,2024-08-04,2025-01-04
CPD-0000187,CUST-000187,1996-08-03,Raleigh,3,1,2,3,False,1818,TIN-986766329,ITIN-212846264,False,No PEP match found.,25k-50k,500k-1m,Business income,1,2.0,False,Standard retail risk.,False,,2025-10-07,2025-11-27
CPD-0000188,CUST-000188,1998-05-30,Miami,1,1,1,1,False,5830,TIN-438350396,ITIN-696365627,False,No PEP match found.,50k-75k,150k-500k,Savings and investments,1,2.0,False,Standard retail risk.,False,,2024-10-11,2024-11-15
CPD-0000189,CUST-000189,1984-11-01,Miami,4,2,1,4,False,7490,TIN-405128747,ITIN-762306588,False,No PEP match found.,120k-200k,50k-150k,Savings and investments,1,,False,Standard retail risk.,False,,2024-05-12,2024-05-25
CPD-0000190,CUST-000190,1961-06-14,Charlotte,2,2,2,2,False,7851,TIN-962912249,ITIN-587947623,False,No PEP match found.,120k-200k,50k-150k,Inheritance,1,,False,Standard retail risk.,False,,2025-01-29,2025-02-18
CPD-0000191,CUST-000191,1989-05-04,Columbia,1,2,2,1,False,2451,TIN-559014563,ITIN-532807723,False,No PEP match found.,25k-50k,500k-1m,Business income,1,,False,Standard retail risk.,False,,2025-12-31,2026-03-19
CPD-0000192,CUST-000192,1964-03-25,Jacksonville,1,2,2,1,False,0270,TIN-947919045,ITIN-822690367,False,No PEP match found.,120k-200k,<50k,Inheritance,1,,False,Standard retail risk.,False,,2025-08-28,2025-12-29
CPD-0000193,CUST-000193,1980-10-26,Jacksonville,1,1,1,1,False,5721,TIN-601002870,ITIN-923125548,False,No PEP match found.,25k-50k,500k-1m,Salary,2,1.0,False,Standard retail risk.,False,,2026-08-12,2026-05-01
CPD-0000194,CUST-000194,1945-05-20,Charlotte,1,2,1,1,False,0796,TIN-667300047,ITIN-134540296,False,No PEP match found.,50k-75k,50k-150k,Savings and investments,1,,False,Standard retail risk.,False,,2025-11-12,2026-03-05
CPD-0000195,CUST-000195,1968-07-21,Columbia,4,1,1,4,True,2504,TIN-347617679,ITIN-229176850,False,No PEP match found.,75k-120k,50k-150k,Inheritance,1,,False,Standard retail risk.,False,,2025-03-28,2025-08-26
CPD-0000196,CUST-000196,1977-12-01,Miami,3,1,2,3,False,1345,TIN-425910277,ITIN-374570289,False,No PEP match found.,120k-200k,150k-500k,Salary,1,,False,Standard retail risk.,False,,2026-09-22,2026-05-01
CPD-0000197,CUST-000197,1965-05-17,Charlotte,1,1,1,1,False,8426,TIN-173335581,ITIN-425501597,False,No PEP match found.,75k-120k,50k-150k,Inheritance,1,,False,Standard retail risk.,False,,2025-10-27,2025-10-31
CPD-0000198,CUST-000198,2001-06-21,Atlanta,2,2,1,2,False,4860,TIN-341132834,ITIN-452718708,False,No PEP match found.,25k-50k,150k-500k,Salary,2,1.0,False,Standard retail risk.,False,,2025-01-03,2025-06-11
CPD-0000199,CUST-000199,1980-06-03,Charlotte,1,2,1,1,False,3841,TIN-154762185,ITIN-619579720,False,No PEP match found.,200k+,50k-150k,Savings and investments,1,,False,Standard retail risk.,False,,2025-07-19,2025-08-06
CPD-0000200,CUST-000200,1984-04-18,Raleigh,1,2,2,1,False,9765,TIN-271036799,ITIN-203238946,False,No PEP match found.,75k-120k,500k-1m,Savings and investments,1,,False,Standard retail risk.,False,,2026-06-29,2026-05-01
CPD-0000201,CUST-000201,1962-09-07,Miami,2,2,2,2,False,7603,TIN-251142615,ITIN-669558378,False,No PEP match found.,50k-75k,50k-150k,Business income,2,1.0,False,Standard retail risk.,False,,2024-12-13,2025-01-12
CPD-0000202,CUST-000202,1990-01-25,Miami,1,2,2,1,True,7682,TIN-616934052,ITIN-434307910,False,No PEP match found.,25k-50k,150k-500k,Savings and investments,1,2.0,False,Standard retail risk.,False,,2024-05-06,2024-07-07
CPD-0000203,CUST-000203,1990-01-09,Miami,2,3,1,2,False,3482,TIN-902399735,ITIN-753734272,False,No PEP match found.,75k-120k,50k-150k,Savings and investments,1,,False,Standard retail risk.,False,,2025-10-23,2025-10-28
CPD-0000204,CUST-000204,1950-10-12,Jacksonville,1,1,3,1,False,4646,TIN-396762815,ITIN-225558283,False,No PEP match found.,75k-120k,<50k,Salary,1,,False,Standard retail risk.,False,,2024-11-25,2025-05-22
CPD-0000205,CUST-000205,1957-01-05,Atlanta,1,1,1,1,True,5176,TIN-530841817,ITIN-683712669,False,No PEP match found.,25k-50k,<50k,Savings and investments,1,,False,Standard retail risk.,False,,2026-05-15,2026-05-01
CPD-0000206,CUST-000206,1986-12-25,Columbia,2,1,1,2,False,0628,TIN-533722756,ITIN-457997248,False,No PEP match found.,50k-75k,50k-150k,Salary,1,,False,Standard retail risk.,False,,2024-05-11,2024-08-14
CPD-0000207,CUST-000207,2004-02-23,Atlanta,1,2,1,1,False,1544,TIN-849406780,ITIN-933654987,False,No PEP match found.,50k-75k,50k-150k,Savings and investments,1,,False,Standard retail risk.,False,,2024-10-15,2025-02-23
CPD-0000208,CUST-000208,1981-09-08,Raleigh,2,1,2,2,False,9873,TIN-492834369,ITIN-772382135,False,No PEP match found.,50k-75k,50k-150k,Salary,1,,False,Standard retail risk.,False,,2024-07-22,2024-12-25
CPD-0000209,CUST-000209,1986-01-08,Miami,1,1,2,1,False,4201,TIN-595323929,ITIN-400464865,False,No PEP match found.,75k-120k,500k-1m,Salary,1,,False,Standard retail risk.,False,,2025-12-08,2026-03-22
CPD-0000210,CUST-000210,1958-10-31,Charlotte,1,2,2,1,False,9055,TIN-681457154,ITIN-161063904,False,No PEP match found.,50k-75k,1m+,Inheritance,1,,False,Standard retail risk.,False,,2024-09-13,2024-11-15
CPD-0000211,CUST-000211,1988-10-22,Columbia,1,2,2,1,False,5953,TIN-442215876,ITIN-207273415,False,No PEP match found.,75k-120k,150k-500k,Inheritance,1,,False,Standard retail risk.,False,,2026-09-08,2026-05-01
CPD-0000212,CUST-000212,1989-05-23,Raleigh,3,1,1,3,False,0958,TIN-304891371,ITIN-584061769,False,No PEP match found.,50k-75k,150k-500k,Inheritance,1,,False,Standard retail risk.,False,,2024-01-27,2024-04-14
CPD-0000213,CUST-000213,1981-05-27,Raleigh,2,2,1,2,False,7860,TIN-663600091,ITIN-971932350,False,No PEP match found.,75k-120k,50k-150k,Salary,1,,False,Standard retail risk.,False,,2025-09-04,2025-12-08
CPD-0000214,CUST-000214,1959-10-05,Raleigh,1,1,1,1,False,9069,TIN-796384604,ITIN-817202563,False,No PEP match found.,50k-75k,150k-500k,Salary,1,2.0,False,Standard retail risk.,False,,2026-05-11,2026-05-01
CPD-0000215,CUST-000215,1990-08-06,Raleigh,3,2,2,3,False,4544,TIN-207169708,ITIN-148461724,False,No PEP match found.,120k-200k,150k-500k,Business income,2,1.0,False,Standard retail risk.,False,,2025-05-10,2025-10-13
CPD-0000216,CUST-000216,1976-10-04,Charlotte,1,2,1,1,False,5533,TIN-556907438,ITIN-981796180,False,No PEP match found.,200k+,<50k,Inheritance,1,,False,Standard retail risk.,False,,2024-09-02,2024-12-15
CPD-0000217,CUST-000217,1973-09-16,Jacksonville,2,2,1,2,False,1238,TIN-550410778,ITIN-261707458,False,No PEP match found.,75k-120k,150k-500k,Salary,1,,False,Standard retail risk.,False,,2026-04-27,2026-05-01
CPD-0000218,CUST-000218,1956-03-12,Columbia,1,2,4,1,False,4851,TIN-362519281,ITIN-981696205,False,No PEP match found.,75k-120k,50k-150k,Business income,1,,False,Standard retail risk.,False,,2026-02-10,2026-05-01
CPD-0000219,CUST-000219,1966-02-07,Columbia,1,1,2,1,False,0123,TIN-229229247,ITIN-155646064,False,No PEP match found.,25k-50k,50k-150k,Business income,2,1.0,False,Standard retail risk.,False,,2025-04-04,2025-07-10
CPD-0000220,CUST-000220,1995-08-21,Jacksonville,4,1,1,4,False,4618,TIN-507028396,ITIN-994119120,False,No PEP match found.,200k+,50k-150k,Business income,1,,False,Standard retail risk.,False,,2024-10-18,2024-11-12
CPD-0000221,CUST-000221,2005-05-23,Columbia,1,2,2,1,False,3281,TIN-741645225,ITIN-616402671,False,No PEP match found.,120k-200k,150k-500k,Savings and investments,1,,False,Standard retail risk.,False,,2025-02-15,2025-04-09
CPD-0000222,CUST-000222,1992-11-17,Columbia,1,1,1,1,False,0623,TIN-422959196,ITIN-140292540,False,No PEP match found.,50k-75k,50k-150k,Inheritance,1,,False,Standard retail risk.,False,,2026-05-18,2026-05-01
CPD-0000223,CUST-000223,1979-06-07,Jacksonville,1,2,2,1,False,6900,TIN-686669541,ITIN-459240066,False,No PEP match found.,25k-50k,1m+,Savings and investments,1,,False,Standard retail risk.,False,,2024-12-06,2025-05-31
CPD-0000224,CUST-000224,2005-05-14,Columbia,1,2,1,1,False,1304,TIN-123035152,ITIN-378468943,False,No PEP match found.,50k-75k,1m+,Business income,1,,False,Standard retail risk.,False,,2024-05-18,2024-07-11
CPD-0000225,CUST-000225,1950-06-29,Charlotte,1,2,1,1,False,3392,TIN-640802103,ITIN-288825961,False,No PEP match found.,75k-120k,<50k,Savings and investments,1,,False,Standard retail risk.,False,,2025-01-29,2025-05-12
CPD-0000226,CUST-000226,1997-07-24,Miami,2,2,1,2,False,1728,TIN-483103666,ITIN-119042318,False,No PEP match found.,120k-200k,150k-500k,Inheritance,2,1.0,False,Standard retail risk.,False,,2024-06-03,2024-10-14
CPD-0000227,CUST-000227,1985-06-17,Atlanta,1,2,2,1,False,8818,TIN-982566491,ITIN-930099841,False,No PEP match found.,75k-120k,<50k,Savings and investments,1,,True,PEP-related monitoring,False,,2026-07-25,2026-05-01
CPD-0000228,CUST-000228,1967-03-05,Raleigh,1,1,1,1,False,6917,TIN-598476232,ITIN-159268585,False,No PEP match found.,50k-75k,<50k,Business income,1,,False,Standard retail risk.,False,,2024-05-20,2024-07-07
CPD-0000229,CUST-000229,1982-07-26,Charlotte,1,1,1,1,False,6113,TIN-136474330,ITIN-907188648,False,No PEP match found.,120k-200k,150k-500k,Salary,1,,False,Standard retail risk.,False,,2026-06-08,2026-05-01
CPD-0000230,CUST-000230,2006-12-13,Raleigh,2,1,2,2,False,2521,TIN-292467227,ITIN-497456007,False,No PEP match found.,75k-120k,150k-500k,Salary,2,1.0,False,Standard retail risk.,False,,2026-04-16,2026-05-01
CPD-0000231,CUST-000231,1975-08-16,Miami,1,3,1,1,False,7668,TIN-626957180,ITIN-803750746,False,No PEP match found.,25k-50k,<50k,Inheritance,1,,False,Standard retail risk.,False,,2025-07-08,2025-10-11
CPD-0000232,CUST-000232,1983-04-20,Charlotte,1,2,2,1,False,1969,TIN-975475397,ITIN-654369760,False,No PEP match found.,120k-200k,150k-500k,Savings and investments,1,,False,Standard retail risk.,False,,2025-11-20,2026-02-24
CPD-0000233,CUST-000233,1965-04-07,Miami,1,2,1,1,False,2095,TIN-120164918,ITIN-781251338,False,No PEP match found.,75k-120k,<50k,Savings and investments,1,,False,Standard retail risk.,False,,2026-10-02,2026-05-01
CPD-0000234,CUST-000234,1963-04-16,Miami,4,2,1,4,False,0815,TIN-453175164,ITIN-420900691,False,No PEP match found.,120k-200k,50k-150k,Savings and investments,2,1.0,False,Standard retail risk.,False,,2024-04-05,2024-04-17
CPD-0000235,CUST-000235,1952-02-08,Raleigh,3,2,2,3,False,1867,TIN-431545543,ITIN-284119829,False,No PEP match found.,25k-50k,<50k,Business income,1,,False,Standard retail risk.,False,,2024-11-17,2025-03-08
CPD-0000236,CUST-000236,1977-04-29,Miami,1,2,2,1,False,3407,TIN-578189333,ITIN-821229982,False,No PEP match found.,200k+,150k-500k,Business income,1,,False,Standard retail risk.,False,,2024-02-21,2024-07-19
CPD-0000237,CUST-000237,1993-01-29,Charlotte,1,2,1,1,False,0234,TIN-700591465,ITIN-394317740,False,No PEP match found.,50k-75k,50k-150k,Salary,1,,False,Standard retail risk.,False,,2026-03-01,2026-03-16
CPD-0000238,CUST-000238,1943-11-09,Charlotte,1,1,1,1,False,8856,TIN-357486109,ITIN-692172067,False,No PEP match found.,120k-200k,150k-500k,Savings and investments,1,,False,Standard retail risk.,False,,2025-02-22,2025-07-03
CPD-0000239,CUST-000239,2001-10-06,Jacksonville,1,2,1,1,False,3140,TIN-116108043,ITIN-529060829,False,No PEP match found.,50k-75k,<50k,Savings and investments,2,1.0,False,Standard retail risk.,False,,2026-03-16,2026-05-01
CPD-0000240,CUST-000240,1950-02-05,Atlanta,1,1,2,1,False,6559,TIN-750602975,ITIN-742140271,False,No PEP match found.,25k-50k,1m+,Inheritance,1,,False,Standard retail risk.,False,,2026-06-16,2026-05-01
CPD-0000241,CUST-000241,1951-02-24,Charlotte,4,2,1,4,False,2982,TIN-593528357,ITIN-693507798,False,No PEP match found.,25k-50k,150k-500k,Salary,3,1.0,False,Standard retail risk.,False,,2024-04-07,2024-09-02
CPD-0000242,CUST-000242,1969-12-19,Jacksonville,1,1,1,1,False,4786,TIN-131014122,ITIN-549240152,False,No PEP match found.,50k-75k,50k-150k,Salary,1,,False,Standard retail risk.,False,,2024-03-08,2024-03-25
CPD-0000243,CUST-000243,1950-04-24,Atlanta,3,1,1,3,False,3560,TIN-251194416,ITIN-389174907,False,No PEP match found.,75k-120k,500k-1m,Savings and investments,2,1.0,False,Standard retail risk.,False,,2025-03-18,2025-05-06
CPD-0000244,CUST-000244,1977-09-07,Miami,1,2,2,1,False,6581,TIN-285482060,ITIN-203606691,False,No PEP match found.,200k+,150k-500k,Inheritance,1,,False,Standard retail risk.,False,,2025-10-18,2025-11-29
CPD-0000245,CUST-000245,1951-08-14,Charlotte,2,1,4,2,False,9332,TIN-849256679,ITIN-617338783,False,No PEP match found.,25k-50k,50k-150k,Savings and investments,1,,False,Standard retail risk.,False,,2024-05-30,2024-08-22
CPD-0000246,CUST-000246,2000-04-17,Charlotte,1,2,3,1,False,7170,TIN-143530683,ITIN-763660942,False,No PEP match found.,50k-75k,<50k,Savings and investments,1,,False,Standard retail risk.,False,,2025-06-28,2025-11-04
CPD-0000247,CUST-000247,1981-04-21,Jacksonville,1,2,3,1,False,8506,TIN-202157308,ITIN-419544072,False,No PEP match found.,50k-75k,50k-150k,Savings and investments,1,,False,Standard retail risk.,False,,2025-02-03,2025-05-30
CPD-0000248,CUST-000248,1990-12-22,Charlotte,1,1,2,1,False,3634,TIN-418127384,ITIN-834033130,False,No PEP match found.,120k-200k,1m+,Business income,1,,False,Standard retail risk.,False,,2026-01-27,2026-04-25
CPD-0000249,CUST-000249,1944-01-27,Jacksonville,2,2,3,2,False,0579,TIN-811372140,ITIN-337889451,False,No PEP match found.,50k-75k,50k-150k,Inheritance,2,1.0,False,Standard retail risk.,False,,2026-01-24,2026-04-05
CPD-0000250,CUST-000250,1952-02-24,Raleigh,1,1,3,1,False,5022,TIN-522949594,ITIN-121645427,False,No PEP match found.,200k+,1m+,Salary,2,1.0,False,Standard retail risk.,False,,2024-08-08,2024-11-01
CPD-0000251,CUST-000251,1990-06-05,Raleigh,1,2,2,1,True,5451,TIN-703947082,ITIN-728466754,False,No PEP match found.,50k-75k,50k-150k,Business income,1,,False,Standard retail risk.,False,,2024-05-01,2024-08-12
CPD-0000252,CUST-000252,1975-09-14,Charlotte,1,1,2,1,False,2302,TIN-721277030,ITIN-794159055,False,No PEP match found.,75k-120k,50k-150k,Savings and investments,1,2.0,False,Standard retail risk.,False,,2024-06-28,2024-11-15
CPD-0000253,CUST-000253,1952-12-05,Atlanta,1,2,2,1,False,2680,TIN-685354716,ITIN-445196706,False,No PEP match found.,25k-50k,50k-150k,Salary,1,,False,Standard retail risk.,False,,2026-09-22,2026-05-01
CPD-0000254,CUST-000254,2006-09-30,Miami,1,1,3,1,False,2211,TIN-888527430,ITIN-927578857,False,No PEP match found.,50k-75k,50k-150k,Salary,1,2.0,False,Standard retail risk.,False,,2025-03-29,2025-05-15
CPD-0000255,CUST-000255,1962-12-02,Miami,1,1,1,1,False,6338,TIN-202578675,ITIN-685117538,False,No PEP match found.,120k-200k,500k-1m,Salary,1,2.0,False,Standard retail risk.,False,,2026-09-07,2026-05-01
CPD-0000256,CUST-000256,1946-06-15,Raleigh,1,1,1,1,False,8469,TIN-910138859,ITIN-811584515,False,No PEP match found.,25k-50k,1m+,Business income,2,1.0,False,Standard retail risk.,False,,2024-08-13,2024-12-01
CPD-0000257,CUST-000257,1966-08-28,Columbia,4,2,2,4,False,8879,TIN-568795066,ITIN-733335520,False,No PEP match found.,200k+,150k-500k,Savings and investments,1,,False,Standard retail risk.,False,,2026-01-09,2026-05-01
CPD-0000258,CUST-000258,1981-07-24,Raleigh,1,3,2,1,False,8965,TIN-153603920,ITIN-768009763,False,No PEP match found.,200k+,50k-150k,Salary,1,,False,Standard retail risk.,False,,2025-07-09,2025-09-21
CPD-0000259,CUST-000259,1969-03-11,Raleigh,1,2,1,1,False,1380,TIN-407797803,ITIN-149703198,False,No PEP match found.,120k-200k,50k-150k,Salary,1,,False,Standard retail risk.,False,,2024-01-30,2024-04-09
CPD-0000260,CUST-000260,2001-10-10,Raleigh,1,2,1,1,False,9492,TIN-538635454,ITIN-435645223,True,Potential local-government exposure; enhanced due diligence required.,120k-200k,50k-150k,Salary,1,,True,PEP-related monitoring,False,,2025-05-07,2025-08-13
CPD-0000261,CUST-000261,1982-02-10,Raleigh,1,1,2,1,False,9767,TIN-136547512,ITIN-292830240,False,No PEP match found.,75k-120k,50k-150k,Salary,1,,False,Standard retail risk.,False,,2026-02-02,2026-05-01
CPD-0000262,CUST-000262,1994-07-06,Raleigh,1,2,3,1,False,7716,TIN-479848956,ITIN-669257645,False,No PEP match found.,25k-50k,150k-500k,Savings and investments,1,,False,Standard retail risk.,False,,2025-01-24,2025-03-03
CPD-0000263,CUST-000263,2007-10-21,Jacksonville,1,1,4,1,False,9969,TIN-606897103,ITIN-506516945,False,No PEP match found.,120k-200k,50k-150k,Savings and investments,1,,False,Standard retail risk.,False,,2024-11-14,2025-02-19
CPD-0000264,CUST-000264,1942-12-25,Jacksonville,1,1,2,1,False,2473,TIN-378918055,ITIN-385994297,False,No PEP match found.,50k-75k,150k-500k,Savings and investments,1,,False,Standard retail risk.,False,,2025-11-14,2026-04-06
CPD-0000265,CUST-000265,1948-11-05,Miami,2,1,2,2,False,3730,TIN-106986411,ITIN-491339550,False,No PEP match found.,25k-50k,50k-150k,Business income,1,,False,Standard retail risk.,False,,2024-08-05,2024-09-14
CPD-0000266,CUST-000266,1969-11-29,Atlanta,1,2,2,1,False,0567,TIN-817708437,ITIN-955575044,False,No PEP match found.,50k-75k,<50k,Business income,1,,False,Standard retail risk.,False,,2024-06-24,2024-11-02
CPD-0000267,CUST-000267,2003-03-13,Miami,1,1,2,1,False,2542,TIN-132374711,ITIN-496455377,False,No PEP match found.,25k-50k,150k-500k,Savings and investments,1,,False,Standard retail risk.,False,,2025-04-26,2025-05-19
CPD-0000268,CUST-000268,1972-01-16,Raleigh,2,2,1,2,False,2672,TIN-630285685,ITIN-863859450,False,No PEP match found.,120k-200k,150k-500k,Inheritance,1,,False,Standard retail risk.,False,,2024-08-06,2024-12-25
CPD-0000269,CUST-000269,2002-04-02,Atlanta,2,2,1,2,False,0038,TIN-210821752,ITIN-439722534,False,No PEP match found.,25k-50k,50k-150k,Business income,1,,False,Standard retail risk.,False,,2024-07-17,2024-07-28
CPD-0000270,CUST-000270,1987-09-07,Miami,1,2,2,1,False,2015,TIN-169607092,ITIN-786991924,False,No PEP match found.,25k-50k,<50k,Salary,4,1.0,False,Standard retail risk.,False,,2024-04-13,2024-09-29
CPD-0000271,CUST-000271,1975-03-13,Columbia,4,2,1,4,False,1768,TIN-671356196,ITIN-241455270,False,No PEP match found.,50k-75k,1m+,Savings and investments,1,,False,Standard retail risk.,False,,2024-06-26,2024-09-10
CPD-0000272,CUST-000272,1944-06-28,Jacksonville,1,1,2,1,False,6912,TIN-405482723,ITIN-364557453,False,No PEP match found.,50k-75k,50k-150k,Inheritance,2,1.0,False,Standard retail risk.,False,,2024-11-17,2025-01-02
CPD-0000273,CUST-000273,1999-01-20,Miami,1,2,2,1,False,6205,TIN-620235322,ITIN-938688811,False,No PEP match found.,75k-120k,50k-150k,Business income,1,,False,Standard retail risk.,False,,2024-12-28,2025-01-05
CPD-0000274,CUST-000274,1982-02-14,Atlanta,1,1,4,1,False,3333,TIN-643258685,ITIN-494290020,False,No PEP match found.,120k-200k,<50k,Business income,2,1.0,False,Standard retail risk.,False,,2024-07-27,2024-09-12
CPD-0000275,CUST-000275,1963-12-22,Raleigh,4,2,1,4,False,4537,TIN-293496707,ITIN-139579129,False,No PEP match found.,50k-75k,500k-1m,Savings and investments,1,2.0,False,Standard retail risk.,False,,2024-04-11,2024-05-30
CPD-0000276,CUST-000276,1953-10-24,Miami,2,1,1,2,False,8712,TIN-135028477,ITIN-729777014,False,No PEP match found.,50k-75k,50k-150k,Salary,2,1.0,False,Standard retail risk.,False,,2025-09-15,2025-12-23
CPD-0000277,CUST-000277,1991-07-21,Jacksonville,1,1,1,1,False,9543,TIN-211331783,ITIN-683397400,False,No PEP match found.,25k-50k,50k-150k,Salary,1,,False,Standard retail risk.,False,,2026-01-31,2026-05-01
CPD-0000278,CUST-000278,2006-05-15,Atlanta,3,1,1,3,False,7061,TIN-919697174,ITIN-481132886,False,No PEP match found.,50k-75k,<50k,Salary,1,,False,Standard retail risk.,False,,2026-09-30,2026-05-01
CPD-0000279,CUST-000279,1993-12-01,Miami,2,1,1,2,False,5004,TIN-959295995,ITIN-418606833,False,No PEP match found.,75k-120k,<50k,Salary,4,1.0,False,Standard retail risk.,False,,2024-11-24,2024-12-23
CPD-0000280,CUST-000280,1942-08-13,Miami,4,2,3,4,True,8164,TIN-936789848,ITIN-381083697,False,No PEP match found.,50k-75k,1m+,Business income,1,,False,Standard retail risk.,False,,2026-03-21,2026-05-01
CPD-0000281,CUST-000281,1998-08-06,Raleigh,1,1,1,1,False,7828,TIN-163003204,ITIN-815987495,False,No PEP match found.,75k-120k,500k-1m,Salary,1,3.0,False,Standard retail risk.,False,,2025-05-17,2025-09-12
CPD-0000282,CUST-000282,1950-09-08,Atlanta,1,1,2,1,False,7373,TIN-939443384,ITIN-893254873,False,No PEP match found.,50k-75k,50k-150k,Business income,1,3.0,False,Standard retail risk.,False,,2026-09-02,2026-05-01
CPD-0000283,CUST-000283,1987-11-12,Miami,3,2,1,3,False,7069,TIN-227720892,ITIN-357648229,False,No PEP match found.,120k-200k,<50k,Business income,2,1.0,False,Standard retail risk.,False,,2025-08-12,2026-01-22
CPD-0000284,CUST-000284,1974-02-02,Charlotte,1,1,1,1,False,7141,TIN-112697883,ITIN-323184739,False,No PEP match found.,120k-200k,50k-150k,Inheritance,2,1.0,False,Standard retail risk.,False,,2024-07-13,2024-11-15
CPD-0000285,CUST-000285,1975-07-31,Columbia,3,2,4,3,False,6611,TIN-861478474,ITIN-699518226,False,No PEP match found.,120k-200k,50k-150k,Business income,1,,False,Standard retail risk.,False,,2025-08-17,2026-01-26
CPD-0000286,CUST-000286,1978-12-18,Columbia,1,1,2,1,False,5593,TIN-350252621,ITIN-460322414,False,No PEP match found.,25k-50k,500k-1m,Salary,1,,False,Standard retail risk.,False,,2025-03-13,2025-04-17
CPD-0000287,CUST-000287,1968-12-18,Miami,1,2,2,1,False,5125,TIN-787528455,ITIN-260342071,False,No PEP match found.,120k-200k,500k-1m,Savings and investments,1,,True,PEP-related monitoring,False,,2026-07-29,2026-05-01
CPD-0000288,CUST-000288,1983-04-11,Columbia,1,2,1,1,False,5917,TIN-721759888,ITIN-428350472,False,No PEP match found.,50k-75k,500k-1m,Salary,1,,False,Standard retail risk.,False,,2025-03-29,2025-07-12
CPD-0000289,CUST-000289,1988-07-07,Columbia,1,1,2,1,False,7768,TIN-288382872,ITIN-713144877,False,No PEP match found.,50k-75k,50k-150k,Savings and investments,1,,False,Standard retail risk.,True,2019-07-12,2025-04-10,2025-09-01
CPD-0000290,CUST-000290,1974-06-12,Raleigh,2,2,3,2,False,8909,TIN-610674203,ITIN-893757268,False,No PEP match found.,50k-75k,150k-500k,Salary,2,1.0,False,Standard retail risk.,False,,2024-11-18,2025-05-13
CPD-0000291,CUST-000291,1956-12-28,Atlanta,1,1,1,1,False,5336,TIN-433330363,ITIN-504213510,False,No PEP match found.,75k-120k,500k-1m,Inheritance,1,2.0,False,Standard retail risk.,False,,2024-04-08,2024-05-08
CPD-0000292,CUST-000292,1974-02-09,Raleigh,3,1,2,3,False,1259,TIN-902120993,ITIN-945617487,False,No PEP match found.,50k-75k,1m+,Salary,5,1.0,False,Standard retail risk.,False,,2025-01-29,2025-02-18
CPD-0000293,CUST-000293,1972-05-15,Jacksonville,2,1,3,2,False,4521,TIN-808987459,ITIN-279144875,False,No PEP match found.,50k-75k,<50k,Savings and investments,1,,False,Standard retail risk.,False,,2026-01-28,2026-05-01
CPD-0000294,CUST-000294,1991-07-09,Columbia,1,2,2,1,False,9465,TIN-936438371,ITIN-214179505,False,No PEP match found.,75k-120k,<50k,Savings and investments,1,,False,Standard retail risk.,False,,2026-07-20,2026-05-01
CPD-0000295,CUST-000295,1980-05-19,Jacksonville,1,2,1,1,False,4193,TIN-647906579,ITIN-977164820,False,No PEP match found.,50k-75k,150k-500k,Business income,1,,False,Standard retail risk.,False,,2025-11-06,2025-12-18
CPD-0000296,CUST-000296,1942-07-03,Raleigh,1,1,2,1,False,3436,TIN-355041338,ITIN-712736843,False,No PEP match found.,120k-200k,50k-150k,Business income,1,,False,Standard retail risk.,False,,2025-02-02,2025-05-31
CPD-0000297,CUST-000297,2003-03-07,Atlanta,4,2,2,4,False,2515,TIN-668914957,ITIN-293266233,False,No PEP match found.,25k-50k,150k-500k,Inheritance,1,,False,Standard retail risk.,False,,2024-01-08,2024-04-27
CPD-0000298,CUST-000298,1964-06-21,Charlotte,2,2,2,2,False,3928,TIN-721007867,ITIN-310326933,False,No PEP match found.,75k-120k,50k-150k,Savings and investments,1,,False,Standard retail risk.,False,,2025-07-19,2025-09-06
CPD-0000299,CUST-000299,2006-02-26,Columbia,2,1,2,2,False,1136,TIN-935743273,ITIN-973239113,False,No PEP match found.,75k-120k,150k-500k,Business income,1,,False,Standard retail risk.,False,,2026-05-05,2026-05-01
CPD-0000300,CUST-000300,1969-04-09,Raleigh,1,2,2,1,False,9398,TIN-282433024,ITIN-393733979,False,No PEP match found.,75k-120k,500k-1m,Salary,1,,False,Standard retail risk.,False,,2025-04-15,2025-06-30
CPD-0000301,CUST-000301,1988-05-24,Miami,3,2,4,3,False,8331,TIN-646422574,ITIN-313393466,False,No PEP match found.,50k-75k,50k-150k,Salary,1,,False,Standard retail risk.,False,,2024-11-28,2025-05-23
CPD-0000302,CUST-000302,1998-06-06,Raleigh,4,1,3,4,False,6980,TIN-119796856,ITIN-954426744,False,No PEP match found.,50k-75k,150k-500k,Business income,1,,False,Standard retail risk.,False,,2025-07-21,2025-11-29
CPD-0000303,CUST-000303,1956-11-04,Raleigh,1,1,3,1,True,3728,TIN-129191126,ITIN-962175196,False,No PEP match found.,120k-200k,150k-500k,Salary,2,1.0,False,Standard retail risk.,False,,2026-02-20,2026-03-21
CPD-0000304,CUST-000304,1965-10-18,Miami,1,1,1,1,False,8333,TIN-777275523,ITIN-280444736,False,No PEP match found.,25k-50k,<50k,Savings and investments,1,,False,Standard retail risk.,False,,2025-06-26,2025-08-18
CPD-0000305,CUST-000305,1958-02-03,Columbia,1,2,2,1,False,1946,TIN-838074834,ITIN-414374336,False,No PEP match found.,75k-120k,50k-150k,Inheritance,1,,False,Standard retail risk.,False,,2026-05-12,2026-05-01
CPD-0000306,CUST-000306,1951-11-24,Charlotte,2,2,3,2,False,5932,TIN-198656889,ITIN-553763190,False,No PEP match found.,75k-120k,50k-150k,Savings and investments,1,,False,Standard retail risk.,False,,2026-06-02,2026-05-01
CPD-0000307,CUST-000307,1952-08-12,Raleigh,1,2,2,1,False,4150,TIN-140946059,ITIN-349944863,True,Potential local-government exposure; enhanced due diligence required.,120k-200k,50k-150k,Inheritance,1,,True,PEP-related monitoring,False,,2026-03-25,2026-05-01
CPD-0000308,CUST-000308,1951-04-11,Jacksonville,1,1,2,1,False,8259,TIN-905234768,ITIN-384545332,False,No PEP match found.,25k-50k,50k-150k,Business income,2,1.0,False,Standard retail risk.,False,,2025-07-20,2025-09-21
CPD-0000309,CUST-000309,1962-01-11,Columbia,1,1,2,1,False,0633,TIN-880240450,ITIN-781246638,False,No PEP match found.,75k-120k,500k-1m,Salary,2,1.0,False,Standard retail risk.,False,,2025-03-02,2025-04-04
CPD-0000310,CUST-000310,1985-03-15,Raleigh,1,2,1,1,False,0954,TIN-460241696,ITIN-467109688,False,No PEP match found.,50k-75k,50k-150k,Savings and investments,1,2.0,False,Standard retail risk.,False,,2024-05-02,2024-09-05
CPD-0000311,CUST-000311,1963-10-06,Raleigh,3,1,1,3,False,7296,TIN-826832294,ITIN-765905844,False,No PEP match found.,50k-75k,150k-500k,Salary,1,,False,Standard retail risk.,False,,2024-10-14,2024-11-14
CPD-0000312,CUST-000312,1948-12-05,Raleigh,1,2,2,1,False,8658,TIN-207667409,ITIN-376092811,False,No PEP match found.,25k-50k,500k-1m,Inheritance,1,3.0,False,Standard retail risk.,False,,2024-01-27,2024-05-02
CPD-0000313,CUST-000313,1963-08-24,Jacksonville,1,2,2,1,False,6653,TIN-547022920,ITIN-214130784,False,No PEP match found.,75k-120k,50k-150k,Savings and investments,1,,False,Standard retail risk.,False,,2025-04-12,2025-06-13
CPD-0000314,CUST-000314,1981-03-25,Atlanta,1,2,2,1,False,4185,TIN-154776324,ITIN-103179758,False,No PEP match found.,50k-75k,1m+,Savings and investments,1,,False,Standard retail risk.,False,,2025-11-03,2025-11-25
CPD-0000315,CUST-000315,1999-10-09,Columbia,1,2,3,1,False,8642,TIN-892139451,ITIN-715584121,False,No PEP match found.,120k-200k,50k-150k,Savings and investments,1,,False,Standard retail risk.,False,,2024-02-13,2024-05-22
CPD-0000316,CUST-000316,1965-05-27,Miami,4,2,3,4,False,0153,TIN-858551837,ITIN-574304777,False,No PEP match found.,50k-75k,<50k,Savings and investments,2,1.0,False,Standard retail risk.,False,,2024-08-07,2024-12-09
CPD-0000317,CUST-000317,1962-01-13,Miami,4,2,1,4,False,8556,TIN-786765266,ITIN-685562332,False,No PEP match found.,120k-200k,50k-150k,Inheritance,4,1.0,False,Standard retail risk.,False,,2024-12-14,2025-06-06
CPD-0000318,CUST-000318,1968-10-04,Columbia,1,1,3,1,False,2962,TIN-199373912,ITIN-395350584,False,No PEP match found.,25k-50k,150k-500k,Inheritance,1,,False,Standard retail risk.,False,,2025-02-11,2025-04-29
CPD-0000319,CUST-000319,2006-03-08,Charlotte,4,2,2,4,False,5538,TIN-692556992,ITIN-419226848,False,No PEP match found.,200k+,50k-150k,Inheritance,1,,False,Standard retail risk.,False,,2024-03-26,2024-09-11
CPD-0000320,CUST-000320,1942-11-10,Jacksonville,1,2,2,1,False,5121,TIN-814223809,ITIN-510611046,False,No PEP match found.,50k-75k,50k-150k,Business income,1,,False,Standard retail risk.,False,,2025-09-29,2026-01-25
CPD-0000321,CUST-000321,1948-05-15,Charlotte,1,2,3,1,False,3405,TIN-286323040,ITIN-585919683,False,No PEP match found.,25k-50k,150k-500k,Inheritance,1,,False,Standard retail risk.,False,,2024-02-06,2024-03-29
CPD-0000322,CUST-000322,2001-06-19,Miami,1,2,1,1,False,8810,TIN-638864591,ITIN-461766447,True,Potential local-government exposure; enhanced due diligence required.,75k-120k,<50k,Savings and investments,3,1.0,True,Cross-border activity,False,,2026-09-28,2026-05-01
CPD-0000323,CUST-000323,1979-07-05,Miami,3,2,4,3,False,9287,TIN-999363471,ITIN-595437042,False,No PEP match found.,200k+,500k-1m,Salary,1,,False,Standard retail risk.,False,,2025-12-10,2026-02-02
CPD-0000324,CUST-000324,1982-09-25,Miami,1,2,2,1,True,6420,TIN-976109385,ITIN-939051501,False,No PEP match found.,200k+,50k-150k,Salary,1,,False,Standard retail risk.,False,,2024-02-15,2024-05-12
CPD-0000325,CUST-000325,1956-10-31,Miami,1,1,1,1,False,5043,TIN-915917544,ITIN-927278966,False,No PEP match found.,200k+,<50k,Savings and investments,1,3.0,False,Standard retail risk.,False,,2024-04-30,2024-08-23
CPD-0000326,CUST-000326,1965-04-06,Miami,2,1,2,2,False,8968,TIN-374240442,ITIN-492781713,False,No PEP match found.,120k-200k,150k-500k,Salary,2,1.0,False,Standard retail risk.,False,,2024-06-08,2024-10-06
CPD-0000327,CUST-000327,1978-05-08,Jacksonville,1,2,2,1,False,4412,TIN-955730657,ITIN-284529802,False,No PEP match found.,50k-75k,500k-1m,Savings and investments,1,,False,Standard retail risk.,False,,2026-07-12,2026-05-01
CPD-0000328,CUST-000328,1960-03-06,Miami,1,1,3,1,False,5923,TIN-537559563,ITIN-966598653,False,No PEP match found.,25k-50k,150k-500k,Savings and investments,1,,False,Standard retail risk.,False,,2025-02-05,2025-02-11
CPD-0000329,CUST-000329,1967-03-03,Columbia,1,2,2,1,False,7619,TIN-145534971,ITIN-281124550,False,No PEP match found.,50k-75k,<50k,Business income,2,1.0,False,Standard retail risk.,False,,2026-08-30,2026-05-01
CPD-0000330,CUST-000330,1984-07-15,Jacksonville,2,1,2,2,False,9556,TIN-670462179,ITIN-783934781,False,No PEP match found.,50k-75k,150k-500k,Savings and investments,1,3.0,False,Standard retail risk.,False,,2024-10-15,2025-04-10
CPD-0000331,CUST-000331,1999-10-06,Raleigh,3,1,1,3,False,8283,TIN-878198803,ITIN-311697911,False,No PEP match found.,120k-200k,150k-500k,Savings and investments,1,,False,Standard retail risk.,False,,2026-05-21,2026-05-01
CPD-0000332,CUST-000332,1984-01-18,Atlanta,3,2,1,3,False,0573,TIN-284722264,ITIN-972151583,False,No PEP match found.,25k-50k,50k-150k,Business income,1,,False,Standard retail risk.,True,2025-07-30,2026-09-07,2026-05-01
CPD-0000333,CUST-000333,1969-03-22,Jacksonville,1,3,1,1,False,6582,TIN-541881853,ITIN-607444396,False,No PEP match found.,75k-120k,50k-150k,Inheritance,4,1.0,False,Standard retail risk.,False,,2024-05-10,2024-09-11
CPD-0000334,CUST-000334,1959-08-21,Charlotte,1,1,2,1,False,0669,TIN-645622314,ITIN-509181386,False,No PEP match found.,200k+,500k-1m,Salary,1,,False,Standard retail risk.,False,,2025-07-01,2025-08-29
CPD-0000335,CUST-000335,1943-10-07,Raleigh,3,2,2,3,False,4053,TIN-802981398,ITIN-793996189,False,No PEP match found.,75k-120k,150k-500k,Business income,1,2.0,False,Standard retail risk.,False,,2025-12-09,2026-01-03
CPD-0000336,CUST-000336,1993-11-08,Miami,2,2,1,2,False,4244,TIN-348677038,ITIN-301114663,False,No PEP match found.,50k-75k,<50k,Savings and investments,1,,False,Standard retail risk.,False,,2025-04-03,2025-04-11
CPD-0000337,CUST-000337,1964-03-30,Jacksonville,1,1,2,1,False,3857,TIN-103549141,ITIN-725128478,False,No PEP match found.,50k-75k,<50k,Salary,1,2.0,False,Standard retail risk.,False,,2025-01-30,2025-03-11
CPD-0000338,CUST-000338,1947-06-26,Miami,1,2,2,1,False,1096,TIN-956074590,ITIN-426914360,False,No PEP match found.,25k-50k,150k-500k,Salary,1,,False,Standard retail risk.,False,,2026-02-22,2026-03-31
CPD-0000339,CUST-000339,1976-12-10,Raleigh,1,1,2,1,False,6600,TIN-758097088,ITIN-752026410,False,No PEP match found.,50k-75k,150k-500k,Inheritance,1,,True,Cross-border activity,False,,2025-09-07,2025-09-13
CPD-0000340,CUST-000340,1993-08-02,Columbia,2,2,2,2,False,4915,TIN-249473546,ITIN-243600846,False,No PEP match found.,75k-120k,150k-500k,Business income,1,,False,Standard retail risk.,False,,2024-07-28,2024-10-10
CPD-0000341,CUST-000341,1942-04-24,Charlotte,1,2,4,1,False,2687,TIN-971650648,ITIN-600489365,False,No PEP match found.,50k-75k,150k-500k,Savings and investments,1,,False,Standard retail risk.,False,,2025-06-02,2025-07-09
CPD-0000342,CUST-000342,1945-11-06,Atlanta,1,1,2,1,False,4784,TIN-753971614,ITIN-222950354,False,No PEP match found.,50k-75k,150k-500k,Salary,2,1.0,False,Standard retail risk.,False,,2024-08-27,2025-01-10
CPD-0000343,CUST-000343,1969-11-16,Atlanta,3,1,2,3,False,5857,TIN-640235032,ITIN-467962509,False,No PEP match found.,120k-200k,500k-1m,Salary,2,1.0,False,Standard retail risk.,False,,2024-03-05,2024-06-25
CPD-0000344,CUST-000344,1960-02-22,Jacksonville,1,2,3,1,False,9922,TIN-105142529,ITIN-966328864,False,No PEP match found.,25k-50k,150k-500k,Savings and investments,1,2.0,False,Standard retail risk.,False,,2026-07-05,2026-05-01
CPD-0000345,CUST-000345,1962-05-12,Columbia,4,1,1,4,False,8797,TIN-749205661,ITIN-961203498,False,No PEP match found.,120k-200k,150k-500k,Savings and investments,2,1.0,False,Standard retail risk.,False,,2025-09-24,2025-11-28
CPD-0000346,CUST-000346,2005-01-07,Miami,1,1,2,1,False,6944,TIN-456071123,ITIN-223656804,False,No PEP match found.,75k-120k,<50k,Business income,1,,False,Standard retail risk.,False,,2025-09-12,2026-01-21
CPD-0000347,CUST-000347,1981-07-02,Raleigh,1,3,1,1,False,5974,TIN-643782420,ITIN-265811840,False,No PEP match found.,75k-120k,150k-500k,Business income,1,,False,Standard retail risk.,False,,2024-12-15,2025-05-25
CPD-0000348,CUST-000348,2005-06-13,Columbia,2,2,1,2,False,4062,TIN-547614066,ITIN-683517398,False,No PEP match found.,25k-50k,50k-150k,Inheritance,1,,False,Standard retail risk.,False,,2025-03-19,2025-03-24
CPD-0000349,CUST-000349,1999-12-17,Atlanta,1,2,1,1,False,9373,TIN-122207870,ITIN-231326637,False,No PEP match found.,75k-120k,<50k,Business income,1,,False,Standard retail risk.,False,,2026-02-14,2026-03-18
CPD-0000350,CUST-000350,1959-03-04,Miami,1,2,2,1,False,5673,TIN-315001854,ITIN-605931736,False,No PEP match found.,75k-120k,<50k,Business income,2,1.0,False,Standard retail risk.,False,,2024-07-05,2024-08-04
CPD-0000351,CUST-000351,1947-01-27,Atlanta,1,1,1,1,False,8503,TIN-431681920,ITIN-340575723,False,No PEP match found.,120k-200k,150k-500k,Savings and investments,1,,False,Standard retail risk.,False,,2025-11-10,2026-01-08
CPD-0000352,CUST-000352,1993-11-04,Jacksonville,2,2,2,2,False,6817,TIN-496271032,ITIN-656541477,False,No PEP match found.,50k-75k,50k-150k,Business income,1,,True,PEP-related monitoring,False,,2025-12-26,2026-04-17
CPD-0000353,CUST-000353,2005-11-08,Columbia,3,2,2,3,False,0178,TIN-371184550,ITIN-940248065,False,No PEP match found.,50k-75k,150k-500k,Savings and investments,1,2.0,False,Standard retail risk.,False,,2024-07-10,2024-11-18
CPD-0000354,CUST-000354,1949-03-26,Charlotte,4,2,2,4,False,5011,TIN-258785464,ITIN-527267566,False,No PEP match found.,75k-120k,150k-500k,Savings and investments,1,2.0,False,Standard retail risk.,False,,2025-06-05,2025-07-02
CPD-0000355,CUST-000355,1986-06-17,Columbia,4,2,2,4,False,5054,TIN-749472947,ITIN-921635026,False,No PEP match found.,25k-50k,150k-500k,Inheritance,1,,False,Standard retail risk.,False,,2025-03-15,2025-04-25
CPD-0000356,CUST-000356,1999-05-16,Raleigh,1,1,3,1,False,5324,TIN-392126554,ITIN-674821342,False,No PEP match found.,120k-200k,<50k,Inheritance,1,2.0,False,Standard retail risk.,False,,2025-04-26,2025-07-22
CPD-0000357,CUST-000357,1981-05-09,Charlotte,3,2,1,3,False,4281,TIN-852507580,ITIN-363922868,False,No PEP match found.,50k-75k,1m+,Business income,1,,False,Standard retail risk.,False,,2025-08-22,2025-11-21
CPD-0000358,CUST-000358,1990-01-25,Columbia,1,2,1,1,True,6919,TIN-503867258,ITIN-864311261,False,No PEP match found.,50k-75k,50k-150k,Savings and investments,1,2.0,False,Standard retail risk.,False,,2024-02-21,2024-08-14
CPD-0000359,CUST-000359,1955-11-27,Columbia,1,2,1,1,False,8257,TIN-750546923,ITIN-280700842,False,No PEP match found.,120k-200k,150k-500k,Savings and investments,1,,False,Standard retail risk.,False,,2026-06-19,2026-05-01
CPD-0000360,CUST-000360,2003-08-05,Charlotte,4,1,3,4,False,3288,TIN-604603691,ITIN-888078698,False,No PEP match found.,25k-50k,50k-150k,Business income,3,1.0,False,Standard retail risk.,False,,2024-03-02,2024-07-17
