employee_id,period_id,branch_id,base_pay_usd,bonus_pay_usd,total_pay_usd
EMP-000001,2025-M01,BR-001,9370.02,280.11,9650.13
EMP-000001,2025-M02,BR-001,9591.95,454.28,10046.23
EMP-000001,2025-M03,BR-001,10088.58,1450.9,11539.48
EMP-000001,2025-M04,BR-001,9503.98,443.12,9947.1
EMP-000001,2025-M05,BR-001,9594.0,384.12,9978.12
EMP-000001,2025-M06,BR-001,9555.91,2096.55,11652.46
EMP-000001,2025-M07,BR-001,9339.81,480.74,9820.55
EMP-000001,2025-M08,BR-001,9444.74,352.01,9796.75
EMP-000001,2025-M09,BR-001,9467.81,1571.68,11039.49
EMP-000001,2025-M10,BR-001,9645.21,494.7,10139.91
EMP-000001,2025-M11,BR-001,9359.72,318.29,9678.01
EMP-000001,2025-M12,BR-001,9487.76,1571.49,11059.25
EMP-000001,2026-M01,BR-001,9228.07,296.46,9524.53
EMP-000001,2026-M02,BR-001,9217.87,433.33,9651.2
EMP-000001,2026-M03,BR-001,9859.91,1904.86,11764.77
EMP-000001,2026-M04,BR-001,9300.44,494.41,9794.85
EMP-000001,2026-M05,BR-001,9321.89,295.97,9617.86
EMP-000001,2026-M06,BR-001,9653.35,1536.45,11189.8
EMP-000001,2026-M07,BR-001,9456.96,373.31,9830.27
EMP-000001,2026-M08,BR-001,9437.83,477.15,9914.98
EMP-000001,2026-M09,BR-001,9446.24,1337.0,10783.24
EMP-000001,2026-M10,BR-001,9558.02,305.33,9863.35
EMP-000001,2026-M11,BR-001,9341.4,367.05,9708.45
EMP-000001,2026-M12,BR-001,9369.69,1492.71,10862.4
EMP-000002,2025-M01,BR-001,5218.47,105.35,5323.82
EMP-000002,2025-M02,BR-001,5178.19,98.2,5276.39
EMP-000002,2025-M03,BR-001,5255.56,366.41,5621.97
EMP-000002,2025-M04,BR-001,5353.28,109.9,5463.18
EMP-000002,2025-M05,BR-001,5271.27,73.0,5344.27
EMP-000002,2025-M06,BR-001,5325.69,347.84,5673.53
EMP-000002,2025-M07,BR-001,5098.34,88.55,5186.89
EMP-000002,2025-M08,BR-001,5068.91,82.02,5150.93
EMP-000002,2025-M09,BR-001,5352.52,460.65,5813.17
EMP-000002,2025-M10,BR-001,5357.41,84.76,5442.17
EMP-000002,2025-M11,BR-001,5228.45,111.62,5340.07
EMP-000002,2025-M12,BR-001,5330.53,394.6,5725.13
EMP-000002,2026-M01,BR-001,5035.4,85.03,5120.43
EMP-000002,2026-M02,BR-001,5016.94,92.91,5109.85
EMP-000002,2026-M03,BR-001,5351.61,377.63,5729.24
EMP-000002,2026-M04,BR-001,5195.7,111.01,5306.71
EMP-000002,2026-M05,BR-001,5251.03,93.1,5344.13
EMP-000002,2026-M06,BR-001,5353.95,418.16,5772.11
EMP-000002,2026-M07,BR-001,5259.09,100.17,5359.26
EMP-000002,2026-M08,BR-001,5250.66,93.05,5343.71
EMP-000002,2026-M09,BR-001,5422.7,400.54,5823.24
EMP-000002,2026-M10,BR-001,5240.77,73.7,5314.47
EMP-000002,2026-M11,BR-001,5239.95,73.37,5313.32
EMP-000002,2026-M12,BR-001,5315.08,437.44,5752.52
EMP-000003,2025-M12,BR-001,5456.39,224.61,5681.0
EMP-000003,2026-M01,BR-001,5205.25,71.94,5277.19
EMP-000003,2026-M02,BR-001,5277.85,49.44,5327.29
EMP-000003,2026-M03,BR-001,5373.41,250.98,5624.39
EMP-000003,2026-M04,BR-001,5325.35,55.01,5380.36
EMP-000003,2026-M05,BR-001,5331.91,58.29,5390.2
EMP-000003,2026-M06,BR-001,5554.42,169.29,5723.71
EMP-000003,2026-M07,BR-001,5376.08,64.21,5440.29
EMP-000003,2026-M08,BR-001,5329.75,61.21,5390.96
EMP-000003,2026-M09,BR-001,5718.8,212.97,5931.77
EMP-000003,2026-M10,BR-001,5499.6,64.4,5564.0
EMP-000003,2026-M11,BR-001,5442.8,55.54,5498.34
EMP-000003,2026-M12,BR-001,5477.63,199.52,5677.15
EMP-000004,2025-M01,BR-001,5167.3,87.68,5254.98
EMP-000004,2025-M02,BR-001,5148.14,80.02,5228.16
EMP-000004,2025-M03,BR-001,5343.22,409.84,5753.06
EMP-000004,2025-M04,BR-001,5135.82,74.92,5210.74
EMP-000004,2025-M05,BR-001,5087.57,85.01,5172.58
EMP-000004,2025-M06,BR-001,5349.98,336.41,5686.39
EMP-000004,2025-M07,BR-001,5236.07,55.95,5292.02
EMP-000004,2025-M08,BR-001,5299.46,80.81,5380.27
EMP-000004,2025-M09,BR-001,5243.6,251.25,5494.85
EMP-000004,2025-M10,BR-001,5246.75,72.03,5318.78
EMP-000004,2025-M11,BR-001,5237.02,85.84,5322.86
EMP-000004,2025-M12,BR-001,5340.1,339.49,5679.59
EMP-000004,2026-M01,BR-001,5292.81,87.71,5380.52
EMP-000004,2026-M02,BR-001,5385.52,75.75,5461.27
EMP-000004,2026-M03,BR-001,5294.81,224.89,5519.7
EMP-000004,2026-M04,BR-001,5374.77,81.34,5456.11
EMP-000004,2026-M05,BR-001,5367.17,75.74,5442.91
EMP-000004,2026-M06,BR-001,5654.76,286.05,5940.81
EMP-000004,2026-M07,BR-001,5400.11,79.05,5479.16
EMP-000004,2026-M08,BR-001,5394.15,68.81,5462.96
EMP-000004,2026-M09,BR-001,5518.78,302.72,5821.5
EMP-000004,2026-M10,BR-001,5470.25,50.41,5520.66
EMP-000004,2026-M11,BR-001,5496.15,104.26,5600.41
EMP-000004,2026-M12,BR-001,5600.94,394.77,5995.71
EMP-000005,2025-M01,BR-001,2022.93,13.42,2036.35
EMP-000005,2025-M02,BR-001,2062.13,11.9,2074.03
EMP-000005,2025-M03,BR-001,2091.94,51.47,2143.41
EMP-000005,2025-M04,BR-001,2071.18,14.66,2085.84
EMP-000005,2025-M05,BR-001,2057.35,18.58,2075.93
EMP-000005,2025-M06,BR-001,2059.15,66.8,2125.95
EMP-000005,2025-M07,BR-001,2047.78,13.96,2061.74
EMP-000005,2025-M08,BR-001,2001.19,15.48,2016.67
EMP-000005,2025-M09,BR-001,2079.06,58.73,2137.79
EMP-000005,2025-M10,BR-001,2000.21,18.0,2018.21
EMP-000005,2025-M11,BR-001,2033.01,16.45,2049.46
EMP-000005,2025-M12,BR-001,2086.54,67.73,2154.27
EMP-000005,2026-M01,BR-001,1951.52,16.17,1967.69
EMP-000005,2026-M02,BR-001,2010.1,13.87,2023.97
EMP-000005,2026-M03,BR-001,2082.04,52.07,2134.11
EMP-000005,2026-M04,BR-001,2052.89,12.57,2065.46
EMP-000005,2026-M05,BR-001,1983.51,14.19,1997.7
EMP-000005,2026-M06,BR-001,2011.58,39.07,2050.65
EMP-000005,2026-M07,BR-001,2029.68,11.41,2041.09
EMP-000005,2026-M08,BR-001,2036.54,14.21,2050.75
EMP-000005,2026-M09,BR-001,2106.46,49.73,2156.19
EMP-000005,2026-M10,BR-001,1997.23,19.09,2016.32
EMP-000005,2026-M11,BR-001,2096.74,19.52,2116.26
EMP-000005,2026-M12,BR-001,2116.94,74.96,2191.9
EMP-000006,2025-M01,BR-001,6795.94,224.37,7020.31
EMP-000006,2025-M02,BR-001,6837.91,258.31,7096.22
EMP-000006,2025-M03,BR-001,7061.06,1071.42,8132.48
EMP-000006,2025-M04,BR-001,7009.81,225.07,7234.88
EMP-000006,2025-M05,BR-001,6913.57,249.84,7163.41
EMP-000006,2025-M06,BR-001,6777.07,778.82,7555.89
EMP-000006,2025-M07,BR-001,6925.01,248.42,7173.43
EMP-000006,2025-M08,BR-001,6768.25,204.12,6972.37
EMP-000006,2025-M09,BR-001,7077.45,929.7,8007.15
EMP-000006,2025-M10,BR-001,6863.51,182.69,7046.2
EMP-000006,2025-M11,BR-001,6720.26,235.1,6955.36
EMP-000006,2025-M12,BR-001,6678.37,641.36,7319.73
EMP-000006,2026-M01,BR-001,6996.63,161.15,7157.78
EMP-000006,2026-M02,BR-001,6835.66,203.1,7038.76
EMP-000006,2026-M03,BR-001,6968.14,684.51,7652.65
EMP-000006,2026-M04,BR-001,6943.74,171.46,7115.2
EMP-000006,2026-M05,BR-001,6823.51,225.37,7048.88
EMP-000006,2026-M06,BR-001,6832.64,1003.11,7835.75
EMP-000006,2026-M07,BR-001,6795.48,189.96,6985.44
EMP-000006,2026-M08,BR-001,6903.26,143.81,7047.07
EMP-000006,2026-M09,BR-001,7075.75,891.23,7966.98
EMP-000006,2026-M10,BR-001,6719.29,244.97,6964.26
EMP-000006,2026-M11,BR-001,6876.04,257.57,7133.61
EMP-000006,2026-M12,BR-001,7060.41,915.62,7976.03
EMP-000007,2025-M01,BR-002,8917.97,321.51,9239.48
EMP-000007,2025-M02,BR-002,8910.5,425.55,9336.05
EMP-000007,2025-M03,BR-002,9037.2,1142.03,10179.23
EMP-000007,2025-M04,BR-002,8822.68,417.3,9239.98
EMP-000007,2025-M05,BR-002,9087.11,351.59,9438.7
EMP-000007,2025-M06,BR-002,9380.73,1322.18,10702.91
EMP-000007,2025-M07,BR-002,8917.5,339.68,9257.18
EMP-000007,2025-M08,BR-002,9167.46,373.49,9540.95
EMP-000007,2025-M09,BR-002,9304.55,1195.0,10499.55
EMP-000007,2025-M10,BR-002,8929.7,415.92,9345.62
EMP-000007,2025-M11,BR-002,9139.57,507.38,9646.95
EMP-000007,2025-M12,BR-002,9491.43,1353.44,10844.87
EMP-000007,2026-M01,BR-002,9231.88,309.04,9540.92
EMP-000007,2026-M02,BR-002,9118.57,375.57,9494.14
EMP-000007,2026-M03,BR-002,9531.06,2547.7,12078.76
EMP-000007,2026-M04,BR-002,9346.35,338.27,9684.62
EMP-000007,2026-M05,BR-002,8984.78,397.72,9382.5
EMP-000007,2026-M06,BR-002,9359.87,1593.32,10953.19
EMP-000007,2026-M07,BR-002,9627.81,400.91,10028.72
EMP-000007,2026-M08,BR-002,9465.72,418.9,9884.62
EMP-000007,2026-M09,BR-002,9794.16,1985.62,11779.78
EMP-000007,2026-M10,BR-002,9504.44,381.47,9885.91
EMP-000007,2026-M11,BR-002,9461.61,355.2,9816.81
EMP-000007,2026-M12,BR-002,9482.02,1481.51,10963.53
EMP-000008,2025-M01,BR-002,5271.1,113.74,5384.84
EMP-000008,2025-M02,BR-002,5401.52,108.1,5509.62
EMP-000008,2025-M03,BR-002,5373.92,345.93,5719.85
EMP-000008,2025-M04,BR-002,5450.5,50.84,5501.34
EMP-000008,2025-M05,BR-002,5371.76,89.54,5461.3
EMP-000008,2025-M06,BR-002,5362.47,501.83,5864.3
EMP-000008,2025-M07,BR-002,5303.09,85.93,5389.02
EMP-000008,2025-M08,BR-002,5372.3,107.86,5480.16
EMP-000008,2025-M09,BR-002,5380.63,293.76,5674.39
EMP-000008,2025-M10,BR-002,5288.37,84.22,5372.59
EMP-000008,2025-M11,BR-002,5352.79,77.81,5430.6
EMP-000008,2025-M12,BR-002,5498.31,500.47,5998.78
EMP-000008,2026-M01,BR-002,5375.06,112.4,5487.46
EMP-000008,2026-M02,BR-002,5245.54,72.56,5318.1
EMP-000008,2026-M03,BR-002,5437.67,390.74,5828.41
EMP-000008,2026-M04,BR-002,5305.14,86.3,5391.44
EMP-000008,2026-M05,BR-002,5378.9,96.6,5475.5
EMP-000008,2026-M06,BR-002,5414.1,374.92,5789.02
EMP-000008,2026-M07,BR-002,5247.4,67.99,5315.39
EMP-000008,2026-M08,BR-002,5362.65,70.94,5433.59
EMP-000008,2026-M09,BR-002,5469.72,356.37,5826.09
EMP-000008,2026-M10,BR-002,5265.91,101.45,5367.36
EMP-000008,2026-M11,BR-002,5348.43,116.38,5464.81
EMP-000008,2026-M12,BR-002,5616.77,302.02,5918.79
EMP-000009,2025-M01,BR-002,5552.73,63.4,5616.13
EMP-000009,2025-M02,BR-002,5392.55,60.51,5453.06
EMP-000009,2025-M03,BR-002,5631.25,261.86,5893.11
EMP-000009,2025-M04,BR-002,5415.45,51.39,5466.84
EMP-000009,2025-M05,BR-002,5281.32,70.97,5352.29
EMP-000009,2025-M06,BR-002,5765.28,127.94,5893.22
EMP-000009,2025-M07,BR-002,5441.83,40.93,5482.76
EMP-000009,2025-M08,BR-002,5549.23,38.74,5587.97
EMP-000009,2025-M09,BR-002,5526.51,197.97,5724.48
EMP-000009,2025-M10,BR-002,5486.38,51.62,5538.0
EMP-000009,2025-M11,BR-002,5651.53,62.12,5713.65
EMP-000009,2025-M12,BR-002,5675.74,243.85,5919.59
EMP-000009,2026-M01,BR-002,5657.11,68.99,5726.1
EMP-000009,2026-M02,BR-002,5550.12,63.15,5613.27
EMP-000009,2026-M03,BR-002,5664.62,187.76,5852.38
EMP-000009,2026-M04,BR-002,5656.61,58.05,5714.66
EMP-000009,2026-M05,BR-002,5526.59,45.38,5571.97
EMP-000009,2026-M06,BR-002,5756.11,300.29,6056.4
EMP-000009,2026-M07,BR-002,5636.83,56.8,5693.63
EMP-000009,2026-M08,BR-002,5514.98,60.02,5575.0
EMP-000009,2026-M09,BR-002,5884.72,226.91,6111.63
EMP-000009,2026-M10,BR-002,5792.37,51.57,5843.94
EMP-000009,2026-M11,BR-002,5658.5,65.5,5724.0
EMP-000009,2026-M12,BR-002,5783.67,232.87,6016.54
EMP-000010,2025-M01,BR-002,5590.61,95.35,5685.96
EMP-000010,2025-M02,BR-002,5649.8,101.3,5751.1
EMP-000010,2025-M03,BR-002,5710.5,299.84,6010.34
EMP-000010,2025-M04,BR-002,5559.83,76.64,5636.47
EMP-000010,2025-M05,BR-002,5387.45,75.04,5462.49
EMP-000010,2025-M06,BR-002,5642.43,339.84,5982.27
EMP-000010,2025-M07,BR-002,5562.9,71.69,5634.59
EMP-000010,2025-M08,BR-002,5504.88,76.22,5581.1
EMP-000010,2025-M09,BR-002,5740.03,257.27,5997.3
EMP-000010,2025-M10,BR-002,5610.41,50.48,5660.89
EMP-000010,2025-M11,BR-002,5708.91,94.82,5803.73
EMP-000010,2025-M12,BR-002,5626.05,306.4,5932.45
EMP-000010,2026-M01,BR-002,5810.65,82.12,5892.77
EMP-000010,2026-M02,BR-002,5765.48,96.69,5862.17
EMP-000010,2026-M03,BR-002,5769.04,351.74,6120.78
EMP-000010,2026-M04,BR-002,5775.33,57.21,5832.54
EMP-000010,2026-M05,BR-002,5613.42,70.43,5683.85
EMP-000010,2026-M06,BR-002,5842.07,346.69,6188.76
EMP-000010,2026-M07,BR-002,5676.55,90.08,5766.63
EMP-000010,2026-M08,BR-002,5617.3,76.99,5694.29
EMP-000010,2026-M09,BR-002,5632.25,338.4,5970.65
EMP-000010,2026-M10,BR-002,5624.8,83.99,5708.79
EMP-000010,2026-M11,BR-002,5587.35,84.77,5672.12
EMP-000010,2026-M12,BR-002,5755.72,342.79,6098.51
EMP-000011,2025-M05,BR-002,1891.01,9.6,1900.61
EMP-000011,2025-M06,BR-002,1948.09,63.06,2011.15
EMP-000011,2025-M07,BR-002,1920.71,16.97,1937.68
EMP-000011,2025-M08,BR-002,1916.63,10.84,1927.47
EMP-000011,2025-M09,BR-002,1941.72,54.9,1996.62
EMP-000011,2025-M10,BR-002,1914.27,15.87,1930.14
EMP-000011,2025-M11,BR-002,1950.35,12.17,1962.52
EMP-000011,2025-M12,BR-002,2010.21,49.63,2059.84
EMP-000011,2026-M01,BR-002,1883.68,16.91,1900.59
EMP-000011,2026-M02,BR-002,1960.76,10.75,1971.51
EMP-000011,2026-M03,BR-002,1970.29,55.96,2026.25
EMP-000011,2026-M04,BR-002,1927.29,14.37,1941.66
EMP-000011,2026-M05,BR-002,1962.75,11.64,1974.39
EMP-000011,2026-M06,BR-002,1980.0,43.75,2023.75
EMP-000011,2026-M07,BR-002,1948.99,15.28,1964.27
EMP-000011,2026-M08,BR-002,1973.95,15.06,1989.01
EMP-000011,2026-M09,BR-002,1956.6,72.58,2029.18
EMP-000011,2026-M10,BR-002,1975.77,13.24,1989.01
EMP-000011,2026-M11,BR-002,2020.1,13.12,2033.22
EMP-000011,2026-M12,BR-002,2029.09,47.27,2076.36
EMP-000012,2025-M01,BR-002,6309.43,39.88,6349.31
EMP-000012,2025-M02,BR-002,6343.93,56.81,6400.74
EMP-000012,2025-M03,BR-002,6329.31,222.18,6551.49
EMP-000012,2025-M04,BR-002,6312.53,42.09,6354.62
EMP-000012,2025-M05,BR-002,6336.16,39.35,6375.51
EMP-000012,2025-M06,BR-002,6478.87,105.42,6584.29
EMP-000012,2025-M07,BR-002,6389.54,40.34,6429.88
EMP-000012,2025-M08,BR-002,6299.3,41.82,6341.12
EMP-000012,2025-M09,BR-002,6459.59,186.02,6645.61
EMP-000012,2025-M10,BR-002,6079.38,52.84,6132.22
EMP-000012,2025-M11,BR-002,6431.26,43.13,6474.39
EMP-000012,2025-M12,BR-002,6530.39,129.6,6659.99
EMP-000012,2026-M01,BR-002,6351.88,44.81,6396.69
EMP-000012,2026-M02,BR-002,6382.77,47.68,6430.45
EMP-000012,2026-M03,BR-002,6562.5,250.41,6812.91
EMP-000012,2026-M04,BR-002,6296.09,39.15,6335.24
EMP-000012,2026-M05,BR-002,6204.36,38.97,6243.33
EMP-000012,2026-M06,BR-002,6417.82,199.35,6617.17
EMP-000012,2026-M07,BR-002,6451.2,43.5,6494.7
EMP-000012,2026-M08,BR-002,6353.61,43.53,6397.14
EMP-000012,2026-M09,BR-002,6408.47,224.54,6633.01
EMP-000012,2026-M10,BR-002,6311.95,22.28,6334.23
EMP-000012,2026-M11,BR-002,6215.47,44.31,6259.78
EMP-000012,2026-M12,BR-002,6505.16,194.75,6699.91
EMP-000013,2025-M01,BR-003,9798.67,387.47,10186.14
EMP-000013,2025-M02,BR-003,9788.08,386.38,10174.46
EMP-000013,2025-M03,BR-003,9734.23,1835.17,11569.4
EMP-000013,2025-M04,BR-003,9931.51,387.48,10318.99
EMP-000013,2025-M05,BR-003,9726.47,489.63,10216.1
EMP-000013,2025-M06,BR-003,9806.53,1653.26,11459.79
EMP-000013,2025-M07,BR-003,9967.22,434.25,10401.47
EMP-000013,2025-M08,BR-003,9797.98,423.64,10221.62
EMP-000013,2025-M09,BR-003,9822.4,2060.75,11883.15
EMP-000013,2025-M10,BR-003,10067.77,492.8,10560.57
EMP-000013,2025-M11,BR-003,9816.83,483.24,10300.07
EMP-000013,2025-M12,BR-003,10035.66,1334.04,11369.7
EMP-000013,2026-M01,BR-003,9926.34,462.05,10388.39
EMP-000013,2026-M02,BR-003,9995.15,342.51,10337.66
EMP-000013,2026-M03,BR-003,9742.35,1366.54,11108.89
EMP-000013,2026-M04,BR-003,9853.75,444.27,10298.02
EMP-000013,2026-M05,BR-003,9892.97,355.42,10248.39
EMP-000013,2026-M06,BR-003,10021.83,1281.98,11303.81
EMP-000013,2026-M07,BR-003,9909.09,356.63,10265.72
EMP-000013,2026-M08,BR-003,9830.76,380.94,10211.7
EMP-000013,2026-M09,BR-003,9807.32,1708.48,11515.8
EMP-000013,2026-M10,BR-003,9625.68,480.16,10105.84
EMP-000013,2026-M11,BR-003,9855.84,345.3,10201.14
EMP-000013,2026-M12,BR-003,9972.87,1878.73,11851.6
EMP-000014,2025-M01,BR-003,5263.4,87.27,5350.67
EMP-000014,2025-M02,BR-003,5267.84,91.75,5359.59
EMP-000014,2025-M03,BR-003,5259.05,389.36,5648.41
EMP-000014,2025-M04,BR-003,5191.92,106.58,5298.5
EMP-000014,2025-M05,BR-003,5424.59,85.01,5509.6
EMP-000014,2025-M06,BR-003,5433.71,383.31,5817.02
EMP-000014,2025-M07,BR-003,5263.7,69.36,5333.06
EMP-000014,2025-M08,BR-003,5430.68,122.95,5553.63
EMP-000014,2025-M09,BR-003,5455.87,354.79,5810.66
EMP-000014,2025-M10,BR-003,5348.91,113.1,5462.01
EMP-000014,2025-M11,BR-003,5316.46,120.8,5437.26
EMP-000014,2025-M12,BR-003,5541.05,546.2,6087.25
EMP-000014,2026-M01,BR-003,5387.0,95.1,5482.1
EMP-000014,2026-M02,BR-003,5409.7,95.48,5505.18
EMP-000014,2026-M03,BR-003,5661.44,409.84,6071.28
EMP-000014,2026-M04,BR-003,5465.72,87.36,5553.08
EMP-000014,2026-M05,BR-003,5392.63,128.61,5521.24
EMP-000014,2026-M06,BR-003,5476.18,484.4,5960.58
EMP-000014,2026-M07,BR-003,5358.19,61.57,5419.76
EMP-000014,2026-M08,BR-003,5355.21,115.14,5470.35
EMP-000014,2026-M09,BR-003,5480.72,409.67,5890.39
EMP-000014,2026-M10,BR-003,5599.65,103.94,5703.59
EMP-000014,2026-M11,BR-003,5483.88,88.43,5572.31
EMP-000014,2026-M12,BR-003,5604.57,626.94,6231.51
EMP-000015,2025-M01,BR-003,5912.14,70.27,5982.41
EMP-000015,2025-M02,BR-003,5820.75,47.03,5867.78
EMP-000015,2025-M03,BR-003,6056.96,229.68,6286.64
EMP-000015,2025-M04,BR-003,5843.19,68.81,5912.0
EMP-000015,2025-M05,BR-003,6038.29,63.12,6101.41
EMP-000015,2025-M06,BR-003,6071.04,171.58,6242.62
EMP-000015,2025-M07,BR-003,6030.61,75.7,6106.31
EMP-000015,2025-M08,BR-003,5848.84,71.61,5920.45
EMP-000015,2025-M09,BR-003,6122.25,231.32,6353.57
EMP-000015,2025-M10,BR-003,6111.01,59.81,6170.82
EMP-000015,2025-M11,BR-003,6082.88,52.7,6135.58
EMP-000015,2025-M12,BR-003,6033.29,180.73,6214.02
EMP-000015,2026-M01,BR-003,5873.84,59.6,5933.44
EMP-000015,2026-M02,BR-003,6010.99,64.86,6075.85
EMP-000015,2026-M03,BR-003,6252.64,279.45,6532.09
EMP-000015,2026-M04,BR-003,6022.16,69.6,6091.76
EMP-000015,2026-M05,BR-003,6020.31,67.64,6087.95
EMP-000015,2026-M06,BR-003,5937.31,211.8,6149.11
EMP-000015,2026-M07,BR-003,5765.15,64.03,5829.18
EMP-000015,2026-M08,BR-003,5819.1,45.22,5864.32
EMP-000015,2026-M09,BR-003,6161.53,267.8,6429.33
EMP-000015,2026-M10,BR-003,5869.27,67.34,5936.61
EMP-000015,2026-M11,BR-003,6047.64,77.8,6125.44
EMP-000015,2026-M12,BR-003,6101.75,270.53,6372.28
EMP-000016,2025-M01,BR-003,5641.46,94.69,5736.15
EMP-000016,2025-M02,BR-003,5711.64,83.03,5794.67
EMP-000016,2025-M03,BR-003,5643.35,245.89,5889.24
EMP-000016,2025-M04,BR-003,5835.53,80.75,5916.28
EMP-000016,2025-M05,BR-003,5747.75,70.59,5818.34
EMP-000016,2025-M06,BR-003,5824.53,393.19,6217.72
EMP-000016,2025-M07,BR-003,5818.36,57.06,5875.42
EMP-000016,2025-M08,BR-003,5750.71,89.93,5840.64
EMP-000016,2025-M09,BR-003,5856.04,269.47,6125.51
EMP-000016,2025-M10,BR-003,5704.71,67.21,5771.92
EMP-000016,2025-M11,BR-003,5856.34,80.15,5936.49
EMP-000016,2025-M12,BR-003,5768.71,212.26,5980.97
EMP-000016,2026-M01,BR-003,5739.69,106.15,5845.84
EMP-000016,2026-M02,BR-003,5832.99,66.8,5899.79
EMP-000016,2026-M03,BR-003,5883.41,353.07,6236.48
EMP-000016,2026-M04,BR-003,5801.43,81.52,5882.95
EMP-000016,2026-M05,BR-003,5832.92,76.55,5909.47
EMP-000016,2026-M06,BR-003,6013.35,387.22,6400.57
EMP-000016,2026-M07,BR-003,5780.35,76.95,5857.3
EMP-000016,2026-M08,BR-003,5776.65,51.43,5828.08
EMP-000016,2026-M09,BR-003,5902.07,332.65,6234.72
EMP-000016,2026-M10,BR-003,5729.3,70.25,5799.55
EMP-000016,2026-M11,BR-003,5714.31,76.09,5790.4
EMP-000016,2026-M12,BR-003,5823.73,415.94,6239.67
EMP-000017,2025-M01,BR-003,2143.1,14.77,2157.87
EMP-000017,2025-M02,BR-003,2131.73,17.39,2149.12
EMP-000017,2025-M03,BR-003,2162.77,83.37,2246.14
EMP-000017,2025-M04,BR-003,2135.57,12.75,2148.32
EMP-000017,2025-M05,BR-003,2112.37,14.05,2126.42
EMP-000017,2025-M06,BR-003,2211.92,62.57,2274.49
EMP-000017,2025-M07,BR-003,2104.41,17.54,2121.95
EMP-000017,2025-M08,BR-003,2081.71,11.07,2092.78
EMP-000017,2025-M09,BR-003,2150.39,68.35,2218.74
EMP-000017,2025-M10,BR-003,2121.93,12.64,2134.57
EMP-000017,2025-M11,BR-003,2115.32,19.44,2134.76
EMP-000017,2025-M12,BR-003,2118.58,65.51,2184.09
EMP-000017,2026-M01,BR-003,2067.52,11.56,2079.08
EMP-000017,2026-M02,BR-003,2097.73,17.37,2115.1
EMP-000017,2026-M03,BR-003,2185.79,58.91,2244.7
EMP-000017,2026-M04,BR-003,2145.31,13.48,2158.79
EMP-000017,2026-M05,BR-003,2060.67,14.23,2074.9
EMP-000017,2026-M06,BR-003,2185.61,53.57,2239.18
EMP-000017,2026-M07,BR-003,2089.98,16.06,2106.04
EMP-000017,2026-M08,BR-003,2141.95,10.15,2152.1
EMP-000017,2026-M09,BR-003,2188.26,75.66,2263.92
EMP-000017,2026-M10,BR-003,2129.29,14.52,2143.81
EMP-000017,2026-M11,BR-003,2113.1,9.26,2122.36
EMP-000017,2026-M12,BR-003,2143.35,50.33,2193.68
EMP-000018,2025-M01,BR-003,6391.67,96.14,6487.81
EMP-000018,2025-M02,BR-003,6450.79,135.3,6586.09
EMP-000018,2025-M03,BR-003,6574.75,600.51,7175.26
EMP-000018,2025-M04,BR-003,6385.04,140.39,6525.43
EMP-000018,2025-M05,BR-003,6445.36,143.37,6588.73
EMP-000018,2025-M06,BR-003,6374.31,505.2,6879.51
EMP-000018,2025-M07,BR-003,6430.05,145.85,6575.9
EMP-000018,2025-M08,BR-003,6458.38,82.11,6540.49
EMP-000018,2025-M09,BR-003,6777.42,610.03,7387.45
EMP-000018,2025-M10,BR-003,6460.38,74.12,6534.5
EMP-000018,2025-M11,BR-003,6611.92,156.0,6767.92
EMP-000018,2025-M12,BR-003,6786.52,500.29,7286.81
EMP-000018,2026-M01,BR-003,6560.96,126.05,6687.01
EMP-000018,2026-M02,BR-003,6479.71,89.68,6569.39
EMP-000018,2026-M03,BR-003,6647.76,275.41,6923.17
EMP-000018,2026-M04,BR-003,6591.88,149.02,6740.9
EMP-000018,2026-M05,BR-003,6619.89,106.48,6726.37
EMP-000018,2026-M06,BR-003,6975.31,525.51,7500.82
EMP-000018,2026-M07,BR-003,6712.58,109.82,6822.4
EMP-000018,2026-M08,BR-003,6554.64,91.57,6646.21
EMP-000018,2026-M09,BR-003,6996.34,485.06,7481.4
EMP-000018,2026-M10,BR-003,6785.46,126.94,6912.4
EMP-000018,2026-M11,BR-003,6612.56,94.48,6707.04
EMP-000018,2026-M12,BR-003,7015.5,548.8,7564.3
EMP-000019,2025-M12,BR-004,9376.64,1780.66,11157.3
EMP-000019,2026-M01,BR-004,9111.08,307.13,9418.21
EMP-000019,2026-M02,BR-004,9524.0,390.1,9914.1
EMP-000019,2026-M03,BR-004,9274.3,1172.93,10447.23
EMP-000019,2026-M04,BR-004,9222.75,380.07,9602.82
EMP-000019,2026-M05,BR-004,8929.17,392.66,9321.83
EMP-000019,2026-M06,BR-004,9459.39,994.15,10453.54
EMP-000019,2026-M07,BR-004,9234.27,355.91,9590.18
EMP-000019,2026-M08,BR-004,9189.47,398.55,9588.02
EMP-000019,2026-M09,BR-004,9185.03,1220.63,10405.66
EMP-000019,2026-M10,BR-004,9254.74,340.56,9595.3
EMP-000019,2026-M11,BR-004,9246.42,315.03,9561.45
EMP-000019,2026-M12,BR-004,9571.88,1458.16,11030.04
EMP-000020,2025-M01,BR-004,5362.73,82.96,5445.69
EMP-000020,2025-M02,BR-004,5333.45,107.13,5440.58
EMP-000020,2025-M03,BR-004,5283.45,488.43,5771.88
EMP-000020,2025-M04,BR-004,5381.94,115.23,5497.17
EMP-000020,2025-M05,BR-004,5459.03,89.05,5548.08
EMP-000020,2025-M06,BR-004,5526.42,316.54,5842.96
EMP-000020,2025-M07,BR-004,5326.62,95.97,5422.59
EMP-000020,2025-M08,BR-004,5481.47,119.7,5601.17
EMP-000020,2025-M09,BR-004,5630.76,406.66,6037.42
EMP-000020,2025-M10,BR-004,5494.72,86.91,5581.63
EMP-000020,2025-M11,BR-004,5559.51,98.54,5658.05
EMP-000020,2025-M12,BR-004,5582.31,335.43,5917.74
EMP-000020,2026-M01,BR-004,5414.0,116.0,5530.0
EMP-000020,2026-M02,BR-004,5567.15,113.55,5680.7
EMP-000020,2026-M03,BR-004,5572.5,239.25,5811.75
EMP-000020,2026-M04,BR-004,5468.93,97.43,5566.36
EMP-000020,2026-M05,BR-004,5482.78,106.32,5589.1
EMP-000020,2026-M06,BR-004,5724.47,379.2,6103.67
EMP-000020,2026-M07,BR-004,5577.73,84.29,5662.02
EMP-000020,2026-M08,BR-004,5497.14,66.79,5563.93
EMP-000020,2026-M09,BR-004,5549.32,574.47,6123.79
EMP-000020,2026-M10,BR-004,5625.11,105.83,5730.94
EMP-000020,2026-M11,BR-004,5503.85,86.53,5590.38
EMP-000020,2026-M12,BR-004,5565.02,414.92,5979.94
EMP-000021,2025-M01,BR-004,6118.44,64.9,6183.34
EMP-000021,2025-M02,BR-004,6028.84,46.16,6075.0
EMP-000021,2025-M03,BR-004,6313.14,282.0,6595.14
EMP-000021,2025-M04,BR-004,6028.59,78.1,6106.69
EMP-000021,2025-M05,BR-004,6003.83,62.77,6066.6
EMP-000021,2025-M06,BR-004,6027.85,246.09,6273.94
EMP-000021,2025-M07,BR-004,6077.75,54.51,6132.26
EMP-000021,2025-M08,BR-004,6183.5,96.09,6279.59
EMP-000021,2025-M09,BR-004,6206.75,225.19,6431.94
EMP-000021,2025-M10,BR-004,6136.94,52.77,6189.71
EMP-000021,2025-M11,BR-004,6020.09,77.06,6097.15
EMP-000021,2025-M12,BR-004,6119.79,223.4,6343.19
EMP-000021,2026-M01,BR-004,6102.65,63.43,6166.08
EMP-000021,2026-M02,BR-004,6021.41,66.0,6087.41
EMP-000021,2026-M03,BR-004,6244.99,315.77,6560.76
EMP-000021,2026-M04,BR-004,6122.2,58.32,6180.52
EMP-000021,2026-M05,BR-004,6178.09,65.41,6243.5
EMP-000021,2026-M06,BR-004,6263.91,316.53,6580.44
EMP-000021,2026-M07,BR-004,6155.9,59.83,6215.73
EMP-000021,2026-M08,BR-004,6155.12,64.06,6219.18
EMP-000021,2026-M09,BR-004,6317.05,247.18,6564.23
EMP-000021,2026-M10,BR-004,6119.93,63.48,6183.41
EMP-000021,2026-M11,BR-004,5979.78,59.42,6039.2
EMP-000021,2026-M12,BR-004,6313.28,255.25,6568.53
EMP-000022,2025-M01,BR-004,5825.95,89.76,5915.71
EMP-000022,2025-M02,BR-004,5905.41,85.73,5991.14
EMP-000022,2025-M03,BR-004,6149.79,333.33,6483.12
EMP-000022,2025-M04,BR-004,5769.56,81.47,5851.03
EMP-000022,2025-M05,BR-004,5841.01,64.04,5905.05
EMP-000022,2025-M06,BR-004,5998.32,290.54,6288.86
EMP-000022,2025-M07,BR-004,5859.09,70.55,5929.64
EMP-000022,2025-M08,BR-004,5838.63,53.65,5892.28
EMP-000022,2025-M09,BR-004,5858.9,356.48,6215.38
EMP-000022,2025-M10,BR-004,5837.04,78.0,5915.04
EMP-000022,2025-M11,BR-004,5853.55,101.81,5955.36
EMP-000022,2025-M12,BR-004,5787.28,353.21,6140.49
EMP-000022,2026-M01,BR-004,5811.89,50.84,5862.73
EMP-000022,2026-M02,BR-004,5972.91,51.52,6024.43
EMP-000022,2026-M03,BR-004,6090.51,368.0,6458.51
EMP-000022,2026-M04,BR-004,5981.65,102.05,6083.7
EMP-000022,2026-M05,BR-004,5871.99,85.5,5957.49
EMP-000022,2026-M06,BR-004,6086.28,287.92,6374.2
EMP-000022,2026-M07,BR-004,5862.43,87.98,5950.41
EMP-000022,2026-M08,BR-004,5958.29,81.91,6040.2
EMP-000022,2026-M09,BR-004,5959.53,263.84,6223.37
EMP-000022,2026-M10,BR-004,5831.99,86.6,5918.59
EMP-000022,2026-M11,BR-004,5980.1,103.27,6083.37
EMP-000022,2026-M12,BR-004,6033.17,365.66,6398.83
EMP-000023,2025-M01,BR-004,2144.21,21.56,2165.77
EMP-000023,2025-M02,BR-004,2175.06,17.24,2192.3
EMP-000023,2025-M03,BR-004,2242.1,57.1,2299.2
EMP-000023,2025-M04,BR-004,2128.6,11.37,2139.97
EMP-000023,2025-M05,BR-004,2185.45,16.42,2201.87
EMP-000023,2025-M06,BR-004,2191.83,70.46,2262.29
EMP-000023,2025-M07,BR-004,2151.24,12.95,2164.19
EMP-000023,2025-M08,BR-004,2164.97,19.84,2184.81
EMP-000023,2025-M09,BR-004,2227.91,79.88,2307.79
EMP-000023,2025-M10,BR-004,2145.58,16.85,2162.43
EMP-000023,2025-M11,BR-004,2140.05,17.73,2157.78
EMP-000023,2025-M12,BR-004,2191.55,65.56,2257.11
EMP-000023,2026-M01,BR-004,2191.11,15.56,2206.67
EMP-000023,2026-M02,BR-004,2157.64,15.85,2173.49
EMP-000023,2026-M03,BR-004,2179.33,48.93,2228.26
EMP-000023,2026-M04,BR-004,2172.52,10.37,2182.89
EMP-000023,2026-M05,BR-004,2150.82,15.64,2166.46
EMP-000023,2026-M06,BR-004,2212.77,74.1,2286.87
EMP-000023,2026-M07,BR-004,2126.77,17.9,2144.67
EMP-000023,2026-M08,BR-004,2127.1,16.43,2143.53
EMP-000023,2026-M09,BR-004,2232.79,80.17,2312.96
EMP-000023,2026-M10,BR-004,2117.17,14.02,2131.19
EMP-000023,2026-M11,BR-004,2112.71,17.39,2130.1
EMP-000023,2026-M12,BR-004,2225.09,53.31,2278.4
EMP-000024,2025-M01,BR-004,6074.91,103.84,6178.75
EMP-000024,2025-M02,BR-004,6217.35,193.98,6411.33
EMP-000024,2025-M03,BR-004,6100.01,656.64,6756.65
EMP-000024,2025-M04,BR-004,6287.87,138.34,6426.21
EMP-000024,2025-M05,BR-004,6209.06,214.46,6423.52
EMP-000024,2025-M06,BR-004,6366.97,612.36,6979.33
EMP-000024,2025-M07,BR-004,6103.66,117.42,6221.08
EMP-000024,2025-M08,BR-004,6233.86,157.2,6391.06
EMP-000024,2025-M09,BR-004,6442.66,544.31,6986.97
EMP-000024,2025-M10,BR-004,6339.69,92.11,6431.8
EMP-000024,2025-M11,BR-004,6200.48,87.67,6288.15
EMP-000024,2025-M12,BR-004,6334.39,758.29,7092.68
EMP-000024,2026-M01,BR-004,6206.63,134.82,6341.45
EMP-000024,2026-M02,BR-004,6388.27,159.85,6548.12
EMP-000024,2026-M03,BR-004,6345.74,493.17,6838.91
EMP-000024,2026-M04,BR-004,6468.74,158.26,6627.0
EMP-000024,2026-M05,BR-004,6463.71,137.85,6601.56
EMP-000024,2026-M06,BR-004,6554.75,556.76,7111.51
EMP-000024,2026-M07,BR-004,6443.46,152.38,6595.84
EMP-000024,2026-M08,BR-004,6317.04,147.22,6464.26
EMP-000024,2026-M09,BR-004,6553.15,641.12,7194.27
EMP-000024,2026-M10,BR-004,6367.67,134.66,6502.33
EMP-000024,2026-M11,BR-004,6386.23,136.45,6522.68
EMP-000024,2026-M12,BR-004,6583.35,743.23,7326.58
EMP-000025,2025-M01,BR-005,10073.64,393.31,10466.95
EMP-000025,2025-M02,BR-005,10348.89,345.32,10694.21
EMP-000025,2025-M03,BR-005,10171.34,1698.69,11870.03
EMP-000025,2025-M04,BR-005,10102.1,388.57,10490.67
EMP-000025,2025-M05,BR-005,10081.63,373.81,10455.44
EMP-000025,2025-M06,BR-005,10291.9,2193.54,12485.44
EMP-000025,2025-M07,BR-005,10271.53,449.61,10721.14
EMP-000025,2025-M08,BR-005,10107.14,533.67,10640.81
EMP-000025,2025-M09,BR-005,10415.04,1659.06,12074.1
EMP-000025,2025-M10,BR-005,10322.33,355.16,10677.49
EMP-000025,2025-M11,BR-005,10049.19,485.05,10534.24
EMP-000025,2025-M12,BR-005,10090.43,1796.56,11886.99
EMP-000025,2026-M01,BR-005,10192.98,492.19,10685.17
EMP-000025,2026-M02,BR-005,10232.3,340.91,10573.21
EMP-000025,2026-M03,BR-005,10313.91,1495.0,11808.91
EMP-000025,2026-M04,BR-005,9880.09,426.27,10306.36
EMP-000025,2026-M05,BR-005,10253.26,526.47,10779.73
EMP-000025,2026-M06,BR-005,10593.0,1858.81,12451.81
EMP-000025,2026-M07,BR-005,10146.71,364.86,10511.57
EMP-000025,2026-M08,BR-005,10134.92,418.24,10553.16
EMP-000025,2026-M09,BR-005,10408.07,1780.08,12188.15
EMP-000025,2026-M10,BR-005,10229.06,422.45,10651.51
EMP-000025,2026-M11,BR-005,10023.39,450.95,10474.34
EMP-000025,2026-M12,BR-005,10536.18,1511.22,12047.4
EMP-000026,2025-M01,BR-005,5520.68,81.7,5602.38
EMP-000026,2025-M02,BR-005,5594.8,106.67,5701.47
EMP-000026,2025-M03,BR-005,5765.61,398.03,6163.64
EMP-000026,2025-M04,BR-005,5622.94,102.74,5725.68
EMP-000026,2025-M05,BR-005,5635.27,68.38,5703.65
EMP-000026,2025-M06,BR-005,5730.46,363.84,6094.3
EMP-000026,2025-M07,BR-005,5716.36,102.26,5818.62
EMP-000026,2025-M08,BR-005,5619.54,85.09,5704.63
EMP-000026,2025-M09,BR-005,5684.94,459.84,6144.78
EMP-000026,2025-M10,BR-005,5835.58,126.59,5962.17
EMP-000026,2025-M11,BR-005,5654.47,91.62,5746.09
EMP-000026,2025-M12,BR-005,5712.24,441.76,6154.0
EMP-000026,2026-M01,BR-005,5596.07,114.14,5710.21
EMP-000026,2026-M02,BR-005,5653.23,102.15,5755.38
EMP-000026,2026-M03,BR-005,5763.09,452.99,6216.08
EMP-000026,2026-M04,BR-005,5583.85,100.56,5684.41
EMP-000026,2026-M05,BR-005,5537.04,107.48,5644.52
EMP-000026,2026-M06,BR-005,5815.52,518.43,6333.95
EMP-000026,2026-M07,BR-005,5570.63,83.44,5654.07
EMP-000026,2026-M08,BR-005,5693.06,101.06,5794.12
EMP-000026,2026-M09,BR-005,5740.28,389.36,6129.64
EMP-000026,2026-M10,BR-005,5714.6,85.26,5799.86
EMP-000026,2026-M11,BR-005,5517.71,100.12,5617.83
EMP-000026,2026-M12,BR-005,5591.85,429.81,6021.66
EMP-000027,2025-M01,BR-005,6126.54,72.64,6199.18
EMP-000027,2025-M02,BR-005,6162.62,69.71,6232.33
EMP-000027,2025-M03,BR-005,6388.91,278.11,6667.02
EMP-000027,2025-M04,BR-005,6113.89,60.45,6174.34
EMP-000027,2025-M05,BR-005,6252.67,64.18,6316.85
EMP-000027,2025-M06,BR-005,6332.51,356.76,6689.27
EMP-000027,2025-M07,BR-005,6354.72,76.28,6431.0
EMP-000027,2025-M08,BR-005,6275.87,58.99,6334.86
EMP-000027,2025-M09,BR-005,6337.84,277.59,6615.43
EMP-000027,2025-M10,BR-005,6132.86,62.5,6195.36
EMP-000027,2025-M11,BR-005,6131.84,54.48,6186.32
EMP-000027,2025-M12,BR-005,6400.03,243.13,6643.16
EMP-000027,2026-M01,BR-005,6080.95,52.36,6133.31
EMP-000027,2026-M02,BR-005,6166.38,56.44,6222.82
EMP-000027,2026-M03,BR-005,6133.71,186.01,6319.72
EMP-000027,2026-M04,BR-005,6393.14,73.81,6466.95
EMP-000027,2026-M05,BR-005,6057.81,66.17,6123.98
EMP-000027,2026-M06,BR-005,6354.59,281.94,6636.53
EMP-000027,2026-M07,BR-005,6096.82,82.34,6179.16
EMP-000027,2026-M08,BR-005,6074.17,58.37,6132.54
EMP-000027,2026-M09,BR-005,6206.51,259.94,6466.45
EMP-000027,2026-M10,BR-005,6212.49,67.94,6280.43
EMP-000027,2026-M11,BR-005,6207.24,81.76,6289.0
EMP-000027,2026-M12,BR-005,6513.54,300.74,6814.28
EMP-000028,2025-M01,BR-005,5974.64,91.5,6066.14
EMP-000028,2025-M02,BR-005,5986.63,100.83,6087.46
EMP-000028,2025-M03,BR-005,6021.32,294.01,6315.33
EMP-000028,2025-M04,BR-005,5928.27,66.32,5994.59
EMP-000028,2025-M05,BR-005,6012.79,71.16,6083.95
EMP-000028,2025-M06,BR-005,5908.93,387.33,6296.26
EMP-000028,2025-M07,BR-005,5877.81,78.06,5955.87
EMP-000028,2025-M08,BR-005,5851.79,69.28,5921.07
EMP-000028,2025-M09,BR-005,6015.7,304.37,6320.07
EMP-000028,2025-M10,BR-005,5867.77,100.07,5967.84
EMP-000028,2025-M11,BR-005,5953.57,83.26,6036.83
EMP-000028,2025-M12,BR-005,6082.47,292.3,6374.77
EMP-000028,2026-M01,BR-005,6019.63,85.78,6105.41
EMP-000028,2026-M02,BR-005,6024.2,71.73,6095.93
EMP-000028,2026-M03,BR-005,6025.13,251.01,6276.14
EMP-000028,2026-M04,BR-005,6042.05,98.03,6140.08
EMP-000028,2026-M05,BR-005,6080.57,87.92,6168.49
EMP-000028,2026-M06,BR-005,6046.99,452.42,6499.41
EMP-000028,2026-M07,BR-005,6000.57,111.91,6112.48
EMP-000028,2026-M08,BR-005,5895.79,92.53,5988.32
EMP-000028,2026-M09,BR-005,6145.68,322.77,6468.45
EMP-000028,2026-M10,BR-005,6070.08,86.79,6156.87
EMP-000028,2026-M11,BR-005,6002.03,68.63,6070.66
EMP-000028,2026-M12,BR-005,6157.2,405.19,6562.39
EMP-000029,2025-M01,BR-005,2185.88,15.48,2201.36
EMP-000029,2025-M02,BR-005,2172.12,15.8,2187.92
EMP-000029,2025-M03,BR-005,2265.02,65.85,2330.87
EMP-000029,2025-M04,BR-005,2225.03,13.55,2238.58
EMP-000029,2025-M05,BR-005,2178.53,15.81,2194.34
EMP-000029,2025-M06,BR-005,2206.6,71.72,2278.32
EMP-000029,2025-M07,BR-005,2160.36,12.78,2173.14
EMP-000029,2025-M08,BR-005,2121.35,19.25,2140.6
EMP-000029,2025-M09,BR-005,2235.48,66.88,2302.36
EMP-000029,2025-M10,BR-005,2178.05,16.67,2194.72
EMP-000029,2025-M11,BR-005,2200.58,17.48,2218.06
EMP-000029,2025-M12,BR-005,2247.64,66.02,2313.66
EMP-000029,2026-M01,BR-005,2185.71,15.05,2200.76
EMP-000029,2026-M02,BR-005,2205.15,11.59,2216.74
EMP-000029,2026-M03,BR-005,2253.65,76.12,2329.77
EMP-000029,2026-M04,BR-005,2176.47,15.15,2191.62
EMP-000029,2026-M05,BR-005,2135.94,10.32,2146.26
EMP-000029,2026-M06,BR-005,2239.4,73.72,2313.12
EMP-000029,2026-M07,BR-005,2159.13,11.11,2170.24
EMP-000029,2026-M08,BR-005,2243.44,14.05,2257.49
EMP-000029,2026-M09,BR-005,2235.71,77.79,2313.5
EMP-000029,2026-M10,BR-005,2151.0,14.86,2165.86
EMP-000029,2026-M11,BR-005,2194.65,15.98,2210.63
EMP-000029,2026-M12,BR-005,2255.93,60.68,2316.61
EMP-000030,2025-M01,BR-005,7144.73,202.49,7347.22
EMP-000030,2025-M02,BR-005,7256.11,241.91,7498.02
EMP-000030,2025-M03,BR-005,7641.29,852.8,8494.09
EMP-000030,2025-M04,BR-005,7172.14,165.54,7337.68
EMP-000030,2025-M05,BR-005,7599.2,224.75,7823.95
EMP-000030,2025-M06,BR-005,7606.16,997.79,8603.95
EMP-000030,2025-M07,BR-005,7377.86,288.46,7666.32
EMP-000030,2025-M08,BR-005,7440.72,219.47,7660.19
EMP-000030,2025-M09,BR-005,7431.24,991.94,8423.18
EMP-000030,2025-M10,BR-005,7392.98,219.11,7612.09
EMP-000030,2025-M11,BR-005,7537.24,185.84,7723.08
EMP-000030,2025-M12,BR-005,7475.08,1042.46,8517.54
EMP-000030,2026-M01,BR-005,7107.33,227.3,7334.63
EMP-000030,2026-M02,BR-005,7119.74,148.97,7268.71
EMP-000030,2026-M03,BR-005,7602.74,1028.45,8631.19
EMP-000030,2026-M04,BR-005,7297.92,211.79,7509.71
EMP-000030,2026-M05,BR-005,7346.16,280.06,7626.22
EMP-000030,2026-M06,BR-005,7303.95,793.71,8097.66
EMP-000030,2026-M07,BR-005,7276.89,275.34,7552.23
EMP-000030,2026-M08,BR-005,7258.9,274.91,7533.81
EMP-000030,2026-M09,BR-005,7426.02,1040.18,8466.2
EMP-000030,2026-M10,BR-005,7179.97,253.96,7433.93
EMP-000030,2026-M11,BR-005,7403.5,222.56,7626.06
EMP-000030,2026-M12,BR-005,7497.6,919.06,8416.66
EMP-000031,2025-M01,BR-006,9848.39,421.03,10269.42
EMP-000031,2025-M02,BR-006,9593.65,417.29,10010.94
EMP-000031,2025-M03,BR-006,9957.94,1465.76,11423.7
EMP-000031,2025-M04,BR-006,9890.69,437.55,10328.24
EMP-000031,2025-M05,BR-006,9508.62,366.15,9874.77
EMP-000031,2025-M06,BR-006,10047.73,2138.14,12185.87
EMP-000031,2025-M07,BR-006,9876.18,404.76,10280.94
EMP-000031,2025-M08,BR-006,9710.17,414.27,10124.44
EMP-000031,2025-M09,BR-006,10228.94,1528.42,11757.36
EMP-000031,2025-M10,BR-006,9654.31,281.92,9936.23
EMP-000031,2025-M11,BR-006,9617.69,395.07,10012.76
EMP-000031,2025-M12,BR-006,10218.6,1458.54,11677.14
EMP-000031,2026-M01,BR-006,9676.92,510.29,10187.21
EMP-000031,2026-M02,BR-006,10232.03,329.38,10561.41
EMP-000031,2026-M03,BR-006,10471.87,1369.77,11841.64
EMP-000031,2026-M04,BR-006,9646.46,324.77,9971.23
EMP-000031,2026-M05,BR-006,10296.67,473.36,10770.03
EMP-000031,2026-M06,BR-006,10167.66,2159.11,12326.77
EMP-000031,2026-M07,BR-006,9787.34,333.5,10120.84
EMP-000031,2026-M08,BR-006,10031.37,401.7,10433.07
EMP-000031,2026-M09,BR-006,10589.99,1472.38,12062.37
EMP-000031,2026-M10,BR-006,9961.25,463.22,10424.47
EMP-000031,2026-M11,BR-006,10233.2,429.13,10662.33
EMP-000031,2026-M12,BR-006,10212.67,1003.49,11216.16
EMP-000032,2025-M01,BR-006,5499.42,94.95,5594.37
EMP-000032,2025-M02,BR-006,5366.78,81.3,5448.08
EMP-000032,2025-M03,BR-006,5518.86,269.02,5787.88
EMP-000032,2025-M04,BR-006,5443.01,108.64,5551.65
EMP-000032,2025-M05,BR-006,5479.79,114.42,5594.21
EMP-000032,2025-M06,BR-006,5706.25,394.21,6100.46
EMP-000032,2025-M07,BR-006,5471.37,84.04,5555.41
EMP-000032,2025-M08,BR-006,5595.13,73.35,5668.48
EMP-000032,2025-M09,BR-006,5679.93,344.28,6024.21
EMP-000032,2025-M10,BR-006,5570.6,111.46,5682.06
EMP-000032,2025-M11,BR-006,5538.47,121.62,5660.09
EMP-000032,2025-M12,BR-006,5795.12,693.09,6488.21
EMP-000032,2026-M01,BR-006,5642.15,131.92,5774.07
EMP-000032,2026-M02,BR-006,5746.31,77.15,5823.46
EMP-000032,2026-M03,BR-006,5823.95,461.18,6285.13
EMP-000032,2026-M04,BR-006,5549.86,110.9,5660.76
EMP-000032,2026-M05,BR-006,5522.82,78.81,5601.63
EMP-000032,2026-M06,BR-006,5846.85,370.18,6217.03
EMP-000032,2026-M07,BR-006,5673.93,79.6,5753.53
EMP-000032,2026-M08,BR-006,5749.42,104.49,5853.91
EMP-000032,2026-M09,BR-006,5810.04,353.32,6163.36
EMP-000032,2026-M10,BR-006,5662.6,102.46,5765.06
EMP-000032,2026-M11,BR-006,5617.11,96.43,5713.54
EMP-000032,2026-M12,BR-006,5712.37,356.02,6068.39
EMP-000033,2025-M01,BR-006,6045.25,75.2,6120.45
EMP-000033,2025-M02,BR-006,6081.84,54.31,6136.15
EMP-000033,2025-M03,BR-006,6096.23,285.96,6382.19
EMP-000033,2025-M04,BR-006,5898.48,63.64,5962.12
EMP-000033,2025-M05,BR-006,6042.74,49.33,6092.07
EMP-000033,2025-M06,BR-006,6264.72,228.94,6493.66
EMP-000033,2025-M07,BR-006,6144.65,60.85,6205.5
EMP-000033,2025-M08,BR-006,6003.11,81.3,6084.41
EMP-000033,2025-M09,BR-006,6353.92,144.74,6498.66
EMP-000033,2025-M10,BR-006,6113.27,51.82,6165.09
EMP-000033,2025-M11,BR-006,6169.32,59.96,6229.28
EMP-000033,2025-M12,BR-006,6330.12,262.54,6592.66
EMP-000033,2026-M01,BR-006,6196.07,51.67,6247.74
EMP-000033,2026-M02,BR-006,6154.54,67.54,6222.08
EMP-000033,2026-M03,BR-006,6474.38,338.79,6813.17
EMP-000033,2026-M04,BR-006,6285.8,60.85,6346.65
EMP-000033,2026-M05,BR-006,6219.34,43.68,6263.02
EMP-000033,2026-M06,BR-006,6364.46,244.64,6609.1
EMP-000033,2026-M07,BR-006,6307.47,83.7,6391.17
EMP-000033,2026-M08,BR-006,6224.18,61.45,6285.63
EMP-000033,2026-M09,BR-006,6376.53,354.43,6730.96
EMP-000033,2026-M10,BR-006,6391.91,35.94,6427.85
EMP-000033,2026-M11,BR-006,6300.49,92.53,6393.02
EMP-000033,2026-M12,BR-006,6486.44,231.74,6718.18
EMP-000034,2025-M01,BR-006,6075.42,90.14,6165.56
EMP-000034,2025-M02,BR-006,5988.19,86.93,6075.12
EMP-000034,2025-M03,BR-006,6225.59,367.54,6593.13
EMP-000034,2025-M04,BR-006,6027.1,79.53,6106.63
EMP-000034,2025-M05,BR-006,6147.13,80.18,6227.31
EMP-000034,2025-M06,BR-006,6122.52,286.24,6408.76
EMP-000034,2025-M07,BR-006,6077.51,83.71,6161.22
EMP-000034,2025-M08,BR-006,6103.93,76.68,6180.61
EMP-000034,2025-M09,BR-006,6004.61,265.42,6270.03
EMP-000034,2025-M10,BR-006,6051.19,76.58,6127.77
EMP-000034,2025-M11,BR-006,6117.93,88.38,6206.31
EMP-000034,2025-M12,BR-006,6070.21,332.26,6402.47
EMP-000034,2026-M01,BR-006,6112.44,42.34,6154.78
EMP-000034,2026-M02,BR-006,6082.85,76.39,6159.24
EMP-000034,2026-M03,BR-006,6088.23,365.72,6453.95
EMP-000034,2026-M04,BR-006,5936.06,75.03,6011.09
EMP-000034,2026-M05,BR-006,6039.63,67.08,6106.71
EMP-000034,2026-M06,BR-006,6112.89,358.69,6471.58
EMP-000034,2026-M07,BR-006,5953.54,87.5,6041.04
EMP-000034,2026-M08,BR-006,6250.2,77.25,6327.45
EMP-000034,2026-M09,BR-006,6201.47,380.19,6581.66
EMP-000034,2026-M10,BR-006,6037.41,94.23,6131.64
EMP-000034,2026-M11,BR-006,6033.16,92.64,6125.8
EMP-000034,2026-M12,BR-006,6238.05,281.07,6519.12
EMP-000035,2025-M01,BR-006,2174.22,13.39,2187.61
EMP-000035,2025-M02,BR-006,2087.61,19.76,2107.37
EMP-000035,2025-M03,BR-006,2097.95,76.53,2174.48
EMP-000035,2025-M04,BR-006,2101.38,12.46,2113.84
EMP-000035,2025-M05,BR-006,2157.18,19.97,2177.15
EMP-000035,2025-M06,BR-006,2228.14,57.12,2285.26
EMP-000035,2025-M07,BR-006,2135.81,13.99,2149.8
EMP-000035,2025-M08,BR-006,2216.9,13.5,2230.4
EMP-000035,2025-M09,BR-006,2200.16,42.57,2242.73
EMP-000035,2025-M10,BR-006,2170.85,14.01,2184.86
EMP-000035,2025-M11,BR-006,2191.23,15.89,2207.12
EMP-000035,2025-M12,BR-006,2251.95,68.27,2320.22
EMP-000035,2026-M01,BR-006,2222.57,15.96,2238.53
EMP-000035,2026-M02,BR-006,2207.07,20.4,2227.47
EMP-000035,2026-M03,BR-006,2198.04,64.62,2262.66
EMP-000035,2026-M04,BR-006,2193.62,18.69,2212.31
EMP-000035,2026-M05,BR-006,2146.41,10.8,2157.21
EMP-000035,2026-M06,BR-006,2285.77,60.05,2345.82
EMP-000035,2026-M07,BR-006,2157.29,16.44,2173.73
EMP-000035,2026-M08,BR-006,2223.65,16.31,2239.96
EMP-000035,2026-M09,BR-006,2242.46,51.24,2293.7
EMP-000035,2026-M10,BR-006,2229.87,11.96,2241.83
EMP-000035,2026-M11,BR-006,2198.4,15.94,2214.34
EMP-000035,2026-M12,BR-006,2319.67,58.65,2378.32
EMP-000036,2025-M01,BR-006,6510.71,62.56,6573.27
EMP-000036,2025-M02,BR-006,6705.68,49.76,6755.44
EMP-000036,2025-M03,BR-006,6840.24,142.15,6982.39
EMP-000036,2025-M04,BR-006,6838.22,51.54,6889.76
EMP-000036,2025-M05,BR-006,6703.58,50.21,6753.79
EMP-000036,2025-M06,BR-006,6854.92,231.04,7085.96
EMP-000036,2025-M07,BR-006,6737.48,55.59,6793.07
EMP-000036,2025-M08,BR-006,6858.61,38.83,6897.44
EMP-000036,2025-M09,BR-006,7054.36,217.09,7271.45
EMP-000036,2025-M10,BR-006,7019.42,49.28,7068.7
EMP-000036,2025-M11,BR-006,6789.3,50.96,6840.26
EMP-000036,2025-M12,BR-006,6691.93,194.25,6886.18
EMP-000036,2026-M01,BR-006,6873.88,38.15,6912.03
EMP-000036,2026-M02,BR-006,6792.17,56.25,6848.42
EMP-000036,2026-M03,BR-006,6708.52,218.11,6926.63
EMP-000036,2026-M04,BR-006,6699.91,41.45,6741.36
EMP-000036,2026-M05,BR-006,6768.69,40.53,6809.22
EMP-000036,2026-M06,BR-006,6902.85,188.5,7091.35
EMP-000036,2026-M07,BR-006,6756.67,28.86,6785.53
EMP-000036,2026-M08,BR-006,6637.72,30.33,6668.05
EMP-000036,2026-M09,BR-006,6612.77,148.41,6761.18
EMP-000036,2026-M10,BR-006,6723.08,43.3,6766.38
EMP-000036,2026-M11,BR-006,6775.96,39.21,6815.17
EMP-000036,2026-M12,BR-006,6968.65,189.51,7158.16
EMP-000037,2025-M03,BR-007,9737.92,1499.81,11237.73
EMP-000037,2025-M04,BR-007,9552.94,505.85,10058.79
EMP-000037,2025-M05,BR-007,9928.91,449.17,10378.08
EMP-000037,2025-M06,BR-007,9621.3,1951.06,11572.36
EMP-000037,2025-M07,BR-007,9538.25,368.09,9906.34
EMP-000037,2025-M08,BR-007,9627.85,483.83,10111.68
EMP-000037,2025-M09,BR-007,9904.92,1643.68,11548.6
EMP-000037,2025-M10,BR-007,9747.55,460.19,10207.74
EMP-000037,2025-M11,BR-007,9824.13,394.61,10218.74
EMP-000037,2025-M12,BR-007,9908.76,1512.21,11420.97
EMP-000037,2026-M01,BR-007,9823.97,493.01,10316.98
EMP-000037,2026-M02,BR-007,9834.05,439.9,10273.95
EMP-000037,2026-M03,BR-007,9836.02,1581.04,11417.06
EMP-000037,2026-M04,BR-007,9979.63,413.17,10392.8
EMP-000037,2026-M05,BR-007,9727.45,506.06,10233.51
EMP-000037,2026-M06,BR-007,10077.53,1667.36,11744.89
EMP-000037,2026-M07,BR-007,9849.33,313.46,10162.79
EMP-000037,2026-M08,BR-007,10031.94,342.53,10374.47
EMP-000037,2026-M09,BR-007,10302.38,1285.72,11588.1
EMP-000037,2026-M10,BR-007,9865.23,477.36,10342.59
EMP-000037,2026-M11,BR-007,10229.03,479.83,10708.86
EMP-000037,2026-M12,BR-007,10401.85,1608.33,12010.18
EMP-000038,2025-M01,BR-007,5696.54,109.74,5806.28
EMP-000038,2025-M02,BR-007,5895.02,105.93,6000.95
EMP-000038,2025-M03,BR-007,6030.8,443.33,6474.13
EMP-000038,2025-M04,BR-007,5889.02,118.89,6007.91
EMP-000038,2025-M05,BR-007,5810.68,95.74,5906.42
EMP-000038,2025-M06,BR-007,5835.23,482.28,6317.51
EMP-000038,2025-M07,BR-007,5828.35,119.65,5948.0
EMP-000038,2025-M08,BR-007,5871.72,103.02,5974.74
EMP-000038,2025-M09,BR-007,6021.3,415.16,6436.46
EMP-000038,2025-M10,BR-007,5775.83,96.12,5871.95
EMP-000038,2025-M11,BR-007,5853.34,116.51,5969.85
EMP-000038,2025-M12,BR-007,5953.35,323.6,6276.95
EMP-000038,2026-M01,BR-007,5784.87,88.09,5872.96
EMP-000038,2026-M02,BR-007,5854.0,114.58,5968.58
EMP-000038,2026-M03,BR-007,6000.95,377.62,6378.57
EMP-000038,2026-M04,BR-007,5799.46,91.99,5891.45
EMP-000038,2026-M05,BR-007,5627.78,96.78,5724.56
EMP-000038,2026-M06,BR-007,5972.41,366.55,6338.96
EMP-000038,2026-M07,BR-007,5840.17,102.1,5942.27
EMP-000038,2026-M08,BR-007,5884.8,137.47,6022.27
EMP-000038,2026-M09,BR-007,6039.91,436.5,6476.41
EMP-000038,2026-M10,BR-007,5643.16,91.67,5734.83
EMP-000038,2026-M11,BR-007,5825.36,104.12,5929.48
EMP-000038,2026-M12,BR-007,5950.91,346.19,6297.1
EMP-000039,2025-M07,BR-007,5858.14,59.22,5917.36
EMP-000039,2025-M08,BR-007,6036.99,63.94,6100.93
EMP-000039,2025-M09,BR-007,6087.52,285.33,6372.85
EMP-000039,2025-M10,BR-007,5991.98,69.3,6061.28
EMP-000039,2025-M11,BR-007,5895.63,63.26,5958.89
EMP-000039,2025-M12,BR-007,6145.94,241.92,6387.86
EMP-000039,2026-M01,BR-007,5838.19,72.9,5911.09
EMP-000039,2026-M02,BR-007,5916.25,62.55,5978.8
EMP-000039,2026-M03,BR-007,6159.9,237.8,6397.7
EMP-000039,2026-M04,BR-007,5853.04,64.02,5917.06
EMP-000039,2026-M05,BR-007,6164.65,59.07,6223.72
EMP-000039,2026-M06,BR-007,6151.94,257.83,6409.77
EMP-000039,2026-M07,BR-007,6012.32,75.23,6087.55
EMP-000039,2026-M08,BR-007,6097.8,71.49,6169.29
EMP-000039,2026-M09,BR-007,6263.55,280.32,6543.87
EMP-000039,2026-M10,BR-007,6236.47,85.61,6322.08
EMP-000039,2026-M11,BR-007,6163.01,59.3,6222.31
EMP-000039,2026-M12,BR-007,6259.16,272.33,6531.49
EMP-000040,2025-M01,BR-007,6035.71,97.92,6133.63
EMP-000040,2025-M02,BR-007,6220.37,72.94,6293.31
EMP-000040,2025-M03,BR-007,6248.43,366.32,6614.75
EMP-000040,2025-M04,BR-007,6035.82,80.6,6116.42
EMP-000040,2025-M05,BR-007,6179.58,97.68,6277.26
EMP-000040,2025-M06,BR-007,6142.6,224.17,6366.77
EMP-000040,2025-M07,BR-007,6220.92,74.0,6294.92
EMP-000040,2025-M08,BR-007,6179.26,75.78,6255.04
EMP-000040,2025-M09,BR-007,6062.53,282.9,6345.43
EMP-000040,2025-M10,BR-007,6039.78,82.86,6122.64
EMP-000040,2025-M11,BR-007,6287.37,87.44,6374.81
EMP-000040,2025-M12,BR-007,6094.23,365.23,6459.46
EMP-000040,2026-M01,BR-007,6244.9,89.86,6334.76
EMP-000040,2026-M02,BR-007,6092.2,72.53,6164.73
EMP-000040,2026-M03,BR-007,6221.33,365.06,6586.39
EMP-000040,2026-M04,BR-007,6284.68,96.47,6381.15
EMP-000040,2026-M05,BR-007,6086.91,87.83,6174.74
EMP-000040,2026-M06,BR-007,6329.71,327.61,6657.32
EMP-000040,2026-M07,BR-007,6250.21,84.89,6335.1
EMP-000040,2026-M08,BR-007,6191.39,110.18,6301.57
EMP-000040,2026-M09,BR-007,6226.18,411.45,6637.63
EMP-000040,2026-M10,BR-007,6066.41,69.61,6136.02
EMP-000040,2026-M11,BR-007,6184.95,78.53,6263.48
EMP-000040,2026-M12,BR-007,6360.51,369.45,6729.96
EMP-000041,2025-M01,BR-007,2286.79,18.24,2305.03
EMP-000041,2025-M02,BR-007,2288.28,14.58,2302.86
EMP-000041,2025-M03,BR-007,2329.07,74.33,2403.4
EMP-000041,2025-M04,BR-007,2281.87,19.78,2301.65
EMP-000041,2025-M05,BR-007,2286.5,13.84,2300.34
EMP-000041,2025-M06,BR-007,2303.33,51.02,2354.35
EMP-000041,2025-M07,BR-007,2244.89,14.41,2259.3
EMP-000041,2025-M08,BR-007,2232.46,9.07,2241.53
EMP-000041,2025-M09,BR-007,2271.66,86.49,2358.15
EMP-000041,2025-M10,BR-007,2265.61,17.18,2282.79
EMP-000041,2025-M11,BR-007,2254.21,13.9,2268.11
EMP-000041,2025-M12,BR-007,2316.37,57.55,2373.92
EMP-000041,2026-M01,BR-007,2284.15,11.72,2295.87
EMP-000041,2026-M02,BR-007,2247.01,15.42,2262.43
EMP-000041,2026-M03,BR-007,2306.71,46.98,2353.69
EMP-000041,2026-M04,BR-007,2249.58,14.05,2263.63
EMP-000041,2026-M05,BR-007,2238.41,15.39,2253.8
EMP-000041,2026-M06,BR-007,2307.14,52.44,2359.58
EMP-000041,2026-M07,BR-007,2247.25,16.06,2263.31
EMP-000041,2026-M08,BR-007,2263.7,14.32,2278.02
EMP-000041,2026-M09,BR-007,2284.36,76.02,2360.38
EMP-000041,2026-M10,BR-007,2232.45,21.07,2253.52
EMP-000041,2026-M11,BR-007,2265.06,13.78,2278.84
EMP-000041,2026-M12,BR-007,2376.4,70.06,2446.46
EMP-000042,2025-M01,BR-007,6930.71,173.11,7103.82
EMP-000042,2025-M02,BR-007,6985.97,84.35,7070.32
EMP-000042,2025-M03,BR-007,7281.41,556.22,7837.63
EMP-000042,2025-M04,BR-007,7192.33,124.15,7316.48
EMP-000042,2025-M05,BR-007,6983.91,141.42,7125.33
EMP-000042,2025-M06,BR-007,7269.67,513.76,7783.43
EMP-000042,2025-M07,BR-007,7157.91,156.12,7314.03
EMP-000042,2025-M08,BR-007,7160.03,113.86,7273.89
EMP-000042,2025-M09,BR-007,7135.1,465.2,7600.3
EMP-000042,2025-M10,BR-007,7190.42,154.58,7345.0
EMP-000042,2025-M11,BR-007,7034.17,110.16,7144.33
EMP-000042,2025-M12,BR-007,7338.56,481.86,7820.42
EMP-000042,2026-M01,BR-007,7082.93,67.26,7150.19
EMP-000042,2026-M02,BR-007,7219.1,116.14,7335.24
EMP-000042,2026-M03,BR-007,7335.38,585.86,7921.24
EMP-000042,2026-M04,BR-007,7308.77,153.54,7462.31
EMP-000042,2026-M05,BR-007,7299.0,154.11,7453.11
EMP-000042,2026-M06,BR-007,7319.4,654.71,7974.11
EMP-000042,2026-M07,BR-007,7103.29,152.75,7256.04
EMP-000042,2026-M08,BR-007,7364.99,120.7,7485.69
EMP-000042,2026-M09,BR-007,7482.43,525.37,8007.8
EMP-000042,2026-M10,BR-007,7254.51,152.46,7406.97
EMP-000042,2026-M11,BR-007,7201.82,134.79,7336.61
EMP-000042,2026-M12,BR-007,7416.92,501.62,7918.54
EMP-000043,2025-M01,BR-008,10820.02,432.99,11253.01
EMP-000043,2025-M02,BR-008,10558.58,407.07,10965.65
EMP-000043,2025-M03,BR-008,10903.78,1546.28,12450.06
EMP-000043,2025-M04,BR-008,10716.63,384.86,11101.49
EMP-000043,2025-M05,BR-008,10168.15,381.53,10549.68
EMP-000043,2025-M06,BR-008,10865.83,1588.88,12454.71
EMP-000043,2025-M07,BR-008,10492.19,467.84,10960.03
EMP-000043,2025-M08,BR-008,10610.6,615.66,11226.26
EMP-000043,2025-M09,BR-008,10496.63,2104.36,12600.99
EMP-000043,2025-M10,BR-008,10761.88,672.13,11434.01
EMP-000043,2025-M11,BR-008,10753.92,551.42,11305.34
EMP-000043,2025-M12,BR-008,10765.47,1636.03,12401.5
EMP-000043,2026-M01,BR-008,10666.32,562.54,11228.86
EMP-000043,2026-M02,BR-008,10625.05,558.96,11184.01
EMP-000043,2026-M03,BR-008,10815.89,1478.57,12294.46
EMP-000043,2026-M04,BR-008,10793.05,414.37,11207.42
EMP-000043,2026-M05,BR-008,10592.58,465.79,11058.37
EMP-000043,2026-M06,BR-008,10765.78,1776.0,12541.78
EMP-000043,2026-M07,BR-008,10666.86,515.94,11182.8
EMP-000043,2026-M08,BR-008,10773.67,566.21,11339.88
EMP-000043,2026-M09,BR-008,10832.63,1327.74,12160.37
EMP-000043,2026-M10,BR-008,10753.7,462.82,11216.52
EMP-000043,2026-M11,BR-008,10431.14,385.88,10817.02
EMP-000043,2026-M12,BR-008,10808.91,1671.5,12480.41
EMP-000044,2025-M01,BR-008,5909.33,114.4,6023.73
EMP-000044,2025-M02,BR-008,5742.69,116.2,5858.89
EMP-000044,2025-M03,BR-008,6128.09,369.0,6497.09
EMP-000044,2025-M04,BR-008,5921.31,92.04,6013.35
EMP-000044,2025-M05,BR-008,6066.49,63.94,6130.43
EMP-000044,2025-M06,BR-008,6064.95,400.57,6465.52
EMP-000044,2025-M07,BR-008,5806.81,87.86,5894.67
EMP-000044,2025-M08,BR-008,5818.79,90.6,5909.39
EMP-000044,2025-M09,BR-008,6045.14,507.39,6552.53
EMP-000044,2025-M10,BR-008,6038.95,82.7,6121.65
EMP-000044,2025-M11,BR-008,6065.02,93.81,6158.83
EMP-000044,2025-M12,BR-008,6144.82,470.36,6615.18
EMP-000044,2026-M01,BR-008,5869.82,126.87,5996.69
EMP-000044,2026-M02,BR-008,5912.53,72.65,5985.18
EMP-000044,2026-M03,BR-008,6028.71,470.98,6499.69
EMP-000044,2026-M04,BR-008,5974.5,104.67,6079.17
EMP-000044,2026-M05,BR-008,5925.07,110.04,6035.11
EMP-000044,2026-M06,BR-008,5922.61,275.72,6198.33
EMP-000044,2026-M07,BR-008,5989.4,105.15,6094.55
EMP-000044,2026-M08,BR-008,5949.57,97.67,6047.24
EMP-000044,2026-M09,BR-008,5984.96,438.89,6423.85
EMP-000044,2026-M10,BR-008,5881.99,98.74,5980.73
EMP-000044,2026-M11,BR-008,6057.07,106.92,6163.99
EMP-000044,2026-M12,BR-008,6104.63,558.21,6662.84
EMP-000045,2025-M01,BR-008,6593.93,59.05,6652.98
EMP-000045,2025-M02,BR-008,6565.22,65.82,6631.04
EMP-000045,2025-M03,BR-008,6482.31,309.59,6791.9
EMP-000045,2025-M04,BR-008,6428.5,81.49,6509.99
EMP-000045,2025-M05,BR-008,6620.74,71.6,6692.34
EMP-000045,2025-M06,BR-008,6846.4,269.83,7116.23
EMP-000045,2025-M07,BR-008,6293.6,47.93,6341.53
EMP-000045,2025-M08,BR-008,6521.9,55.05,6576.95
EMP-000045,2025-M09,BR-008,6645.08,347.39,6992.47
EMP-000045,2025-M10,BR-008,6432.84,61.54,6494.38
EMP-000045,2025-M11,BR-008,6445.81,58.96,6504.77
EMP-000045,2025-M12,BR-008,6611.75,301.51,6913.26
EMP-000045,2026-M01,BR-008,6603.21,63.5,6666.71
EMP-000045,2026-M02,BR-008,6586.19,87.13,6673.32
EMP-000045,2026-M03,BR-008,6491.73,321.73,6813.46
EMP-000045,2026-M04,BR-008,6525.86,75.29,6601.15
EMP-000045,2026-M05,BR-008,6486.75,65.05,6551.8
EMP-000045,2026-M06,BR-008,6560.69,333.46,6894.15
EMP-000045,2026-M07,BR-008,6662.36,80.83,6743.19
EMP-000045,2026-M08,BR-008,6630.74,104.75,6735.49
EMP-000045,2026-M09,BR-008,6774.13,224.61,6998.74
EMP-000045,2026-M10,BR-008,6509.24,76.69,6585.93
EMP-000045,2026-M11,BR-008,6367.4,81.48,6448.88
EMP-000045,2026-M12,BR-008,6547.22,221.15,6768.37
EMP-000046,2025-M01,BR-008,6302.6,73.12,6375.72
EMP-000046,2025-M02,BR-008,6264.4,64.49,6328.89
EMP-000046,2025-M03,BR-008,6467.01,512.97,6979.98
EMP-000046,2025-M04,BR-008,6463.54,74.93,6538.47
EMP-000046,2025-M05,BR-008,6404.35,92.39,6496.74
EMP-000046,2025-M06,BR-008,6225.85,327.39,6553.24
EMP-000046,2025-M07,BR-008,6320.5,93.81,6414.31
EMP-000046,2025-M08,BR-008,6243.05,88.25,6331.3
EMP-000046,2025-M09,BR-008,6431.89,401.9,6833.79
EMP-000046,2025-M10,BR-008,6442.33,61.08,6503.41
EMP-000046,2025-M11,BR-008,6455.67,105.5,6561.17
EMP-000046,2025-M12,BR-008,6593.4,440.68,7034.08
EMP-000046,2026-M01,BR-008,6468.12,83.6,6551.72
EMP-000046,2026-M02,BR-008,6311.8,63.31,6375.11
EMP-000046,2026-M03,BR-008,6408.78,347.87,6756.65
EMP-000046,2026-M04,BR-008,6202.37,100.31,6302.68
EMP-000046,2026-M05,BR-008,6336.79,83.12,6419.91
EMP-000046,2026-M06,BR-008,6639.0,419.02,7058.02
EMP-000046,2026-M07,BR-008,6471.35,90.3,6561.65
EMP-000046,2026-M08,BR-008,6234.24,73.36,6307.6
EMP-000046,2026-M09,BR-008,6263.45,308.87,6572.32
EMP-000046,2026-M10,BR-008,6353.96,88.17,6442.13
EMP-000046,2026-M11,BR-008,6326.73,94.94,6421.67
EMP-000046,2026-M12,BR-008,6247.75,237.74,6485.49
EMP-000047,2025-M01,BR-008,2331.62,18.64,2350.26
EMP-000047,2025-M02,BR-008,2265.45,19.68,2285.13
EMP-000047,2025-M03,BR-008,2352.73,47.8,2400.53
EMP-000047,2025-M04,BR-008,2313.89,17.73,2331.62
EMP-000047,2025-M05,BR-008,2344.25,14.32,2358.57
EMP-000047,2025-M06,BR-008,2360.63,60.22,2420.85
EMP-000047,2025-M07,BR-008,2321.02,20.93,2341.95
EMP-000047,2025-M08,BR-008,2339.4,15.17,2354.57
EMP-000047,2025-M09,BR-008,2374.43,66.53,2440.96
EMP-000047,2025-M10,BR-008,2274.53,17.98,2292.51
EMP-000047,2025-M11,BR-008,2233.12,16.18,2249.3
EMP-000047,2025-M12,BR-008,2382.2,80.13,2462.33
EMP-000047,2026-M01,BR-008,2270.59,15.22,2285.81
EMP-000047,2026-M02,BR-008,2340.97,20.13,2361.1
EMP-000047,2026-M03,BR-008,2361.43,67.12,2428.55
EMP-000047,2026-M04,BR-008,2261.11,17.13,2278.24
EMP-000047,2026-M05,BR-008,2302.85,11.93,2314.78
EMP-000047,2026-M06,BR-008,2346.96,56.85,2403.81
EMP-000047,2026-M07,BR-008,2267.6,13.7,2281.3
EMP-000047,2026-M08,BR-008,2280.47,13.58,2294.05
EMP-000047,2026-M09,BR-008,2352.47,75.88,2428.35
EMP-000047,2026-M10,BR-008,2256.75,18.32,2275.07
EMP-000047,2026-M11,BR-008,2277.17,14.97,2292.14
EMP-000047,2026-M12,BR-008,2370.76,77.35,2448.11
EMP-000048,2025-M01,BR-008,6827.71,153.64,6981.35
EMP-000048,2025-M02,BR-008,6876.65,155.55,7032.2
EMP-000048,2025-M03,BR-008,7080.62,762.02,7842.64
EMP-000048,2025-M04,BR-008,7075.55,193.09,7268.64
EMP-000048,2025-M05,BR-008,7048.32,183.2,7231.52
EMP-000048,2025-M06,BR-008,7005.08,760.7,7765.78
EMP-000048,2025-M07,BR-008,7065.69,151.02,7216.71
EMP-000048,2025-M08,BR-008,7042.37,126.37,7168.74
EMP-000048,2025-M09,BR-008,7420.23,864.51,8284.74
EMP-000048,2025-M10,BR-008,7050.52,167.28,7217.8
EMP-000048,2025-M11,BR-008,7267.04,182.63,7449.67
EMP-000048,2025-M12,BR-008,7078.72,592.17,7670.89
EMP-000048,2026-M01,BR-008,6961.02,166.72,7127.74
EMP-000048,2026-M02,BR-008,6947.4,187.96,7135.36
EMP-000048,2026-M03,BR-008,7217.12,589.45,7806.57
EMP-000048,2026-M04,BR-008,6889.38,106.94,6996.32
EMP-000048,2026-M05,BR-008,6914.0,226.59,7140.59
EMP-000048,2026-M06,BR-008,7123.69,487.62,7611.31
EMP-000048,2026-M07,BR-008,7086.99,206.59,7293.58
EMP-000048,2026-M08,BR-008,6980.81,135.96,7116.77
EMP-000048,2026-M09,BR-008,7111.41,669.51,7780.92
EMP-000048,2026-M10,BR-008,7077.63,214.29,7291.92
EMP-000048,2026-M11,BR-008,7064.69,188.0,7252.69
EMP-000048,2026-M12,BR-008,7179.26,750.59,7929.85
EMP-000049,2025-M01,BR-009,10366.0,417.93,10783.93
EMP-000049,2025-M02,BR-009,10329.02,488.69,10817.71
EMP-000049,2025-M03,BR-009,10690.12,1673.99,12364.11
EMP-000049,2025-M04,BR-009,10589.62,443.62,11033.24
EMP-000049,2025-M05,BR-009,10439.62,429.38,10869.0
EMP-000049,2025-M06,BR-009,10759.51,1206.49,11966.0
EMP-000049,2025-M07,BR-009,10637.36,343.66,10981.02
EMP-000049,2025-M08,BR-009,10531.27,529.91,11061.18
EMP-000049,2025-M09,BR-009,10901.86,1134.5,12036.36
EMP-000049,2025-M10,BR-009,10540.59,651.5,11192.09
EMP-000049,2025-M11,BR-009,10643.07,637.76,11280.83
EMP-000049,2025-M12,BR-009,10640.22,1360.25,12000.47
EMP-000049,2026-M01,BR-009,10729.37,413.56,11142.93
EMP-000049,2026-M02,BR-009,10696.84,355.54,11052.38
EMP-000049,2026-M03,BR-009,11075.5,1635.88,12711.38
EMP-000049,2026-M04,BR-009,11145.61,446.42,11592.03
EMP-000049,2026-M05,BR-009,10719.76,597.39,11317.15
EMP-000049,2026-M06,BR-009,10939.96,1728.75,12668.71
EMP-000049,2026-M07,BR-009,10683.11,405.91,11089.02
EMP-000049,2026-M08,BR-009,10874.27,495.93,11370.2
EMP-000049,2026-M09,BR-009,11068.93,2163.28,13232.21
EMP-000049,2026-M10,BR-009,10916.9,569.04,11485.94
EMP-000049,2026-M11,BR-009,10946.44,365.51,11311.95
EMP-000049,2026-M12,BR-009,10924.57,2334.95,13259.52
EMP-000050,2025-M01,BR-009,5917.1,108.39,6025.49
EMP-000050,2025-M02,BR-009,5780.31,121.75,5902.06
EMP-000050,2025-M03,BR-009,6022.9,326.05,6348.95
EMP-000050,2025-M04,BR-009,5899.35,97.96,5997.31
EMP-000050,2025-M05,BR-009,5849.18,109.1,5958.28
EMP-000050,2025-M06,BR-009,5934.33,614.22,6548.55
EMP-000050,2025-M07,BR-009,5953.42,105.09,6058.51
EMP-000050,2025-M08,BR-009,5880.02,118.3,5998.32
EMP-000050,2025-M09,BR-009,6156.04,374.92,6530.96
EMP-000050,2025-M10,BR-009,6074.12,113.84,6187.96
EMP-000050,2025-M11,BR-009,5998.63,91.23,6089.86
EMP-000050,2025-M12,BR-009,6306.19,351.16,6657.35
EMP-000050,2026-M01,BR-009,5964.8,122.42,6087.22
EMP-000050,2026-M02,BR-009,6089.0,137.2,6226.2
EMP-000050,2026-M03,BR-009,6107.39,399.51,6506.9
EMP-000050,2026-M04,BR-009,5863.55,104.08,5967.63
EMP-000050,2026-M05,BR-009,5953.52,115.18,6068.7
EMP-000050,2026-M06,BR-009,6130.63,375.46,6506.09
EMP-000050,2026-M07,BR-009,6030.19,119.47,6149.66
EMP-000050,2026-M08,BR-009,6137.68,84.33,6222.01
EMP-000050,2026-M09,BR-009,6110.36,453.52,6563.88
EMP-000050,2026-M10,BR-009,5946.53,80.13,6026.66
EMP-000050,2026-M11,BR-009,6085.74,143.47,6229.21
EMP-000050,2026-M12,BR-009,5944.74,378.29,6323.03
EMP-000051,2025-M01,BR-009,6520.75,63.46,6584.21
EMP-000051,2025-M02,BR-009,6418.08,73.61,6491.69
EMP-000051,2025-M03,BR-009,6686.79,308.37,6995.16
EMP-000051,2025-M04,BR-009,6524.72,67.72,6592.44
EMP-000051,2025-M05,BR-009,6602.47,52.66,6655.13
EMP-000051,2025-M06,BR-009,6592.61,257.91,6850.52
EMP-000051,2025-M07,BR-009,6446.2,71.72,6517.92
EMP-000051,2025-M08,BR-009,6596.89,65.32,6662.21
EMP-000051,2025-M09,BR-009,6672.73,288.4,6961.13
EMP-000051,2025-M10,BR-009,6556.66,76.6,6633.26
EMP-000051,2025-M11,BR-009,6601.91,74.44,6676.35
EMP-000051,2025-M12,BR-009,6765.95,251.49,7017.44
EMP-000051,2026-M01,BR-009,6785.75,67.26,6853.01
EMP-000051,2026-M02,BR-009,6802.32,63.98,6866.3
EMP-000051,2026-M03,BR-009,6661.05,273.91,6934.96
EMP-000051,2026-M04,BR-009,6576.93,37.09,6614.02
EMP-000051,2026-M05,BR-009,6442.11,73.05,6515.16
EMP-000051,2026-M06,BR-009,6768.64,236.44,7005.08
EMP-000051,2026-M07,BR-009,6596.86,77.22,6674.08
EMP-000051,2026-M08,BR-009,6572.31,54.44,6626.75
EMP-000051,2026-M09,BR-009,6542.6,242.78,6785.38
EMP-000051,2026-M10,BR-009,6646.9,58.75,6705.65
EMP-000051,2026-M11,BR-009,6639.06,78.55,6717.61
EMP-000051,2026-M12,BR-009,6874.3,289.08,7163.38
EMP-000052,2025-M01,BR-009,6583.07,106.74,6689.81
EMP-000052,2025-M02,BR-009,6401.8,79.59,6481.39
EMP-000052,2025-M03,BR-009,6393.48,321.97,6715.45
EMP-000052,2025-M04,BR-009,6316.39,96.79,6413.18
EMP-000052,2025-M05,BR-009,6325.0,106.65,6431.65
EMP-000052,2025-M06,BR-009,6507.34,379.7,6887.04
EMP-000052,2025-M07,BR-009,6399.38,84.11,6483.49
EMP-000052,2025-M08,BR-009,6413.28,86.15,6499.43
EMP-000052,2025-M09,BR-009,6510.73,358.01,6868.74
EMP-000052,2025-M10,BR-009,6284.24,80.87,6365.11
EMP-000052,2025-M11,BR-009,6538.04,116.43,6654.47
EMP-000052,2025-M12,BR-009,6415.22,303.3,6718.52
EMP-000052,2026-M01,BR-009,6365.98,110.18,6476.16
EMP-000052,2026-M02,BR-009,6505.31,78.47,6583.78
EMP-000052,2026-M03,BR-009,6549.18,377.98,6927.16
EMP-000052,2026-M04,BR-009,6397.98,112.04,6510.02
EMP-000052,2026-M05,BR-009,6306.18,56.7,6362.88
EMP-000052,2026-M06,BR-009,6479.21,423.97,6903.18
EMP-000052,2026-M07,BR-009,6300.15,103.43,6403.58
EMP-000052,2026-M08,BR-009,6386.38,88.21,6474.59
EMP-000052,2026-M09,BR-009,6497.46,475.91,6973.37
EMP-000052,2026-M10,BR-009,6471.86,102.14,6574.0
EMP-000052,2026-M11,BR-009,6378.18,80.15,6458.33
EMP-000052,2026-M12,BR-009,6583.65,306.34,6889.99
EMP-000053,2025-M09,BR-009,2180.22,57.61,2237.83
EMP-000053,2025-M10,BR-009,2124.81,15.45,2140.26
EMP-000053,2025-M11,BR-009,2128.6,12.55,2141.15
EMP-000053,2025-M12,BR-009,2250.62,56.81,2307.43
EMP-000053,2026-M01,BR-009,2161.07,15.51,2176.58
EMP-000053,2026-M02,BR-009,2141.23,14.89,2156.12
EMP-000053,2026-M03,BR-009,2226.8,52.22,2279.02
EMP-000053,2026-M04,BR-009,2172.31,12.34,2184.65
EMP-000053,2026-M05,BR-009,2152.51,19.37,2171.88
EMP-000053,2026-M06,BR-009,2214.33,61.45,2275.78
EMP-000053,2026-M07,BR-009,2246.18,14.56,2260.74
EMP-000053,2026-M08,BR-009,2186.57,10.16,2196.73
EMP-000053,2026-M09,BR-009,2231.94,60.41,2292.35
EMP-000053,2026-M10,BR-009,2193.41,19.35,2212.76
EMP-000053,2026-M11,BR-009,2167.06,15.18,2182.24
EMP-000053,2026-M12,BR-009,2207.94,60.2,2268.14
EMP-000054,2025-M01,BR-009,7880.76,237.53,8118.29
EMP-000054,2025-M02,BR-009,8033.36,184.18,8217.54
EMP-000054,2025-M03,BR-009,8156.68,964.98,9121.66
EMP-000054,2025-M04,BR-009,7760.11,319.95,8080.06
EMP-000054,2025-M05,BR-009,7722.38,234.09,7956.47
EMP-000054,2025-M06,BR-009,7952.73,1303.42,9256.15
EMP-000054,2025-M07,BR-009,7885.2,262.76,8147.96
EMP-000054,2025-M08,BR-009,7957.91,291.36,8249.27
EMP-000054,2025-M09,BR-009,8044.23,821.3,8865.53
EMP-000054,2025-M10,BR-009,8070.5,308.01,8378.51
EMP-000054,2025-M11,BR-009,7755.77,207.9,7963.67
EMP-000054,2025-M12,BR-009,7980.72,1314.91,9295.63
EMP-000054,2026-M01,BR-009,7759.81,251.16,8010.97
EMP-000054,2026-M02,BR-009,7876.92,156.31,8033.23
EMP-000054,2026-M03,BR-009,8085.47,819.66,8905.13
EMP-000054,2026-M04,BR-009,7927.38,369.36,8296.74
EMP-000054,2026-M05,BR-009,7760.24,217.6,7977.84
EMP-000054,2026-M06,BR-009,7966.19,820.72,8786.91
EMP-000054,2026-M07,BR-009,7837.68,201.97,8039.65
EMP-000054,2026-M08,BR-009,7722.97,221.09,7944.06
EMP-000054,2026-M09,BR-009,7768.35,1272.27,9040.62
EMP-000054,2026-M10,BR-009,7727.76,246.14,7973.9
EMP-000054,2026-M11,BR-009,7970.87,221.48,8192.35
EMP-000054,2026-M12,BR-009,8086.35,1185.51,9271.86
EMP-000055,2025-M01,BR-010,10979.29,368.16,11347.45
EMP-000055,2025-M02,BR-010,10930.27,569.99,11500.26
EMP-000055,2025-M03,BR-010,11455.42,1887.04,13342.46
EMP-000055,2025-M04,BR-010,10869.15,370.0,11239.15
EMP-000055,2025-M05,BR-010,10835.94,482.11,11318.05
EMP-000055,2025-M06,BR-010,11525.05,1929.66,13454.71
EMP-000055,2025-M07,BR-010,10686.38,477.26,11163.64
EMP-000055,2025-M08,BR-010,11104.74,372.7,11477.44
EMP-000055,2025-M09,BR-010,11233.15,1627.56,12860.71
EMP-000055,2025-M10,BR-010,10972.7,558.35,11531.05
EMP-000055,2025-M11,BR-010,11251.7,298.51,11550.21
EMP-000055,2025-M12,BR-010,11347.54,2078.7,13426.24
EMP-000055,2026-M01,BR-010,11093.57,359.29,11452.86
EMP-000055,2026-M02,BR-010,10918.24,447.58,11365.82
EMP-000055,2026-M03,BR-010,11282.67,1667.43,12950.1
EMP-000055,2026-M04,BR-010,10711.04,463.07,11174.11
EMP-000055,2026-M05,BR-010,10837.89,384.03,11221.92
EMP-000055,2026-M06,BR-010,11282.23,1874.63,13156.86
EMP-000055,2026-M07,BR-010,10951.95,449.55,11401.5
EMP-000055,2026-M08,BR-010,11236.05,404.65,11640.7
EMP-000055,2026-M09,BR-010,11196.91,2183.88,13380.79
EMP-000055,2026-M10,BR-010,11114.67,453.68,11568.35
EMP-000055,2026-M11,BR-010,11309.79,461.34,11771.13
EMP-000055,2026-M12,BR-010,11451.75,2157.13,13608.88
EMP-000056,2025-M01,BR-010,6107.07,74.18,6181.25
EMP-000056,2025-M02,BR-010,6291.68,114.79,6406.47
EMP-000056,2025-M03,BR-010,6280.34,409.28,6689.62
EMP-000056,2025-M04,BR-010,6154.56,122.35,6276.91
EMP-000056,2025-M05,BR-010,5958.87,116.35,6075.22
EMP-000056,2025-M06,BR-010,6230.24,405.38,6635.62
EMP-000056,2025-M07,BR-010,6033.73,83.8,6117.53
EMP-000056,2025-M08,BR-010,6350.71,118.72,6469.43
EMP-000056,2025-M09,BR-010,6214.76,417.65,6632.41
EMP-000056,2025-M10,BR-010,6077.58,115.03,6192.61
EMP-000056,2025-M11,BR-010,6272.95,93.59,6366.54
EMP-000056,2025-M12,BR-010,6228.79,424.15,6652.94
EMP-000056,2026-M01,BR-010,6216.95,129.91,6346.86
EMP-000056,2026-M02,BR-010,6269.51,140.88,6410.39
EMP-000056,2026-M03,BR-010,6028.83,656.42,6685.25
EMP-000056,2026-M04,BR-010,6121.91,112.7,6234.61
EMP-000056,2026-M05,BR-010,6110.49,101.21,6211.7
EMP-000056,2026-M06,BR-010,6156.47,443.62,6600.09
EMP-000056,2026-M07,BR-010,6165.55,134.68,6300.23
EMP-000056,2026-M08,BR-010,6195.18,123.59,6318.77
EMP-000056,2026-M09,BR-010,6412.57,485.81,6898.38
EMP-000056,2026-M10,BR-010,6074.25,120.31,6194.56
EMP-000056,2026-M11,BR-010,6107.46,82.15,6189.61
EMP-000056,2026-M12,BR-010,6277.09,477.95,6755.04
EMP-000057,2025-M01,BR-010,6961.61,67.59,7029.2
EMP-000057,2025-M02,BR-010,6710.31,59.81,6770.12
EMP-000057,2025-M03,BR-010,6876.9,302.18,7179.08
EMP-000057,2025-M04,BR-010,6855.9,78.73,6934.63
EMP-000057,2025-M05,BR-010,6701.5,91.78,6793.28
EMP-000057,2025-M06,BR-010,6823.26,302.64,7125.9
EMP-000057,2025-M07,BR-010,6689.06,83.21,6772.27
EMP-000057,2025-M08,BR-010,6733.8,84.03,6817.83
EMP-000057,2025-M09,BR-010,6826.5,332.0,7158.5
EMP-000057,2025-M10,BR-010,6795.11,90.01,6885.12
EMP-000057,2025-M11,BR-010,6821.75,63.33,6885.08
EMP-000057,2025-M12,BR-010,6958.05,313.08,7271.13
EMP-000057,2026-M01,BR-010,6769.28,62.77,6832.05
EMP-000057,2026-M02,BR-010,6745.27,61.87,6807.14
EMP-000057,2026-M03,BR-010,6909.4,215.02,7124.42
EMP-000057,2026-M04,BR-010,6589.37,66.7,6656.07
EMP-000057,2026-M05,BR-010,6662.35,78.39,6740.74
EMP-000057,2026-M06,BR-010,6772.91,350.06,7122.97
EMP-000057,2026-M07,BR-010,6645.92,68.18,6714.1
EMP-000057,2026-M08,BR-010,6691.4,52.8,6744.2
EMP-000057,2026-M09,BR-010,6933.91,231.64,7165.55
EMP-000057,2026-M10,BR-010,6564.11,68.93,6633.04
EMP-000057,2026-M11,BR-010,6626.07,63.32,6689.39
EMP-000057,2026-M12,BR-010,6927.63,207.52,7135.15
EMP-000058,2025-M09,BR-010,5885.95,391.24,6277.19
EMP-000058,2025-M10,BR-010,6000.56,72.77,6073.33
EMP-000058,2025-M11,BR-010,5912.28,85.32,5997.6
EMP-000058,2025-M12,BR-010,6150.86,416.94,6567.8
EMP-000058,2026-M01,BR-010,6086.67,77.83,6164.5
EMP-000058,2026-M02,BR-010,6239.27,99.22,6338.49
EMP-000058,2026-M03,BR-010,6341.73,356.44,6698.17
EMP-000058,2026-M04,BR-010,6122.65,69.66,6192.31
EMP-000058,2026-M05,BR-010,6124.22,63.05,6187.27
EMP-000058,2026-M06,BR-010,6123.93,395.33,6519.26
EMP-000058,2026-M07,BR-010,6135.24,76.41,6211.65
EMP-000058,2026-M08,BR-010,6225.2,93.83,6319.03
EMP-000058,2026-M09,BR-010,6224.89,281.53,6506.42
EMP-000058,2026-M10,BR-010,6108.83,95.15,6203.98
EMP-000058,2026-M11,BR-010,6041.33,110.11,6151.44
EMP-000058,2026-M12,BR-010,6398.33,257.99,6656.32
EMP-000059,2025-M01,BR-010,2383.47,16.45,2399.92
EMP-000059,2025-M02,BR-010,2394.21,19.74,2413.95
EMP-000059,2025-M03,BR-010,2463.69,63.34,2527.03
EMP-000059,2025-M04,BR-010,2392.18,23.2,2415.38
EMP-000059,2025-M05,BR-010,2374.6,19.8,2394.4
EMP-000059,2025-M06,BR-010,2443.68,68.08,2511.76
EMP-000059,2025-M07,BR-010,2336.04,12.5,2348.54
EMP-000059,2025-M08,BR-010,2405.37,19.22,2424.59
EMP-000059,2025-M09,BR-010,2418.42,89.39,2507.81
EMP-000059,2025-M10,BR-010,2324.68,13.55,2338.23
EMP-000059,2025-M11,BR-010,2310.56,18.43,2328.99
EMP-000059,2025-M12,BR-010,2470.78,61.49,2532.27
EMP-000059,2026-M01,BR-010,2374.2,17.87,2392.07
EMP-000059,2026-M02,BR-010,2402.44,19.43,2421.87
EMP-000059,2026-M03,BR-010,2455.93,85.48,2541.41
EMP-000059,2026-M04,BR-010,2401.15,19.96,2421.11
EMP-000059,2026-M05,BR-010,2379.4,24.78,2404.18
EMP-000059,2026-M06,BR-010,2364.46,73.43,2437.89
EMP-000059,2026-M07,BR-010,2364.71,16.88,2381.59
EMP-000059,2026-M08,BR-010,2397.29,12.7,2409.99
EMP-000059,2026-M09,BR-010,2343.24,70.55,2413.79
EMP-000059,2026-M10,BR-010,2378.18,20.3,2398.48
EMP-000059,2026-M11,BR-010,2428.21,21.46,2449.67
EMP-000059,2026-M12,BR-010,2441.52,69.16,2510.68
EMP-000060,2025-M04,BR-010,6705.01,44.25,6749.26
EMP-000060,2025-M05,BR-010,6569.12,48.21,6617.33
EMP-000060,2025-M06,BR-010,6753.29,228.22,6981.51
EMP-000060,2025-M07,BR-010,6700.21,24.58,6724.79
EMP-000060,2025-M08,BR-010,6671.46,40.59,6712.05
EMP-000060,2025-M09,BR-010,6992.02,269.17,7261.19
EMP-000060,2025-M10,BR-010,6587.06,39.46,6626.52
EMP-000060,2025-M11,BR-010,6696.02,53.63,6749.65
EMP-000060,2025-M12,BR-010,6991.4,141.24,7132.64
EMP-000060,2026-M01,BR-010,6615.56,35.52,6651.08
EMP-000060,2026-M02,BR-010,6778.35,49.16,6827.51
EMP-000060,2026-M03,BR-010,6815.46,178.38,6993.84
EMP-000060,2026-M04,BR-010,6791.86,56.63,6848.49
EMP-000060,2026-M05,BR-010,6736.83,37.09,6773.92
EMP-000060,2026-M06,BR-010,6896.27,179.9,7076.17
EMP-000060,2026-M07,BR-010,6940.64,51.07,6991.71
EMP-000060,2026-M08,BR-010,6765.27,31.54,6796.81
EMP-000060,2026-M09,BR-010,7083.79,241.93,7325.72
EMP-000060,2026-M10,BR-010,6750.95,49.26,6800.21
EMP-000060,2026-M11,BR-010,7086.51,57.64,7144.15
EMP-000060,2026-M12,BR-010,7165.34,151.39,7316.73
EMP-000061,2025-M01,BR-011,11137.99,511.74,11649.73
EMP-000061,2025-M02,BR-011,11181.68,430.37,11612.05
EMP-000061,2025-M03,BR-011,11277.35,1871.44,13148.79
EMP-000061,2025-M04,BR-011,11003.37,565.49,11568.86
EMP-000061,2025-M05,BR-011,11153.75,467.02,11620.77
EMP-000061,2025-M06,BR-011,11200.88,2092.59,13293.47
EMP-000061,2025-M07,BR-011,11095.43,442.92,11538.35
EMP-000061,2025-M08,BR-011,11019.92,460.48,11480.4
EMP-000061,2025-M09,BR-011,11836.75,2045.33,13882.08
EMP-000061,2025-M10,BR-011,11280.37,642.21,11922.58
EMP-000061,2025-M11,BR-011,11274.63,552.72,11827.35
EMP-000061,2025-M12,BR-011,11452.44,1716.11,13168.55
EMP-000061,2026-M01,BR-011,11102.02,422.92,11524.94
EMP-000061,2026-M02,BR-011,11204.54,508.17,11712.71
EMP-000061,2026-M03,BR-011,11483.3,1948.93,13432.23
EMP-000061,2026-M04,BR-011,10893.62,512.94,11406.56
EMP-000061,2026-M05,BR-011,11022.87,362.76,11385.63
EMP-000061,2026-M06,BR-011,11348.99,1923.41,13272.4
EMP-000061,2026-M07,BR-011,10949.02,529.61,11478.63
EMP-000061,2026-M08,BR-011,11245.75,475.73,11721.48
EMP-000061,2026-M09,BR-011,11153.79,1298.06,12451.85
EMP-000061,2026-M10,BR-011,11149.05,401.17,11550.22
EMP-000061,2026-M11,BR-011,10788.91,455.95,11244.86
EMP-000061,2026-M12,BR-011,11432.67,1786.86,13219.53
EMP-000062,2025-M01,BR-011,5994.02,90.87,6084.89
EMP-000062,2025-M02,BR-011,6038.4,77.81,6116.21
EMP-000062,2025-M03,BR-011,6199.09,502.4,6701.49
EMP-000062,2025-M04,BR-011,6081.13,123.93,6205.06
EMP-000062,2025-M05,BR-011,5977.87,115.43,6093.3
EMP-000062,2025-M06,BR-011,6053.23,285.57,6338.8
EMP-000062,2025-M07,BR-011,6081.68,109.95,6191.63
EMP-000062,2025-M08,BR-011,6031.55,84.32,6115.87
EMP-000062,2025-M09,BR-011,6126.17,473.18,6599.35
EMP-000062,2025-M10,BR-011,6045.78,117.27,6163.05
EMP-000062,2025-M11,BR-011,6193.01,131.35,6324.36
EMP-000062,2025-M12,BR-011,6211.78,334.79,6546.57
EMP-000062,2026-M01,BR-011,6114.45,114.63,6229.08
EMP-000062,2026-M02,BR-011,6150.24,126.56,6276.8
EMP-000062,2026-M03,BR-011,6311.39,453.13,6764.52
EMP-000062,2026-M04,BR-011,6029.62,94.49,6124.11
EMP-000062,2026-M05,BR-011,6100.12,87.32,6187.44
EMP-000062,2026-M06,BR-011,6326.82,652.47,6979.29
EMP-000062,2026-M07,BR-011,6033.8,97.17,6130.97
EMP-000062,2026-M08,BR-011,6202.72,83.53,6286.25
EMP-000062,2026-M09,BR-011,6329.24,483.63,6812.87
EMP-000062,2026-M10,BR-011,6154.73,113.71,6268.44
EMP-000062,2026-M11,BR-011,6200.83,98.7,6299.53
EMP-000062,2026-M12,BR-011,6379.71,516.83,6896.54
EMP-000063,2025-M01,BR-011,6754.95,82.38,6837.33
EMP-000063,2025-M02,BR-011,6753.01,63.21,6816.22
EMP-000063,2025-M03,BR-011,6856.34,316.01,7172.35
EMP-000063,2025-M04,BR-011,6687.81,65.75,6753.56
EMP-000063,2025-M05,BR-011,6938.47,68.33,7006.8
EMP-000063,2025-M06,BR-011,6975.63,311.31,7286.94
EMP-000063,2025-M07,BR-011,6723.78,75.4,6799.18
EMP-000063,2025-M08,BR-011,6659.69,38.68,6698.37
EMP-000063,2025-M09,BR-011,6914.54,221.59,7136.13
EMP-000063,2025-M10,BR-011,6668.68,64.38,6733.06
EMP-000063,2025-M11,BR-011,6934.49,54.17,6988.66
EMP-000063,2025-M12,BR-011,6893.3,307.4,7200.7
EMP-000063,2026-M01,BR-011,6749.39,57.23,6806.62
EMP-000063,2026-M02,BR-011,7039.29,54.06,7093.35
EMP-000063,2026-M03,BR-011,6892.21,358.98,7251.19
EMP-000063,2026-M04,BR-011,6787.95,69.41,6857.36
EMP-000063,2026-M05,BR-011,6714.48,79.9,6794.38
EMP-000063,2026-M06,BR-011,6935.35,271.3,7206.65
EMP-000063,2026-M07,BR-011,6909.04,62.81,6971.85
EMP-000063,2026-M08,BR-011,6950.19,77.23,7027.42
EMP-000063,2026-M09,BR-011,7166.0,302.24,7468.24
EMP-000063,2026-M10,BR-011,6711.16,60.71,6771.87
EMP-000063,2026-M11,BR-011,6943.24,37.69,6980.93
EMP-000063,2026-M12,BR-011,6869.28,340.05,7209.33
EMP-000064,2025-M01,BR-011,6608.65,92.93,6701.58
EMP-000064,2025-M02,BR-011,6581.24,92.79,6674.03
EMP-000064,2025-M03,BR-011,6651.15,348.42,6999.57
EMP-000064,2025-M04,BR-011,6567.63,117.86,6685.49
EMP-000064,2025-M05,BR-011,6667.34,110.17,6777.51
EMP-000064,2025-M06,BR-011,6702.7,457.56,7160.26
EMP-000064,2025-M07,BR-011,6500.68,88.96,6589.64
EMP-000064,2025-M08,BR-011,6521.45,128.17,6649.62
EMP-000064,2025-M09,BR-011,6833.18,222.61,7055.79
EMP-000064,2025-M10,BR-011,6538.65,89.25,6627.9
EMP-000064,2025-M11,BR-011,6724.82,75.96,6800.78
EMP-000064,2025-M12,BR-011,6690.24,411.89,7102.13
EMP-000064,2026-M01,BR-011,6597.88,116.01,6713.89
EMP-000064,2026-M02,BR-011,6474.04,79.15,6553.19
EMP-000064,2026-M03,BR-011,6686.24,338.51,7024.75
EMP-000064,2026-M04,BR-011,6632.09,74.61,6706.7
EMP-000064,2026-M05,BR-011,6613.22,91.09,6704.31
EMP-000064,2026-M06,BR-011,6881.28,313.9,7195.18
EMP-000064,2026-M07,BR-011,6423.97,84.59,6508.56
EMP-000064,2026-M08,BR-011,6612.21,87.75,6699.96
EMP-000064,2026-M09,BR-011,6766.36,411.67,7178.03
EMP-000064,2026-M10,BR-011,6567.31,87.13,6654.44
EMP-000064,2026-M11,BR-011,6378.09,68.63,6446.72
EMP-000064,2026-M12,BR-011,6816.85,403.11,7219.96
EMP-000065,2025-M01,BR-011,2268.17,18.5,2286.67
EMP-000065,2025-M02,BR-011,2325.24,15.32,2340.56
EMP-000065,2025-M03,BR-011,2362.57,65.7,2428.27
EMP-000065,2025-M04,BR-011,2230.4,13.19,2243.59
EMP-000065,2025-M05,BR-011,2271.99,18.14,2290.13
EMP-000065,2025-M06,BR-011,2283.47,44.3,2327.77
EMP-000065,2025-M07,BR-011,2300.22,17.69,2317.91
EMP-000065,2025-M08,BR-011,2271.15,19.06,2290.21
EMP-000065,2025-M09,BR-011,2334.6,84.55,2419.15
EMP-000065,2025-M10,BR-011,2360.17,20.58,2380.75
EMP-000065,2025-M11,BR-011,2347.05,18.45,2365.5
EMP-000065,2025-M12,BR-011,2364.66,41.11,2405.77
EMP-000065,2026-M01,BR-011,2310.84,14.46,2325.3
EMP-000065,2026-M02,BR-011,2330.33,18.93,2349.26
EMP-000065,2026-M03,BR-011,2437.1,92.79,2529.89
EMP-000065,2026-M04,BR-011,2336.46,16.36,2352.82
EMP-000065,2026-M05,BR-011,2388.59,16.94,2405.53
EMP-000065,2026-M06,BR-011,2372.09,66.31,2438.4
EMP-000065,2026-M07,BR-011,2414.35,11.74,2426.09
EMP-000065,2026-M08,BR-011,2350.06,14.05,2364.11
EMP-000065,2026-M09,BR-011,2447.03,29.9,2476.93
EMP-000065,2026-M10,BR-011,2419.01,19.82,2438.83
EMP-000065,2026-M11,BR-011,2384.34,21.58,2405.92
EMP-000065,2026-M12,BR-011,2472.97,71.13,2544.1
EMP-000066,2025-M10,BR-011,6983.48,138.34,7121.82
EMP-000066,2025-M11,BR-011,7301.12,155.28,7456.4
EMP-000066,2025-M12,BR-011,7221.28,513.94,7735.22
EMP-000066,2026-M01,BR-011,7146.93,92.81,7239.74
EMP-000066,2026-M02,BR-011,7370.05,101.56,7471.61
EMP-000066,2026-M03,BR-011,7606.34,548.42,8154.76
EMP-000066,2026-M04,BR-011,7142.52,104.11,7246.63
EMP-000066,2026-M05,BR-011,7305.62,143.16,7448.78
EMP-000066,2026-M06,BR-011,7616.47,563.94,8180.41
EMP-000066,2026-M07,BR-011,7363.56,113.97,7477.53
EMP-000066,2026-M08,BR-011,7306.2,86.17,7392.37
EMP-000066,2026-M09,BR-011,7327.67,442.0,7769.67
EMP-000066,2026-M10,BR-011,7253.88,151.53,7405.41
EMP-000066,2026-M11,BR-011,7386.74,141.96,7528.7
EMP-000066,2026-M12,BR-011,7370.88,483.66,7854.54
EMP-000067,2025-M01,BR-012,11253.25,434.0,11687.25
EMP-000067,2025-M02,BR-012,11477.77,568.55,12046.32
EMP-000067,2025-M03,BR-012,11535.73,2273.3,13809.03
EMP-000067,2025-M04,BR-012,11167.19,543.79,11710.98
EMP-000067,2025-M05,BR-012,11360.16,467.1,11827.26
EMP-000067,2025-M06,BR-012,11411.76,1861.66,13273.42
EMP-000067,2025-M07,BR-012,10924.12,430.23,11354.35
EMP-000067,2025-M08,BR-012,11517.94,449.28,11967.22
EMP-000067,2025-M09,BR-012,11626.36,1785.82,13412.18
EMP-000067,2025-M10,BR-012,11418.19,483.25,11901.44
EMP-000067,2025-M11,BR-012,10999.76,452.97,11452.73
EMP-000067,2025-M12,BR-012,11625.03,2142.84,13767.87
EMP-000067,2026-M01,BR-012,11494.57,627.5,12122.07
EMP-000067,2026-M02,BR-012,11257.56,401.5,11659.06
EMP-000067,2026-M03,BR-012,11619.4,1870.79,13490.19
EMP-000067,2026-M04,BR-012,11279.05,571.09,11850.14
EMP-000067,2026-M05,BR-012,11621.34,627.65,12248.99
EMP-000067,2026-M06,BR-012,11468.62,1900.65,13369.27
EMP-000067,2026-M07,BR-012,11303.06,355.0,11658.06
EMP-000067,2026-M08,BR-012,11451.3,315.48,11766.78
EMP-000067,2026-M09,BR-012,11823.57,1840.97,13664.54
EMP-000067,2026-M10,BR-012,11009.28,470.05,11479.33
EMP-000067,2026-M11,BR-012,11165.4,520.5,11685.9
EMP-000067,2026-M12,BR-012,11807.6,2255.03,14062.63
EMP-000068,2025-M01,BR-012,5963.52,74.76,6038.28
EMP-000068,2025-M02,BR-012,5938.69,108.22,6046.91
EMP-000068,2025-M03,BR-012,6141.77,478.1,6619.87
EMP-000068,2025-M04,BR-012,5943.6,88.31,6031.91
EMP-000068,2025-M05,BR-012,5969.97,131.25,6101.22
EMP-000068,2025-M06,BR-012,6270.05,506.15,6776.2
EMP-000068,2025-M07,BR-012,5999.63,104.03,6103.66
EMP-000068,2025-M08,BR-012,5983.59,103.58,6087.17
EMP-000068,2025-M09,BR-012,6140.13,547.93,6688.06
EMP-000068,2025-M10,BR-012,6104.31,113.67,6217.98
EMP-000068,2025-M11,BR-012,6005.78,105.99,6111.77
EMP-000068,2025-M12,BR-012,6202.46,492.14,6694.6
EMP-000068,2026-M01,BR-012,5978.59,164.33,6142.92
EMP-000068,2026-M02,BR-012,6215.96,142.06,6358.02
EMP-000068,2026-M03,BR-012,6348.42,638.07,6986.49
EMP-000068,2026-M04,BR-012,6182.82,108.08,6290.9
EMP-000068,2026-M05,BR-012,6234.8,99.97,6334.77
EMP-000068,2026-M06,BR-012,6380.43,301.92,6682.35
EMP-000068,2026-M07,BR-012,6284.53,90.6,6375.13
EMP-000068,2026-M08,BR-012,6176.32,134.47,6310.79
EMP-000068,2026-M09,BR-012,6320.14,390.9,6711.04
EMP-000068,2026-M10,BR-012,6302.18,103.95,6406.13
EMP-000068,2026-M11,BR-012,6301.27,105.8,6407.07
EMP-000068,2026-M12,BR-012,6263.79,573.59,6837.38
EMP-000069,2025-M01,BR-012,6652.12,64.1,6716.22
EMP-000069,2025-M02,BR-012,6985.66,78.1,7063.76
EMP-000069,2025-M03,BR-012,7026.12,254.82,7280.94
EMP-000069,2025-M04,BR-012,6849.35,89.33,6938.68
EMP-000069,2025-M05,BR-012,6879.91,75.59,6955.5
EMP-000069,2025-M06,BR-012,7018.06,278.16,7296.22
EMP-000069,2025-M07,BR-012,6935.26,78.06,7013.32
EMP-000069,2025-M08,BR-012,6889.52,74.41,6963.93
EMP-000069,2025-M09,BR-012,6999.44,383.86,7383.3
EMP-000069,2025-M10,BR-012,7009.86,71.54,7081.4
EMP-000069,2025-M11,BR-012,6846.61,68.74,6915.35
EMP-000069,2025-M12,BR-012,7321.62,268.45,7590.07
EMP-000069,2026-M01,BR-012,6977.35,66.01,7043.36
EMP-000069,2026-M02,BR-012,6932.14,79.31,7011.45
EMP-000069,2026-M03,BR-012,7131.06,341.23,7472.29
EMP-000069,2026-M04,BR-012,6959.37,84.38,7043.75
EMP-000069,2026-M05,BR-012,6682.49,89.39,6771.88
EMP-000069,2026-M06,BR-012,7234.56,245.32,7479.88
EMP-000069,2026-M07,BR-012,6951.06,78.92,7029.98
EMP-000069,2026-M08,BR-012,6855.27,70.9,6926.17
EMP-000069,2026-M09,BR-012,7060.31,235.44,7295.75
EMP-000069,2026-M10,BR-012,6907.67,59.26,6966.93
EMP-000069,2026-M11,BR-012,6965.02,103.12,7068.14
EMP-000069,2026-M12,BR-012,7013.41,328.99,7342.4
EMP-000070,2025-M01,BR-012,6491.86,73.94,6565.8
EMP-000070,2025-M02,BR-012,6475.84,62.79,6538.63
EMP-000070,2025-M03,BR-012,6542.07,339.08,6881.15
EMP-000070,2025-M04,BR-012,6428.83,81.23,6510.06
EMP-000070,2025-M05,BR-012,6661.36,101.57,6762.93
EMP-000070,2025-M06,BR-012,6613.86,422.38,7036.24
EMP-000070,2025-M07,BR-012,6445.89,75.69,6521.58
EMP-000070,2025-M08,BR-012,6751.48,105.49,6856.97
EMP-000070,2025-M09,BR-012,6580.61,399.61,6980.22
EMP-000070,2025-M10,BR-012,6472.39,94.35,6566.74
EMP-000070,2025-M11,BR-012,6567.91,52.19,6620.1
EMP-000070,2025-M12,BR-012,6608.85,247.42,6856.27
EMP-000070,2026-M01,BR-012,6521.6,117.58,6639.18
EMP-000070,2026-M02,BR-012,6594.6,72.87,6667.47
EMP-000070,2026-M03,BR-012,6800.49,319.93,7120.42
EMP-000070,2026-M04,BR-012,6588.65,93.62,6682.27
EMP-000070,2026-M05,BR-012,6654.62,87.67,6742.29
EMP-000070,2026-M06,BR-012,6754.18,341.04,7095.22
EMP-000070,2026-M07,BR-012,6578.83,123.18,6702.01
EMP-000070,2026-M08,BR-012,6735.67,90.05,6825.72
EMP-000070,2026-M09,BR-012,6843.11,501.86,7344.97
EMP-000070,2026-M10,BR-012,6699.12,68.29,6767.41
EMP-000070,2026-M11,BR-012,6709.89,120.46,6830.35
EMP-000070,2026-M12,BR-012,6948.3,325.0,7273.3
EMP-000071,2025-M01,BR-012,2310.79,11.47,2322.26
EMP-000071,2025-M02,BR-012,2244.83,12.04,2256.87
EMP-000071,2025-M03,BR-012,2363.46,69.44,2432.9
EMP-000071,2025-M04,BR-012,2297.64,17.78,2315.42
EMP-000071,2025-M05,BR-012,2332.38,17.25,2349.63
EMP-000071,2025-M06,BR-012,2314.8,51.16,2365.96
EMP-000071,2025-M07,BR-012,2324.51,18.33,2342.84
EMP-000071,2025-M08,BR-012,2302.59,11.39,2313.98
EMP-000071,2025-M09,BR-012,2389.1,72.15,2461.25
EMP-000071,2025-M10,BR-012,2356.6,17.31,2373.91
EMP-000071,2025-M11,BR-012,2292.48,19.22,2311.7
EMP-000071,2025-M12,BR-012,2368.67,79.99,2448.66
EMP-000071,2026-M01,BR-012,2350.6,12.38,2362.98
EMP-000071,2026-M02,BR-012,2377.63,13.7,2391.33
EMP-000071,2026-M03,BR-012,2467.81,60.03,2527.84
EMP-000071,2026-M04,BR-012,2326.37,18.29,2344.66
EMP-000071,2026-M05,BR-012,2362.08,13.85,2375.93
EMP-000071,2026-M06,BR-012,2490.19,68.73,2558.92
EMP-000071,2026-M07,BR-012,2417.54,18.52,2436.06
EMP-000071,2026-M08,BR-012,2385.15,19.84,2404.99
EMP-000071,2026-M09,BR-012,2452.43,87.48,2539.91
EMP-000071,2026-M10,BR-012,2408.55,18.4,2426.95
EMP-000071,2026-M11,BR-012,2430.43,20.0,2450.43
EMP-000071,2026-M12,BR-012,2526.63,60.61,2587.24
EMP-000072,2025-M01,BR-012,7565.33,165.65,7730.98
EMP-000072,2025-M02,BR-012,7565.85,220.98,7786.83
EMP-000072,2025-M03,BR-012,7661.94,1005.34,8667.28
EMP-000072,2025-M04,BR-012,7383.94,245.9,7629.84
EMP-000072,2025-M05,BR-012,7353.09,206.93,7560.02
EMP-000072,2025-M06,BR-012,7489.61,878.58,8368.19
EMP-000072,2025-M07,BR-012,7379.13,174.74,7553.87
EMP-000072,2025-M08,BR-012,7618.06,160.8,7778.86
EMP-000072,2025-M09,BR-012,7837.88,977.74,8815.62
EMP-000072,2025-M10,BR-012,7362.83,151.63,7514.46
EMP-000072,2025-M11,BR-012,7464.42,184.68,7649.1
EMP-000072,2025-M12,BR-012,7472.2,743.87,8216.07
EMP-000072,2026-M01,BR-012,7455.34,123.84,7579.18
EMP-000072,2026-M02,BR-012,7581.52,155.92,7737.44
EMP-000072,2026-M03,BR-012,7771.18,692.96,8464.14
EMP-000072,2026-M04,BR-012,7523.81,177.94,7701.75
EMP-000072,2026-M05,BR-012,7523.57,216.83,7740.4
EMP-000072,2026-M06,BR-012,7614.04,790.03,8404.07
EMP-000072,2026-M07,BR-012,7629.18,147.99,7777.17
EMP-000072,2026-M08,BR-012,7661.66,226.63,7888.29
EMP-000072,2026-M09,BR-012,7734.53,729.66,8464.19
EMP-000072,2026-M10,BR-012,7618.93,209.78,7828.71
EMP-000072,2026-M11,BR-012,7470.69,206.55,7677.24
EMP-000072,2026-M12,BR-012,7581.22,805.54,8386.76
