branch_id,product_id,period_id,fee_type,fee_amount_usd
BR-001,PRD-001,2025-M01,maintenance_fee,5132.94
BR-001,PRD-001,2025-M02,maintenance_fee,5270.19
BR-001,PRD-001,2025-M03,maintenance_fee,5488.92
BR-001,PRD-001,2025-M04,maintenance_fee,5834.84
BR-001,PRD-001,2025-M05,maintenance_fee,4550.16
BR-001,PRD-001,2025-M06,maintenance_fee,4607.38
BR-001,PRD-001,2025-M07,maintenance_fee,4451.15
BR-001,PRD-001,2025-M08,maintenance_fee,4263.14
BR-001,PRD-001,2025-M09,maintenance_fee,4164.14
BR-001,PRD-001,2025-M10,maintenance_fee,4385.84
BR-001,PRD-001,2025-M11,maintenance_fee,4313.27
BR-001,PRD-001,2025-M12,maintenance_fee,4864.14
BR-001,PRD-001,2026-M01,maintenance_fee,5187.75
BR-001,PRD-001,2026-M02,maintenance_fee,5448.02
BR-001,PRD-001,2026-M03,maintenance_fee,5509.8
BR-001,PRD-001,2026-M04,maintenance_fee,5480.46
BR-001,PRD-001,2026-M05,maintenance_fee,5077.77
BR-001,PRD-001,2026-M06,maintenance_fee,5503.03
BR-001,PRD-001,2026-M07,maintenance_fee,4832.33
BR-001,PRD-001,2026-M08,maintenance_fee,4199.43
BR-001,PRD-001,2026-M09,maintenance_fee,4347.92
BR-001,PRD-001,2026-M10,maintenance_fee,4227.67
BR-001,PRD-001,2026-M11,maintenance_fee,4780.49
BR-001,PRD-001,2026-M12,maintenance_fee,4945.06
BR-001,PRD-002,2025-M01,service_fee,2008.94
BR-001,PRD-002,2025-M02,service_fee,2327.7
BR-001,PRD-002,2025-M03,service_fee,2194.88
BR-001,PRD-002,2025-M04,service_fee,2191.83
BR-001,PRD-002,2025-M05,service_fee,1961.35
BR-001,PRD-002,2025-M06,service_fee,1879.18
BR-001,PRD-002,2025-M07,service_fee,1902.37
BR-001,PRD-002,2025-M08,service_fee,1856.89
BR-001,PRD-002,2025-M09,service_fee,1650.86
BR-001,PRD-002,2025-M10,service_fee,1824.36
BR-001,PRD-002,2025-M11,service_fee,1900.22
BR-001,PRD-002,2025-M12,service_fee,1956.72
BR-001,PRD-002,2026-M01,service_fee,2052.4
BR-001,PRD-002,2026-M02,service_fee,2140.3
BR-001,PRD-002,2026-M03,service_fee,2202.04
BR-001,PRD-002,2026-M04,service_fee,2209.63
BR-001,PRD-002,2026-M05,service_fee,2204.1
BR-001,PRD-002,2026-M06,service_fee,2168.29
BR-001,PRD-002,2026-M07,service_fee,1945.77
BR-001,PRD-002,2026-M08,service_fee,1870.93
BR-001,PRD-002,2026-M09,service_fee,1933.96
BR-001,PRD-002,2026-M10,service_fee,1973.07
BR-001,PRD-002,2026-M11,service_fee,1931.96
BR-001,PRD-002,2026-M12,service_fee,2138.42
BR-001,PRD-003,2025-M01,treasury_service_fee,7828.57
BR-001,PRD-003,2025-M02,treasury_service_fee,8168.73
BR-001,PRD-003,2025-M03,treasury_service_fee,8439.19
BR-001,PRD-003,2025-M04,treasury_service_fee,7340.76
BR-001,PRD-003,2025-M05,treasury_service_fee,7468.23
BR-001,PRD-003,2025-M06,treasury_service_fee,7180.05
BR-001,PRD-003,2025-M07,treasury_service_fee,6855.18
BR-001,PRD-003,2025-M08,treasury_service_fee,6462.02
BR-001,PRD-003,2025-M09,treasury_service_fee,6111.54
BR-001,PRD-003,2025-M10,treasury_service_fee,6709.78
BR-001,PRD-003,2025-M11,treasury_service_fee,6624.3
BR-001,PRD-003,2025-M12,treasury_service_fee,7206.85
BR-001,PRD-003,2026-M01,treasury_service_fee,7453.41
BR-001,PRD-003,2026-M02,treasury_service_fee,7541.33
BR-001,PRD-003,2026-M03,treasury_service_fee,8154.51
BR-001,PRD-003,2026-M04,treasury_service_fee,8040.31
BR-001,PRD-003,2026-M05,treasury_service_fee,7986.37
BR-001,PRD-003,2026-M06,treasury_service_fee,8278.7
BR-001,PRD-003,2026-M07,treasury_service_fee,7263.85
BR-001,PRD-003,2026-M08,treasury_service_fee,7114.45
BR-001,PRD-003,2026-M09,treasury_service_fee,6496.07
BR-001,PRD-003,2026-M10,treasury_service_fee,6499.04
BR-001,PRD-003,2026-M11,treasury_service_fee,7731.53
BR-001,PRD-003,2026-M12,treasury_service_fee,7118.44
BR-001,PRD-004,2025-M01,interchange_fee,8524.46
BR-001,PRD-004,2025-M02,interchange_fee,9229.07
BR-001,PRD-004,2025-M03,interchange_fee,9297.72
BR-001,PRD-004,2025-M04,interchange_fee,8829.87
BR-001,PRD-004,2025-M05,interchange_fee,8856.77
BR-001,PRD-004,2025-M06,interchange_fee,9179.58
BR-001,PRD-004,2025-M07,interchange_fee,7967.51
BR-001,PRD-004,2025-M08,interchange_fee,7487.98
BR-001,PRD-004,2025-M09,interchange_fee,8331.13
BR-001,PRD-004,2025-M10,interchange_fee,8246.97
BR-001,PRD-004,2025-M11,interchange_fee,8044.5
BR-001,PRD-004,2025-M12,interchange_fee,7963.87
BR-001,PRD-004,2026-M01,interchange_fee,9005.43
BR-001,PRD-004,2026-M02,interchange_fee,9590.73
BR-001,PRD-004,2026-M03,interchange_fee,10279.57
BR-001,PRD-004,2026-M04,interchange_fee,9118.59
BR-001,PRD-004,2026-M05,interchange_fee,9314.15
BR-001,PRD-004,2026-M06,interchange_fee,9297.53
BR-001,PRD-004,2026-M07,interchange_fee,7606.15
BR-001,PRD-004,2026-M08,interchange_fee,8803.48
BR-001,PRD-004,2026-M09,interchange_fee,7785.2
BR-001,PRD-004,2026-M10,interchange_fee,8509.76
BR-001,PRD-004,2026-M11,interchange_fee,8740.66
BR-001,PRD-004,2026-M12,interchange_fee,9481.65
BR-001,PRD-005,2025-M01,servicing_fee,6193.88
BR-001,PRD-005,2025-M02,servicing_fee,5460.89
BR-001,PRD-005,2025-M03,servicing_fee,6014.06
BR-001,PRD-005,2025-M04,servicing_fee,6240.39
BR-001,PRD-005,2025-M05,servicing_fee,5969.07
BR-001,PRD-005,2025-M06,servicing_fee,5934.41
BR-001,PRD-005,2025-M07,servicing_fee,5783.77
BR-001,PRD-005,2025-M08,servicing_fee,5558.55
BR-001,PRD-005,2025-M09,servicing_fee,5275.19
BR-001,PRD-005,2025-M10,servicing_fee,4896.44
BR-001,PRD-005,2025-M11,servicing_fee,5437.44
BR-001,PRD-005,2025-M12,servicing_fee,5916.66
BR-001,PRD-005,2026-M01,servicing_fee,5927.16
BR-001,PRD-005,2026-M02,servicing_fee,6648.9
BR-001,PRD-005,2026-M03,servicing_fee,6805.75
BR-001,PRD-005,2026-M04,servicing_fee,6486.35
BR-001,PRD-005,2026-M05,servicing_fee,5308.62
BR-001,PRD-005,2026-M06,servicing_fee,5642.63
BR-001,PRD-005,2026-M07,servicing_fee,6332.47
BR-001,PRD-005,2026-M08,servicing_fee,5456.91
BR-001,PRD-005,2026-M09,servicing_fee,4995.45
BR-001,PRD-005,2026-M10,servicing_fee,5956.72
BR-001,PRD-005,2026-M11,servicing_fee,5790.59
BR-001,PRD-005,2026-M12,servicing_fee,6360.86
BR-001,PRD-006,2025-M01,origination_fee,5723.29
BR-001,PRD-006,2025-M02,origination_fee,5937.14
BR-001,PRD-006,2025-M03,origination_fee,5968.64
BR-001,PRD-006,2025-M04,origination_fee,6006.48
BR-001,PRD-006,2025-M05,origination_fee,6287.94
BR-001,PRD-006,2025-M06,origination_fee,5691.53
BR-001,PRD-006,2025-M07,origination_fee,4799.13
BR-001,PRD-006,2025-M08,origination_fee,5164.76
BR-001,PRD-006,2025-M09,origination_fee,5278.77
BR-001,PRD-006,2025-M10,origination_fee,5355.74
BR-001,PRD-006,2025-M11,origination_fee,5099.73
BR-001,PRD-006,2025-M12,origination_fee,5744.17
BR-001,PRD-006,2026-M01,origination_fee,6143.26
BR-001,PRD-006,2026-M02,origination_fee,6812.64
BR-001,PRD-006,2026-M03,origination_fee,5868.1
BR-001,PRD-006,2026-M04,origination_fee,5883.09
BR-001,PRD-006,2026-M05,origination_fee,5781.06
BR-001,PRD-006,2026-M06,origination_fee,5506.75
BR-001,PRD-006,2026-M07,origination_fee,5178.15
BR-001,PRD-006,2026-M08,origination_fee,4528.26
BR-001,PRD-006,2026-M09,origination_fee,5080.63
BR-001,PRD-006,2026-M10,origination_fee,5351.05
BR-001,PRD-006,2026-M11,origination_fee,5285.67
BR-001,PRD-006,2026-M12,origination_fee,6191.39
BR-002,PRD-001,2025-M01,maintenance_fee,5168.09
BR-002,PRD-001,2025-M02,maintenance_fee,5652.83
BR-002,PRD-001,2025-M03,maintenance_fee,5433.38
BR-002,PRD-001,2025-M04,maintenance_fee,5529.47
BR-002,PRD-001,2025-M05,maintenance_fee,5236.75
BR-002,PRD-001,2025-M06,maintenance_fee,5305.87
BR-002,PRD-001,2025-M07,maintenance_fee,4780.69
BR-002,PRD-001,2025-M08,maintenance_fee,4736.6
BR-002,PRD-001,2025-M09,maintenance_fee,4652.4
BR-002,PRD-001,2025-M10,maintenance_fee,4555.32
BR-002,PRD-001,2025-M11,maintenance_fee,4863.89
BR-002,PRD-001,2025-M12,maintenance_fee,5520.8
BR-002,PRD-001,2026-M01,maintenance_fee,5298.61
BR-002,PRD-001,2026-M02,maintenance_fee,5638.28
BR-002,PRD-001,2026-M03,maintenance_fee,5928.59
BR-002,PRD-001,2026-M04,maintenance_fee,5837.31
BR-002,PRD-001,2026-M05,maintenance_fee,5374.37
BR-002,PRD-001,2026-M06,maintenance_fee,4549.17
BR-002,PRD-001,2026-M07,maintenance_fee,5086.15
BR-002,PRD-001,2026-M08,maintenance_fee,4273.39
BR-002,PRD-001,2026-M09,maintenance_fee,5100.69
BR-002,PRD-001,2026-M10,maintenance_fee,4847.55
BR-002,PRD-001,2026-M11,maintenance_fee,5205.88
BR-002,PRD-001,2026-M12,maintenance_fee,4931.69
BR-002,PRD-002,2025-M01,service_fee,1969.62
BR-002,PRD-002,2025-M02,service_fee,2224.13
BR-002,PRD-002,2025-M03,service_fee,2213.78
BR-002,PRD-002,2025-M04,service_fee,2141.54
BR-002,PRD-002,2025-M05,service_fee,2144.42
BR-002,PRD-002,2025-M06,service_fee,2337.36
BR-002,PRD-002,2025-M07,service_fee,2053.37
BR-002,PRD-002,2025-M08,service_fee,2011.28
BR-002,PRD-002,2025-M09,service_fee,1968.7
BR-002,PRD-002,2025-M10,service_fee,2052.36
BR-002,PRD-002,2025-M11,service_fee,1952.39
BR-002,PRD-002,2025-M12,service_fee,1842.3
BR-002,PRD-002,2026-M01,service_fee,2199.85
BR-002,PRD-002,2026-M02,service_fee,2376.0
BR-002,PRD-002,2026-M03,service_fee,2194.38
BR-002,PRD-002,2026-M04,service_fee,2263.19
BR-002,PRD-002,2026-M05,service_fee,2143.98
BR-002,PRD-002,2026-M06,service_fee,2295.75
BR-002,PRD-002,2026-M07,service_fee,2126.78
BR-002,PRD-002,2026-M08,service_fee,2052.18
BR-002,PRD-002,2026-M09,service_fee,2025.61
BR-002,PRD-002,2026-M10,service_fee,1983.74
BR-002,PRD-002,2026-M11,service_fee,2070.21
BR-002,PRD-002,2026-M12,service_fee,2008.84
BR-002,PRD-003,2025-M01,treasury_service_fee,6900.05
BR-002,PRD-003,2025-M02,treasury_service_fee,8024.85
BR-002,PRD-003,2025-M03,treasury_service_fee,8175.24
BR-002,PRD-003,2025-M04,treasury_service_fee,8446.68
BR-002,PRD-003,2025-M05,treasury_service_fee,8355.61
BR-002,PRD-003,2025-M06,treasury_service_fee,8033.75
BR-002,PRD-003,2025-M07,treasury_service_fee,6794.19
BR-002,PRD-003,2025-M08,treasury_service_fee,6810.81
BR-002,PRD-003,2025-M09,treasury_service_fee,7017.67
BR-002,PRD-003,2025-M10,treasury_service_fee,7810.59
BR-002,PRD-003,2025-M11,treasury_service_fee,7680.25
BR-002,PRD-003,2025-M12,treasury_service_fee,7865.92
BR-002,PRD-003,2026-M01,treasury_service_fee,7900.62
BR-002,PRD-003,2026-M02,treasury_service_fee,7917.88
BR-002,PRD-003,2026-M03,treasury_service_fee,8696.75
BR-002,PRD-003,2026-M04,treasury_service_fee,7827.81
BR-002,PRD-003,2026-M05,treasury_service_fee,7960.79
BR-002,PRD-003,2026-M06,treasury_service_fee,7702.5
BR-002,PRD-003,2026-M07,treasury_service_fee,8029.41
BR-002,PRD-003,2026-M08,treasury_service_fee,7082.36
BR-002,PRD-003,2026-M09,treasury_service_fee,6257.95
BR-002,PRD-003,2026-M10,treasury_service_fee,7392.09
BR-002,PRD-003,2026-M11,treasury_service_fee,7177.15
BR-002,PRD-003,2026-M12,treasury_service_fee,7763.47
BR-002,PRD-004,2025-M01,interchange_fee,9295.61
BR-002,PRD-004,2025-M02,interchange_fee,9467.58
BR-002,PRD-004,2025-M03,interchange_fee,10078.28
BR-002,PRD-004,2025-M04,interchange_fee,8863.25
BR-002,PRD-004,2025-M05,interchange_fee,9094.74
BR-002,PRD-004,2025-M06,interchange_fee,9284.03
BR-002,PRD-004,2025-M07,interchange_fee,8353.31
BR-002,PRD-004,2025-M08,interchange_fee,7682.97
BR-002,PRD-004,2025-M09,interchange_fee,8534.91
BR-002,PRD-004,2025-M10,interchange_fee,8824.23
BR-002,PRD-004,2025-M11,interchange_fee,8598.53
BR-002,PRD-004,2025-M12,interchange_fee,8096.87
BR-002,PRD-004,2026-M01,interchange_fee,10052.25
BR-002,PRD-004,2026-M02,interchange_fee,9154.38
BR-002,PRD-004,2026-M03,interchange_fee,10238.65
BR-002,PRD-004,2026-M04,interchange_fee,9539.93
BR-002,PRD-004,2026-M05,interchange_fee,9146.45
BR-002,PRD-004,2026-M06,interchange_fee,9129.79
BR-002,PRD-004,2026-M07,interchange_fee,8880.5
BR-002,PRD-004,2026-M08,interchange_fee,8409.37
BR-002,PRD-004,2026-M09,interchange_fee,8842.02
BR-002,PRD-004,2026-M10,interchange_fee,8495.46
BR-002,PRD-004,2026-M11,interchange_fee,9401.89
BR-002,PRD-004,2026-M12,interchange_fee,9467.33
BR-002,PRD-005,2025-M01,servicing_fee,6038.92
BR-002,PRD-005,2025-M02,servicing_fee,6154.79
BR-002,PRD-005,2025-M03,servicing_fee,5962.56
BR-002,PRD-005,2025-M04,servicing_fee,6526.85
BR-002,PRD-005,2025-M05,servicing_fee,6146.22
BR-002,PRD-005,2025-M06,servicing_fee,5302.88
BR-002,PRD-005,2025-M07,servicing_fee,5621.13
BR-002,PRD-005,2025-M08,servicing_fee,5347.39
BR-002,PRD-005,2025-M09,servicing_fee,5971.26
BR-002,PRD-005,2025-M10,servicing_fee,5122.92
BR-002,PRD-005,2025-M11,servicing_fee,5359.59
BR-002,PRD-005,2025-M12,servicing_fee,6350.41
BR-002,PRD-005,2026-M01,servicing_fee,6948.9
BR-002,PRD-005,2026-M02,servicing_fee,6441.45
BR-002,PRD-005,2026-M03,servicing_fee,6544.16
BR-002,PRD-005,2026-M04,servicing_fee,6896.82
BR-002,PRD-005,2026-M05,servicing_fee,5750.27
BR-002,PRD-005,2026-M06,servicing_fee,5674.87
BR-002,PRD-005,2026-M07,servicing_fee,5922.56
BR-002,PRD-005,2026-M08,servicing_fee,6274.95
BR-002,PRD-005,2026-M09,servicing_fee,5631.17
BR-002,PRD-005,2026-M10,servicing_fee,5853.04
BR-002,PRD-005,2026-M11,servicing_fee,6347.4
BR-002,PRD-005,2026-M12,servicing_fee,6916.32
BR-002,PRD-006,2025-M01,origination_fee,5690.87
BR-002,PRD-006,2025-M02,origination_fee,6019.8
BR-002,PRD-006,2025-M03,origination_fee,6639.64
BR-002,PRD-006,2025-M04,origination_fee,5566.32
BR-002,PRD-006,2025-M05,origination_fee,6160.96
BR-002,PRD-006,2025-M06,origination_fee,5347.62
BR-002,PRD-006,2025-M07,origination_fee,5436.83
BR-002,PRD-006,2025-M08,origination_fee,5180.51
BR-002,PRD-006,2025-M09,origination_fee,4935.44
BR-002,PRD-006,2025-M10,origination_fee,4986.35
BR-002,PRD-006,2025-M11,origination_fee,5483.88
BR-002,PRD-006,2025-M12,origination_fee,5914.97
BR-002,PRD-006,2026-M01,origination_fee,6054.74
BR-002,PRD-006,2026-M02,origination_fee,6287.83
BR-002,PRD-006,2026-M03,origination_fee,6509.41
BR-002,PRD-006,2026-M04,origination_fee,5961.46
BR-002,PRD-006,2026-M05,origination_fee,6319.67
BR-002,PRD-006,2026-M06,origination_fee,6099.94
BR-002,PRD-006,2026-M07,origination_fee,6357.82
BR-002,PRD-006,2026-M08,origination_fee,5351.33
BR-002,PRD-006,2026-M09,origination_fee,5267.61
BR-002,PRD-006,2026-M10,origination_fee,5663.59
BR-002,PRD-006,2026-M11,origination_fee,5855.88
BR-002,PRD-006,2026-M12,origination_fee,5703.1
BR-003,PRD-001,2025-M01,maintenance_fee,5245.99
BR-003,PRD-001,2025-M02,maintenance_fee,5653.6
BR-003,PRD-001,2025-M03,maintenance_fee,5329.78
BR-003,PRD-001,2025-M04,maintenance_fee,5391.67
BR-003,PRD-001,2025-M05,maintenance_fee,5377.9
BR-003,PRD-001,2025-M06,maintenance_fee,5404.35
BR-003,PRD-001,2025-M07,maintenance_fee,4792.68
BR-003,PRD-001,2025-M08,maintenance_fee,4349.96
BR-003,PRD-001,2025-M09,maintenance_fee,4282.29
BR-003,PRD-001,2025-M10,maintenance_fee,4489.62
BR-003,PRD-001,2025-M11,maintenance_fee,4617.59
BR-003,PRD-001,2025-M12,maintenance_fee,5108.2
BR-003,PRD-001,2026-M01,maintenance_fee,5237.09
BR-003,PRD-001,2026-M02,maintenance_fee,5523.69
BR-003,PRD-001,2026-M03,maintenance_fee,5558.44
BR-003,PRD-001,2026-M04,maintenance_fee,5598.76
BR-003,PRD-001,2026-M05,maintenance_fee,5936.27
BR-003,PRD-001,2026-M06,maintenance_fee,5531.12
BR-003,PRD-001,2026-M07,maintenance_fee,5143.91
BR-003,PRD-001,2026-M08,maintenance_fee,4868.13
BR-003,PRD-001,2026-M09,maintenance_fee,4818.91
BR-003,PRD-001,2026-M10,maintenance_fee,5064.65
BR-003,PRD-001,2026-M11,maintenance_fee,5289.89
BR-003,PRD-001,2026-M12,maintenance_fee,5110.95
BR-003,PRD-002,2025-M01,service_fee,2217.68
BR-003,PRD-002,2025-M02,service_fee,2044.77
BR-003,PRD-002,2025-M03,service_fee,2323.11
BR-003,PRD-002,2025-M04,service_fee,2362.7
BR-003,PRD-002,2025-M05,service_fee,2182.64
BR-003,PRD-002,2025-M06,service_fee,2321.82
BR-003,PRD-002,2025-M07,service_fee,1953.33
BR-003,PRD-002,2025-M08,service_fee,2002.57
BR-003,PRD-002,2025-M09,service_fee,1954.71
BR-003,PRD-002,2025-M10,service_fee,1971.1
BR-003,PRD-002,2025-M11,service_fee,2031.68
BR-003,PRD-002,2025-M12,service_fee,2139.9
BR-003,PRD-002,2026-M01,service_fee,2399.79
BR-003,PRD-002,2026-M02,service_fee,2530.06
BR-003,PRD-002,2026-M03,service_fee,2390.46
BR-003,PRD-002,2026-M04,service_fee,2463.5
BR-003,PRD-002,2026-M05,service_fee,2221.41
BR-003,PRD-002,2026-M06,service_fee,2298.42
BR-003,PRD-002,2026-M07,service_fee,2044.13
BR-003,PRD-002,2026-M08,service_fee,2172.63
BR-003,PRD-002,2026-M09,service_fee,2261.65
BR-003,PRD-002,2026-M10,service_fee,2047.7
BR-003,PRD-002,2026-M11,service_fee,1892.13
BR-003,PRD-002,2026-M12,service_fee,2152.98
BR-003,PRD-003,2025-M01,treasury_service_fee,8525.53
BR-003,PRD-003,2025-M02,treasury_service_fee,8485.33
BR-003,PRD-003,2025-M03,treasury_service_fee,8443.55
BR-003,PRD-003,2025-M04,treasury_service_fee,8673.42
BR-003,PRD-003,2025-M05,treasury_service_fee,8225.41
BR-003,PRD-003,2025-M06,treasury_service_fee,8192.16
BR-003,PRD-003,2025-M07,treasury_service_fee,7753.91
BR-003,PRD-003,2025-M08,treasury_service_fee,7733.83
BR-003,PRD-003,2025-M09,treasury_service_fee,7231.69
BR-003,PRD-003,2025-M10,treasury_service_fee,7512.31
BR-003,PRD-003,2025-M11,treasury_service_fee,7299.28
BR-003,PRD-003,2025-M12,treasury_service_fee,7489.78
BR-003,PRD-003,2026-M01,treasury_service_fee,9064.87
BR-003,PRD-003,2026-M02,treasury_service_fee,8680.11
BR-003,PRD-003,2026-M03,treasury_service_fee,9022.4
BR-003,PRD-003,2026-M04,treasury_service_fee,8640.41
BR-003,PRD-003,2026-M05,treasury_service_fee,8107.18
BR-003,PRD-003,2026-M06,treasury_service_fee,8035.29
BR-003,PRD-003,2026-M07,treasury_service_fee,8263.19
BR-003,PRD-003,2026-M08,treasury_service_fee,7681.99
BR-003,PRD-003,2026-M09,treasury_service_fee,6756.16
BR-003,PRD-003,2026-M10,treasury_service_fee,7394.04
BR-003,PRD-003,2026-M11,treasury_service_fee,8396.69
BR-003,PRD-003,2026-M12,treasury_service_fee,7945.03
BR-003,PRD-004,2025-M01,interchange_fee,8806.97
BR-003,PRD-004,2025-M02,interchange_fee,10892.6
BR-003,PRD-004,2025-M03,interchange_fee,10393.4
BR-003,PRD-004,2025-M04,interchange_fee,9915.9
BR-003,PRD-004,2025-M05,interchange_fee,9498.51
BR-003,PRD-004,2025-M06,interchange_fee,9809.62
BR-003,PRD-004,2025-M07,interchange_fee,8691.66
BR-003,PRD-004,2025-M08,interchange_fee,9158.53
BR-003,PRD-004,2025-M09,interchange_fee,8793.62
BR-003,PRD-004,2025-M10,interchange_fee,8767.22
BR-003,PRD-004,2025-M11,interchange_fee,8998.76
BR-003,PRD-004,2025-M12,interchange_fee,9224.59
BR-003,PRD-004,2026-M01,interchange_fee,10591.61
BR-003,PRD-004,2026-M02,interchange_fee,9901.01
BR-003,PRD-004,2026-M03,interchange_fee,9604.84
BR-003,PRD-004,2026-M04,interchange_fee,10666.7
BR-003,PRD-004,2026-M05,interchange_fee,10383.05
BR-003,PRD-004,2026-M06,interchange_fee,9910.63
BR-003,PRD-004,2026-M07,interchange_fee,9480.52
BR-003,PRD-004,2026-M08,interchange_fee,8863.35
BR-003,PRD-004,2026-M09,interchange_fee,9254.57
BR-003,PRD-004,2026-M10,interchange_fee,8987.19
BR-003,PRD-004,2026-M11,interchange_fee,9064.82
BR-003,PRD-004,2026-M12,interchange_fee,9527.31
BR-003,PRD-005,2025-M01,servicing_fee,7141.82
BR-003,PRD-005,2025-M02,servicing_fee,6090.57
BR-003,PRD-005,2025-M03,servicing_fee,6904.29
BR-003,PRD-005,2025-M04,servicing_fee,6109.2
BR-003,PRD-005,2025-M05,servicing_fee,6451.38
BR-003,PRD-005,2025-M06,servicing_fee,6101.77
BR-003,PRD-005,2025-M07,servicing_fee,5363.31
BR-003,PRD-005,2025-M08,servicing_fee,5917.8
BR-003,PRD-005,2025-M09,servicing_fee,5629.01
BR-003,PRD-005,2025-M10,servicing_fee,5195.61
BR-003,PRD-005,2025-M11,servicing_fee,6238.87
BR-003,PRD-005,2025-M12,servicing_fee,6684.51
BR-003,PRD-005,2026-M01,servicing_fee,7248.55
BR-003,PRD-005,2026-M02,servicing_fee,7060.36
BR-003,PRD-005,2026-M03,servicing_fee,7021.53
BR-003,PRD-005,2026-M04,servicing_fee,7396.47
BR-003,PRD-005,2026-M05,servicing_fee,7313.4
BR-003,PRD-005,2026-M06,servicing_fee,6854.12
BR-003,PRD-005,2026-M07,servicing_fee,5933.87
BR-003,PRD-005,2026-M08,servicing_fee,6097.86
BR-003,PRD-005,2026-M09,servicing_fee,6098.7
BR-003,PRD-005,2026-M10,servicing_fee,5490.84
BR-003,PRD-005,2026-M11,servicing_fee,6373.16
BR-003,PRD-005,2026-M12,servicing_fee,7223.67
BR-003,PRD-006,2025-M01,origination_fee,6269.01
BR-003,PRD-006,2025-M02,origination_fee,6705.8
BR-003,PRD-006,2025-M03,origination_fee,6365.97
BR-003,PRD-006,2025-M04,origination_fee,6222.81
BR-003,PRD-006,2025-M05,origination_fee,6190.44
BR-003,PRD-006,2025-M06,origination_fee,5602.74
BR-003,PRD-006,2025-M07,origination_fee,5337.15
BR-003,PRD-006,2025-M08,origination_fee,5780.53
BR-003,PRD-006,2025-M09,origination_fee,5742.45
BR-003,PRD-006,2025-M10,origination_fee,5166.92
BR-003,PRD-006,2025-M11,origination_fee,5878.76
BR-003,PRD-006,2025-M12,origination_fee,5815.6
BR-003,PRD-006,2026-M01,origination_fee,6424.96
BR-003,PRD-006,2026-M02,origination_fee,6644.97
BR-003,PRD-006,2026-M03,origination_fee,6886.79
BR-003,PRD-006,2026-M04,origination_fee,6522.37
BR-003,PRD-006,2026-M05,origination_fee,6763.07
BR-003,PRD-006,2026-M06,origination_fee,6168.62
BR-003,PRD-006,2026-M07,origination_fee,6013.66
BR-003,PRD-006,2026-M08,origination_fee,5418.22
BR-003,PRD-006,2026-M09,origination_fee,6191.87
BR-003,PRD-006,2026-M10,origination_fee,5786.59
BR-003,PRD-006,2026-M11,origination_fee,6039.55
BR-003,PRD-006,2026-M12,origination_fee,5586.18
BR-004,PRD-001,2025-M01,maintenance_fee,5315.18
BR-004,PRD-001,2025-M02,maintenance_fee,6052.03
BR-004,PRD-001,2025-M03,maintenance_fee,5838.97
BR-004,PRD-001,2025-M04,maintenance_fee,5153.92
BR-004,PRD-001,2025-M05,maintenance_fee,5830.97
BR-004,PRD-001,2025-M06,maintenance_fee,5185.08
BR-004,PRD-001,2025-M07,maintenance_fee,5477.87
BR-004,PRD-001,2025-M08,maintenance_fee,4938.94
BR-004,PRD-001,2025-M09,maintenance_fee,4953.79
BR-004,PRD-001,2025-M10,maintenance_fee,5253.15
BR-004,PRD-001,2025-M11,maintenance_fee,4887.19
BR-004,PRD-001,2025-M12,maintenance_fee,5065.41
BR-004,PRD-001,2026-M01,maintenance_fee,5708.29
BR-004,PRD-001,2026-M02,maintenance_fee,6172.39
BR-004,PRD-001,2026-M03,maintenance_fee,5588.28
BR-004,PRD-001,2026-M04,maintenance_fee,5432.9
BR-004,PRD-001,2026-M05,maintenance_fee,6002.36
BR-004,PRD-001,2026-M06,maintenance_fee,5376.08
BR-004,PRD-001,2026-M07,maintenance_fee,5217.11
BR-004,PRD-001,2026-M08,maintenance_fee,4680.18
BR-004,PRD-001,2026-M09,maintenance_fee,4926.61
BR-004,PRD-001,2026-M10,maintenance_fee,5157.2
BR-004,PRD-001,2026-M11,maintenance_fee,5569.02
BR-004,PRD-001,2026-M12,maintenance_fee,5329.45
BR-004,PRD-002,2025-M01,service_fee,2481.83
BR-004,PRD-002,2025-M02,service_fee,2275.77
BR-004,PRD-002,2025-M03,service_fee,2298.76
BR-004,PRD-002,2025-M04,service_fee,2537.56
BR-004,PRD-002,2025-M05,service_fee,2316.13
BR-004,PRD-002,2025-M06,service_fee,2142.92
BR-004,PRD-002,2025-M07,service_fee,2099.19
BR-004,PRD-002,2025-M08,service_fee,2189.83
BR-004,PRD-002,2025-M09,service_fee,2176.08
BR-004,PRD-002,2025-M10,service_fee,1967.3
BR-004,PRD-002,2025-M11,service_fee,2111.11
BR-004,PRD-002,2025-M12,service_fee,2213.68
BR-004,PRD-002,2026-M01,service_fee,2266.04
BR-004,PRD-002,2026-M02,service_fee,2443.86
BR-004,PRD-002,2026-M03,service_fee,2475.91
BR-004,PRD-002,2026-M04,service_fee,2590.4
BR-004,PRD-002,2026-M05,service_fee,2527.48
BR-004,PRD-002,2026-M06,service_fee,2254.17
BR-004,PRD-002,2026-M07,service_fee,2176.69
BR-004,PRD-002,2026-M08,service_fee,2203.96
BR-004,PRD-002,2026-M09,service_fee,2046.85
BR-004,PRD-002,2026-M10,service_fee,2195.89
BR-004,PRD-002,2026-M11,service_fee,2190.55
BR-004,PRD-002,2026-M12,service_fee,2180.81
BR-004,PRD-003,2025-M01,treasury_service_fee,7917.0
BR-004,PRD-003,2025-M02,treasury_service_fee,9167.45
BR-004,PRD-003,2025-M03,treasury_service_fee,8567.07
BR-004,PRD-003,2025-M04,treasury_service_fee,9250.07
BR-004,PRD-003,2025-M05,treasury_service_fee,8101.26
BR-004,PRD-003,2025-M06,treasury_service_fee,8111.41
BR-004,PRD-003,2025-M07,treasury_service_fee,8593.41
BR-004,PRD-003,2025-M08,treasury_service_fee,7047.68
BR-004,PRD-003,2025-M09,treasury_service_fee,6657.44
BR-004,PRD-003,2025-M10,treasury_service_fee,7919.77
BR-004,PRD-003,2025-M11,treasury_service_fee,7357.9
BR-004,PRD-003,2025-M12,treasury_service_fee,7986.72
BR-004,PRD-003,2026-M01,treasury_service_fee,8394.06
BR-004,PRD-003,2026-M02,treasury_service_fee,9010.08
BR-004,PRD-003,2026-M03,treasury_service_fee,8553.19
BR-004,PRD-003,2026-M04,treasury_service_fee,8810.88
BR-004,PRD-003,2026-M05,treasury_service_fee,8841.88
BR-004,PRD-003,2026-M06,treasury_service_fee,7895.61
BR-004,PRD-003,2026-M07,treasury_service_fee,7702.8
BR-004,PRD-003,2026-M08,treasury_service_fee,7604.32
BR-004,PRD-003,2026-M09,treasury_service_fee,7103.12
BR-004,PRD-003,2026-M10,treasury_service_fee,7575.23
BR-004,PRD-003,2026-M11,treasury_service_fee,8029.62
BR-004,PRD-003,2026-M12,treasury_service_fee,8148.69
BR-004,PRD-004,2025-M01,interchange_fee,9884.43
BR-004,PRD-004,2025-M02,interchange_fee,10292.28
BR-004,PRD-004,2025-M03,interchange_fee,10064.62
BR-004,PRD-004,2025-M04,interchange_fee,10658.52
BR-004,PRD-004,2025-M05,interchange_fee,10739.85
BR-004,PRD-004,2025-M06,interchange_fee,9411.28
BR-004,PRD-004,2025-M07,interchange_fee,9473.99
BR-004,PRD-004,2025-M08,interchange_fee,8860.03
BR-004,PRD-004,2025-M09,interchange_fee,9026.19
BR-004,PRD-004,2025-M10,interchange_fee,9669.52
BR-004,PRD-004,2025-M11,interchange_fee,9484.84
BR-004,PRD-004,2025-M12,interchange_fee,8780.66
BR-004,PRD-004,2026-M01,interchange_fee,10657.78
BR-004,PRD-004,2026-M02,interchange_fee,11375.12
BR-004,PRD-004,2026-M03,interchange_fee,10702.13
BR-004,PRD-004,2026-M04,interchange_fee,11248.03
BR-004,PRD-004,2026-M05,interchange_fee,10061.62
BR-004,PRD-004,2026-M06,interchange_fee,9276.12
BR-004,PRD-004,2026-M07,interchange_fee,9687.48
BR-004,PRD-004,2026-M08,interchange_fee,8507.11
BR-004,PRD-004,2026-M09,interchange_fee,9108.25
BR-004,PRD-004,2026-M10,interchange_fee,9926.23
BR-004,PRD-004,2026-M11,interchange_fee,8701.03
BR-004,PRD-004,2026-M12,interchange_fee,9379.35
BR-004,PRD-005,2025-M01,servicing_fee,6369.25
BR-004,PRD-005,2025-M02,servicing_fee,6883.03
BR-004,PRD-005,2025-M03,servicing_fee,6846.57
BR-004,PRD-005,2025-M04,servicing_fee,7387.93
BR-004,PRD-005,2025-M05,servicing_fee,7036.26
BR-004,PRD-005,2025-M06,servicing_fee,6617.41
BR-004,PRD-005,2025-M07,servicing_fee,6244.34
BR-004,PRD-005,2025-M08,servicing_fee,6128.28
BR-004,PRD-005,2025-M09,servicing_fee,5684.85
BR-004,PRD-005,2025-M10,servicing_fee,6267.71
BR-004,PRD-005,2025-M11,servicing_fee,5854.51
BR-004,PRD-005,2025-M12,servicing_fee,6727.22
BR-004,PRD-005,2026-M01,servicing_fee,7398.66
BR-004,PRD-005,2026-M02,servicing_fee,7256.8
BR-004,PRD-005,2026-M03,servicing_fee,7189.16
BR-004,PRD-005,2026-M04,servicing_fee,7324.82
BR-004,PRD-005,2026-M05,servicing_fee,5985.13
BR-004,PRD-005,2026-M06,servicing_fee,6817.3
BR-004,PRD-005,2026-M07,servicing_fee,6410.63
BR-004,PRD-005,2026-M08,servicing_fee,6234.69
BR-004,PRD-005,2026-M09,servicing_fee,6396.8
BR-004,PRD-005,2026-M10,servicing_fee,6227.15
BR-004,PRD-005,2026-M11,servicing_fee,6079.61
BR-004,PRD-005,2026-M12,servicing_fee,6668.32
BR-004,PRD-006,2025-M01,origination_fee,6310.64
BR-004,PRD-006,2025-M02,origination_fee,6503.64
BR-004,PRD-006,2025-M03,origination_fee,6584.18
BR-004,PRD-006,2025-M04,origination_fee,6802.54
BR-004,PRD-006,2025-M05,origination_fee,5947.87
BR-004,PRD-006,2025-M06,origination_fee,6100.63
BR-004,PRD-006,2025-M07,origination_fee,6180.04
BR-004,PRD-006,2025-M08,origination_fee,5140.35
BR-004,PRD-006,2025-M09,origination_fee,5613.68
BR-004,PRD-006,2025-M10,origination_fee,5463.78
BR-004,PRD-006,2025-M11,origination_fee,5697.99
BR-004,PRD-006,2025-M12,origination_fee,5773.91
BR-004,PRD-006,2026-M01,origination_fee,6485.52
BR-004,PRD-006,2026-M02,origination_fee,7344.28
BR-004,PRD-006,2026-M03,origination_fee,6363.12
BR-004,PRD-006,2026-M04,origination_fee,6331.85
BR-004,PRD-006,2026-M05,origination_fee,6115.18
BR-004,PRD-006,2026-M06,origination_fee,6832.62
BR-004,PRD-006,2026-M07,origination_fee,5898.25
BR-004,PRD-006,2026-M08,origination_fee,5846.15
BR-004,PRD-006,2026-M09,origination_fee,5669.72
BR-004,PRD-006,2026-M10,origination_fee,5577.24
BR-004,PRD-006,2026-M11,origination_fee,5966.83
BR-004,PRD-006,2026-M12,origination_fee,7062.44
BR-005,PRD-001,2025-M01,maintenance_fee,6131.48
BR-005,PRD-001,2025-M02,maintenance_fee,5642.53
BR-005,PRD-001,2025-M03,maintenance_fee,6145.71
BR-005,PRD-001,2025-M04,maintenance_fee,5648.84
BR-005,PRD-001,2025-M05,maintenance_fee,5223.33
BR-005,PRD-001,2025-M06,maintenance_fee,5792.98
BR-005,PRD-001,2025-M07,maintenance_fee,5598.45
BR-005,PRD-001,2025-M08,maintenance_fee,5398.44
BR-005,PRD-001,2025-M09,maintenance_fee,4951.9
BR-005,PRD-001,2025-M10,maintenance_fee,5087.34
BR-005,PRD-001,2025-M11,maintenance_fee,5489.89
BR-005,PRD-001,2025-M12,maintenance_fee,5619.9
BR-005,PRD-001,2026-M01,maintenance_fee,5844.44
BR-005,PRD-001,2026-M02,maintenance_fee,5633.42
BR-005,PRD-001,2026-M03,maintenance_fee,6226.33
BR-005,PRD-001,2026-M04,maintenance_fee,6460.33
BR-005,PRD-001,2026-M05,maintenance_fee,5604.79
BR-005,PRD-001,2026-M06,maintenance_fee,5915.56
BR-005,PRD-001,2026-M07,maintenance_fee,5594.41
BR-005,PRD-001,2026-M08,maintenance_fee,5535.44
BR-005,PRD-001,2026-M09,maintenance_fee,5503.82
BR-005,PRD-001,2026-M10,maintenance_fee,5150.06
BR-005,PRD-001,2026-M11,maintenance_fee,5058.26
BR-005,PRD-001,2026-M12,maintenance_fee,5579.56
BR-005,PRD-002,2025-M01,service_fee,2475.53
BR-005,PRD-002,2025-M02,service_fee,2370.85
BR-005,PRD-002,2025-M03,service_fee,2375.91
BR-005,PRD-002,2025-M04,service_fee,2214.97
BR-005,PRD-002,2025-M05,service_fee,2577.86
BR-005,PRD-002,2025-M06,service_fee,2373.09
BR-005,PRD-002,2025-M07,service_fee,2272.06
BR-005,PRD-002,2025-M08,service_fee,2223.74
BR-005,PRD-002,2025-M09,service_fee,2157.14
BR-005,PRD-002,2025-M10,service_fee,2095.19
BR-005,PRD-002,2025-M11,service_fee,2169.93
BR-005,PRD-002,2025-M12,service_fee,2230.28
BR-005,PRD-002,2026-M01,service_fee,2789.69
BR-005,PRD-002,2026-M02,service_fee,2604.81
BR-005,PRD-002,2026-M03,service_fee,2500.41
BR-005,PRD-002,2026-M04,service_fee,2593.36
BR-005,PRD-002,2026-M05,service_fee,2340.38
BR-005,PRD-002,2026-M06,service_fee,2548.46
BR-005,PRD-002,2026-M07,service_fee,2200.15
BR-005,PRD-002,2026-M08,service_fee,2261.22
BR-005,PRD-002,2026-M09,service_fee,2296.77
BR-005,PRD-002,2026-M10,service_fee,2248.39
BR-005,PRD-002,2026-M11,service_fee,2286.1
BR-005,PRD-002,2026-M12,service_fee,2371.44
BR-005,PRD-003,2025-M01,treasury_service_fee,8574.45
BR-005,PRD-003,2025-M02,treasury_service_fee,8585.9
BR-005,PRD-003,2025-M03,treasury_service_fee,8728.76
BR-005,PRD-003,2025-M04,treasury_service_fee,9494.86
BR-005,PRD-003,2025-M05,treasury_service_fee,8552.06
BR-005,PRD-003,2025-M06,treasury_service_fee,7943.15
BR-005,PRD-003,2025-M07,treasury_service_fee,7732.38
BR-005,PRD-003,2025-M08,treasury_service_fee,8118.55
BR-005,PRD-003,2025-M09,treasury_service_fee,7863.51
BR-005,PRD-003,2025-M10,treasury_service_fee,7910.77
BR-005,PRD-003,2025-M11,treasury_service_fee,7835.08
BR-005,PRD-003,2025-M12,treasury_service_fee,8505.03
BR-005,PRD-003,2026-M01,treasury_service_fee,8654.91
BR-005,PRD-003,2026-M02,treasury_service_fee,9075.11
BR-005,PRD-003,2026-M03,treasury_service_fee,9736.93
BR-005,PRD-003,2026-M04,treasury_service_fee,9596.38
BR-005,PRD-003,2026-M05,treasury_service_fee,8503.62
BR-005,PRD-003,2026-M06,treasury_service_fee,8230.9
BR-005,PRD-003,2026-M07,treasury_service_fee,8299.64
BR-005,PRD-003,2026-M08,treasury_service_fee,8693.69
BR-005,PRD-003,2026-M09,treasury_service_fee,7153.14
BR-005,PRD-003,2026-M10,treasury_service_fee,8114.36
BR-005,PRD-003,2026-M11,treasury_service_fee,7686.83
BR-005,PRD-003,2026-M12,treasury_service_fee,8326.0
BR-005,PRD-004,2025-M01,interchange_fee,10173.74
BR-005,PRD-004,2025-M02,interchange_fee,10430.31
BR-005,PRD-004,2025-M03,interchange_fee,10473.91
BR-005,PRD-004,2025-M04,interchange_fee,10658.17
BR-005,PRD-004,2025-M05,interchange_fee,10085.23
BR-005,PRD-004,2025-M06,interchange_fee,9235.4
BR-005,PRD-004,2025-M07,interchange_fee,9938.43
BR-005,PRD-004,2025-M08,interchange_fee,9622.77
BR-005,PRD-004,2025-M09,interchange_fee,9553.34
BR-005,PRD-004,2025-M10,interchange_fee,8559.26
BR-005,PRD-004,2025-M11,interchange_fee,9708.4
BR-005,PRD-004,2025-M12,interchange_fee,10300.77
BR-005,PRD-004,2026-M01,interchange_fee,10221.4
BR-005,PRD-004,2026-M02,interchange_fee,11085.58
BR-005,PRD-004,2026-M03,interchange_fee,11126.5
BR-005,PRD-004,2026-M04,interchange_fee,12101.1
BR-005,PRD-004,2026-M05,interchange_fee,11814.08
BR-005,PRD-004,2026-M06,interchange_fee,9500.21
BR-005,PRD-004,2026-M07,interchange_fee,11188.54
BR-005,PRD-004,2026-M08,interchange_fee,9203.27
BR-005,PRD-004,2026-M09,interchange_fee,10001.02
BR-005,PRD-004,2026-M10,interchange_fee,10112.63
BR-005,PRD-004,2026-M11,interchange_fee,9452.8
BR-005,PRD-004,2026-M12,interchange_fee,10618.14
BR-005,PRD-005,2025-M01,servicing_fee,6907.78
BR-005,PRD-005,2025-M02,servicing_fee,7338.58
BR-005,PRD-005,2025-M03,servicing_fee,7295.42
BR-005,PRD-005,2025-M04,servicing_fee,7567.8
BR-005,PRD-005,2025-M05,servicing_fee,6971.3
BR-005,PRD-005,2025-M06,servicing_fee,6621.95
BR-005,PRD-005,2025-M07,servicing_fee,6762.22
BR-005,PRD-005,2025-M08,servicing_fee,6395.7
BR-005,PRD-005,2025-M09,servicing_fee,6368.56
BR-005,PRD-005,2025-M10,servicing_fee,6008.8
BR-005,PRD-005,2025-M11,servicing_fee,6075.83
BR-005,PRD-005,2025-M12,servicing_fee,6488.44
BR-005,PRD-005,2026-M01,servicing_fee,6998.72
BR-005,PRD-005,2026-M02,servicing_fee,7718.22
BR-005,PRD-005,2026-M03,servicing_fee,7866.76
BR-005,PRD-005,2026-M04,servicing_fee,7368.69
BR-005,PRD-005,2026-M05,servicing_fee,7739.7
BR-005,PRD-005,2026-M06,servicing_fee,7420.33
BR-005,PRD-005,2026-M07,servicing_fee,6748.46
BR-005,PRD-005,2026-M08,servicing_fee,6198.31
BR-005,PRD-005,2026-M09,servicing_fee,6892.8
BR-005,PRD-005,2026-M10,servicing_fee,6444.23
BR-005,PRD-005,2026-M11,servicing_fee,6709.37
BR-005,PRD-005,2026-M12,servicing_fee,6827.19
BR-005,PRD-006,2025-M01,origination_fee,6214.79
BR-005,PRD-006,2025-M02,origination_fee,6196.23
BR-005,PRD-006,2025-M03,origination_fee,6968.05
BR-005,PRD-006,2025-M04,origination_fee,6425.35
BR-005,PRD-006,2025-M05,origination_fee,7499.14
BR-005,PRD-006,2025-M06,origination_fee,5914.38
BR-005,PRD-006,2025-M07,origination_fee,5626.38
BR-005,PRD-006,2025-M08,origination_fee,5969.18
BR-005,PRD-006,2025-M09,origination_fee,6193.64
BR-005,PRD-006,2025-M10,origination_fee,5839.51
BR-005,PRD-006,2025-M11,origination_fee,6175.62
BR-005,PRD-006,2025-M12,origination_fee,5677.52
BR-005,PRD-006,2026-M01,origination_fee,6535.18
BR-005,PRD-006,2026-M02,origination_fee,6581.44
BR-005,PRD-006,2026-M03,origination_fee,6358.91
BR-005,PRD-006,2026-M04,origination_fee,6995.46
BR-005,PRD-006,2026-M05,origination_fee,6005.77
BR-005,PRD-006,2026-M06,origination_fee,6074.17
BR-005,PRD-006,2026-M07,origination_fee,6076.28
BR-005,PRD-006,2026-M08,origination_fee,5801.93
BR-005,PRD-006,2026-M09,origination_fee,6102.43
BR-005,PRD-006,2026-M10,origination_fee,6146.03
BR-005,PRD-006,2026-M11,origination_fee,6523.04
BR-005,PRD-006,2026-M12,origination_fee,6748.84
BR-006,PRD-001,2025-M01,maintenance_fee,6259.54
BR-006,PRD-001,2025-M02,maintenance_fee,6087.91
BR-006,PRD-001,2025-M03,maintenance_fee,6242.83
BR-006,PRD-001,2025-M04,maintenance_fee,6244.21
BR-006,PRD-001,2025-M05,maintenance_fee,5963.7
BR-006,PRD-001,2025-M06,maintenance_fee,5580.92
BR-006,PRD-001,2025-M07,maintenance_fee,5375.38
BR-006,PRD-001,2025-M08,maintenance_fee,5082.88
BR-006,PRD-001,2025-M09,maintenance_fee,5348.91
BR-006,PRD-001,2025-M10,maintenance_fee,5274.6
BR-006,PRD-001,2025-M11,maintenance_fee,5284.99
BR-006,PRD-001,2025-M12,maintenance_fee,5505.46
BR-006,PRD-001,2026-M01,maintenance_fee,5785.91
BR-006,PRD-001,2026-M02,maintenance_fee,6641.93
BR-006,PRD-001,2026-M03,maintenance_fee,6420.64
BR-006,PRD-001,2026-M04,maintenance_fee,6058.87
BR-006,PRD-001,2026-M05,maintenance_fee,6407.61
BR-006,PRD-001,2026-M06,maintenance_fee,5755.82
BR-006,PRD-001,2026-M07,maintenance_fee,5285.1
BR-006,PRD-001,2026-M08,maintenance_fee,5792.91
BR-006,PRD-001,2026-M09,maintenance_fee,5301.71
BR-006,PRD-001,2026-M10,maintenance_fee,5398.81
BR-006,PRD-001,2026-M11,maintenance_fee,5696.59
BR-006,PRD-001,2026-M12,maintenance_fee,6260.07
BR-006,PRD-002,2025-M01,service_fee,2450.87
BR-006,PRD-002,2025-M02,service_fee,2366.43
BR-006,PRD-002,2025-M03,service_fee,2611.73
BR-006,PRD-002,2025-M04,service_fee,2456.31
BR-006,PRD-002,2025-M05,service_fee,2679.54
BR-006,PRD-002,2025-M06,service_fee,2354.12
BR-006,PRD-002,2025-M07,service_fee,2007.51
BR-006,PRD-002,2025-M08,service_fee,2230.29
BR-006,PRD-002,2025-M09,service_fee,2376.5
BR-006,PRD-002,2025-M10,service_fee,2363.8
BR-006,PRD-002,2025-M11,service_fee,2466.99
BR-006,PRD-002,2025-M12,service_fee,2234.21
BR-006,PRD-002,2026-M01,service_fee,2662.49
BR-006,PRD-002,2026-M02,service_fee,2523.54
BR-006,PRD-002,2026-M03,service_fee,2673.95
BR-006,PRD-002,2026-M04,service_fee,2451.42
BR-006,PRD-002,2026-M05,service_fee,2464.31
BR-006,PRD-002,2026-M06,service_fee,2365.63
BR-006,PRD-002,2026-M07,service_fee,2456.09
BR-006,PRD-002,2026-M08,service_fee,2370.02
BR-006,PRD-002,2026-M09,service_fee,2283.72
BR-006,PRD-002,2026-M10,service_fee,2124.92
BR-006,PRD-002,2026-M11,service_fee,2313.86
BR-006,PRD-002,2026-M12,service_fee,2357.08
BR-006,PRD-003,2025-M01,treasury_service_fee,9268.89
BR-006,PRD-003,2025-M02,treasury_service_fee,9670.74
BR-006,PRD-003,2025-M03,treasury_service_fee,9711.5
BR-006,PRD-003,2025-M04,treasury_service_fee,8787.88
BR-006,PRD-003,2025-M05,treasury_service_fee,7665.93
BR-006,PRD-003,2025-M06,treasury_service_fee,7786.42
BR-006,PRD-003,2025-M07,treasury_service_fee,8782.18
BR-006,PRD-003,2025-M08,treasury_service_fee,7789.78
BR-006,PRD-003,2025-M09,treasury_service_fee,7562.77
BR-006,PRD-003,2025-M10,treasury_service_fee,8602.16
BR-006,PRD-003,2025-M11,treasury_service_fee,8718.04
BR-006,PRD-003,2025-M12,treasury_service_fee,8551.44
BR-006,PRD-003,2026-M01,treasury_service_fee,9102.42
BR-006,PRD-003,2026-M02,treasury_service_fee,9435.31
BR-006,PRD-003,2026-M03,treasury_service_fee,9702.21
BR-006,PRD-003,2026-M04,treasury_service_fee,10257.91
BR-006,PRD-003,2026-M05,treasury_service_fee,9433.08
BR-006,PRD-003,2026-M06,treasury_service_fee,9205.09
BR-006,PRD-003,2026-M07,treasury_service_fee,9025.87
BR-006,PRD-003,2026-M08,treasury_service_fee,7783.73
BR-006,PRD-003,2026-M09,treasury_service_fee,8480.47
BR-006,PRD-003,2026-M10,treasury_service_fee,8145.47
BR-006,PRD-003,2026-M11,treasury_service_fee,7454.56
BR-006,PRD-003,2026-M12,treasury_service_fee,7937.45
BR-006,PRD-004,2025-M01,interchange_fee,10159.79
BR-006,PRD-004,2025-M02,interchange_fee,11298.46
BR-006,PRD-004,2025-M03,interchange_fee,11179.69
BR-006,PRD-004,2025-M04,interchange_fee,11107.58
BR-006,PRD-004,2025-M05,interchange_fee,11748.94
BR-006,PRD-004,2025-M06,interchange_fee,9639.86
BR-006,PRD-004,2025-M07,interchange_fee,9867.73
BR-006,PRD-004,2025-M08,interchange_fee,9725.7
BR-006,PRD-004,2025-M09,interchange_fee,9120.95
BR-006,PRD-004,2025-M10,interchange_fee,9593.45
BR-006,PRD-004,2025-M11,interchange_fee,9090.8
BR-006,PRD-004,2025-M12,interchange_fee,11018.61
BR-006,PRD-004,2026-M01,interchange_fee,10753.49
BR-006,PRD-004,2026-M02,interchange_fee,12608.97
BR-006,PRD-004,2026-M03,interchange_fee,11542.33
BR-006,PRD-004,2026-M04,interchange_fee,12034.74
BR-006,PRD-004,2026-M05,interchange_fee,11103.24
BR-006,PRD-004,2026-M06,interchange_fee,10688.26
BR-006,PRD-004,2026-M07,interchange_fee,9976.44
BR-006,PRD-004,2026-M08,interchange_fee,10022.42
BR-006,PRD-004,2026-M09,interchange_fee,10004.93
BR-006,PRD-004,2026-M10,interchange_fee,9572.39
BR-006,PRD-004,2026-M11,interchange_fee,10212.28
BR-006,PRD-004,2026-M12,interchange_fee,10378.17
BR-006,PRD-005,2025-M01,servicing_fee,7999.38
BR-006,PRD-005,2025-M02,servicing_fee,7343.35
BR-006,PRD-005,2025-M03,servicing_fee,8026.01
BR-006,PRD-005,2025-M04,servicing_fee,7304.29
BR-006,PRD-005,2025-M05,servicing_fee,7267.45
BR-006,PRD-005,2025-M06,servicing_fee,6442.73
BR-006,PRD-005,2025-M07,servicing_fee,6474.52
BR-006,PRD-005,2025-M08,servicing_fee,6488.15
BR-006,PRD-005,2025-M09,servicing_fee,6849.91
BR-006,PRD-005,2025-M10,servicing_fee,6491.82
BR-006,PRD-005,2025-M11,servicing_fee,7080.75
BR-006,PRD-005,2025-M12,servicing_fee,7119.5
BR-006,PRD-005,2026-M01,servicing_fee,8068.55
BR-006,PRD-005,2026-M02,servicing_fee,7648.85
BR-006,PRD-005,2026-M03,servicing_fee,8674.41
BR-006,PRD-005,2026-M04,servicing_fee,7485.31
BR-006,PRD-005,2026-M05,servicing_fee,7175.47
BR-006,PRD-005,2026-M06,servicing_fee,6740.37
BR-006,PRD-005,2026-M07,servicing_fee,7690.2
BR-006,PRD-005,2026-M08,servicing_fee,6950.97
BR-006,PRD-005,2026-M09,servicing_fee,6490.22
BR-006,PRD-005,2026-M10,servicing_fee,7094.39
BR-006,PRD-005,2026-M11,servicing_fee,7124.29
BR-006,PRD-005,2026-M12,servicing_fee,7879.73
BR-006,PRD-006,2025-M01,origination_fee,6198.93
BR-006,PRD-006,2025-M02,origination_fee,6816.44
BR-006,PRD-006,2025-M03,origination_fee,6815.98
BR-006,PRD-006,2025-M04,origination_fee,6226.38
BR-006,PRD-006,2025-M05,origination_fee,7075.13
BR-006,PRD-006,2025-M06,origination_fee,6373.16
BR-006,PRD-006,2025-M07,origination_fee,6431.44
BR-006,PRD-006,2025-M08,origination_fee,6722.36
BR-006,PRD-006,2025-M09,origination_fee,5838.68
BR-006,PRD-006,2025-M10,origination_fee,5886.29
BR-006,PRD-006,2025-M11,origination_fee,6238.88
BR-006,PRD-006,2025-M12,origination_fee,6779.41
BR-006,PRD-006,2026-M01,origination_fee,6789.68
BR-006,PRD-006,2026-M02,origination_fee,6957.77
BR-006,PRD-006,2026-M03,origination_fee,7640.0
BR-006,PRD-006,2026-M04,origination_fee,7320.44
BR-006,PRD-006,2026-M05,origination_fee,6273.28
BR-006,PRD-006,2026-M06,origination_fee,6307.25
BR-006,PRD-006,2026-M07,origination_fee,6934.32
BR-006,PRD-006,2026-M08,origination_fee,6379.09
BR-006,PRD-006,2026-M09,origination_fee,5945.83
BR-006,PRD-006,2026-M10,origination_fee,6200.14
BR-006,PRD-006,2026-M11,origination_fee,6454.43
BR-006,PRD-006,2026-M12,origination_fee,6966.09
BR-007,PRD-001,2025-M01,maintenance_fee,5696.02
BR-007,PRD-001,2025-M02,maintenance_fee,6018.91
BR-007,PRD-001,2025-M03,maintenance_fee,6432.69
BR-007,PRD-001,2025-M04,maintenance_fee,6251.74
BR-007,PRD-001,2025-M05,maintenance_fee,6285.77
BR-007,PRD-001,2025-M06,maintenance_fee,5514.77
BR-007,PRD-001,2025-M07,maintenance_fee,5741.69
BR-007,PRD-001,2025-M08,maintenance_fee,5767.39
BR-007,PRD-001,2025-M09,maintenance_fee,5537.51
BR-007,PRD-001,2025-M10,maintenance_fee,5506.94
BR-007,PRD-001,2025-M11,maintenance_fee,5613.92
BR-007,PRD-001,2025-M12,maintenance_fee,5630.72
BR-007,PRD-001,2026-M01,maintenance_fee,6332.6
BR-007,PRD-001,2026-M02,maintenance_fee,6946.0
BR-007,PRD-001,2026-M03,maintenance_fee,6560.64
BR-007,PRD-001,2026-M04,maintenance_fee,6243.71
BR-007,PRD-001,2026-M05,maintenance_fee,6199.06
BR-007,PRD-001,2026-M06,maintenance_fee,6172.41
BR-007,PRD-001,2026-M07,maintenance_fee,5757.04
BR-007,PRD-001,2026-M08,maintenance_fee,5825.67
BR-007,PRD-001,2026-M09,maintenance_fee,5769.13
BR-007,PRD-001,2026-M10,maintenance_fee,5940.47
BR-007,PRD-001,2026-M11,maintenance_fee,6284.17
BR-007,PRD-001,2026-M12,maintenance_fee,6415.33
BR-007,PRD-002,2025-M01,service_fee,2408.65
BR-007,PRD-002,2025-M02,service_fee,2480.46
BR-007,PRD-002,2025-M03,service_fee,2613.92
BR-007,PRD-002,2025-M04,service_fee,2539.22
BR-007,PRD-002,2025-M05,service_fee,2382.87
BR-007,PRD-002,2025-M06,service_fee,2375.85
BR-007,PRD-002,2025-M07,service_fee,2276.98
BR-007,PRD-002,2025-M08,service_fee,2185.22
BR-007,PRD-002,2025-M09,service_fee,2199.85
BR-007,PRD-002,2025-M10,service_fee,2394.41
BR-007,PRD-002,2025-M11,service_fee,2355.55
BR-007,PRD-002,2025-M12,service_fee,2729.76
BR-007,PRD-002,2026-M01,service_fee,2650.15
BR-007,PRD-002,2026-M02,service_fee,2662.55
BR-007,PRD-002,2026-M03,service_fee,2729.38
BR-007,PRD-002,2026-M04,service_fee,2736.38
BR-007,PRD-002,2026-M05,service_fee,2684.93
BR-007,PRD-002,2026-M06,service_fee,2789.04
BR-007,PRD-002,2026-M07,service_fee,2323.09
BR-007,PRD-002,2026-M08,service_fee,2452.63
BR-007,PRD-002,2026-M09,service_fee,2348.69
BR-007,PRD-002,2026-M10,service_fee,2166.89
BR-007,PRD-002,2026-M11,service_fee,2519.08
BR-007,PRD-002,2026-M12,service_fee,2686.82
BR-007,PRD-003,2025-M01,treasury_service_fee,8773.69
BR-007,PRD-003,2025-M02,treasury_service_fee,9420.44
BR-007,PRD-003,2025-M03,treasury_service_fee,8697.93
BR-007,PRD-003,2025-M04,treasury_service_fee,8831.46
BR-007,PRD-003,2025-M05,treasury_service_fee,9646.9
BR-007,PRD-003,2025-M06,treasury_service_fee,8608.45
BR-007,PRD-003,2025-M07,treasury_service_fee,7992.34
BR-007,PRD-003,2025-M08,treasury_service_fee,8297.47
BR-007,PRD-003,2025-M09,treasury_service_fee,7897.07
BR-007,PRD-003,2025-M10,treasury_service_fee,8010.23
BR-007,PRD-003,2025-M11,treasury_service_fee,8774.23
BR-007,PRD-003,2025-M12,treasury_service_fee,8302.02
BR-007,PRD-003,2026-M01,treasury_service_fee,9101.67
BR-007,PRD-003,2026-M02,treasury_service_fee,9877.15
BR-007,PRD-003,2026-M03,treasury_service_fee,10379.74
BR-007,PRD-003,2026-M04,treasury_service_fee,10408.44
BR-007,PRD-003,2026-M05,treasury_service_fee,9216.21
BR-007,PRD-003,2026-M06,treasury_service_fee,9596.19
BR-007,PRD-003,2026-M07,treasury_service_fee,8454.88
BR-007,PRD-003,2026-M08,treasury_service_fee,9310.5
BR-007,PRD-003,2026-M09,treasury_service_fee,7955.17
BR-007,PRD-003,2026-M10,treasury_service_fee,9098.18
BR-007,PRD-003,2026-M11,treasury_service_fee,8511.05
BR-007,PRD-003,2026-M12,treasury_service_fee,10089.29
BR-007,PRD-004,2025-M01,interchange_fee,11373.49
BR-007,PRD-004,2025-M02,interchange_fee,10780.92
BR-007,PRD-004,2025-M03,interchange_fee,11172.21
BR-007,PRD-004,2025-M04,interchange_fee,11801.54
BR-007,PRD-004,2025-M05,interchange_fee,11628.3
BR-007,PRD-004,2025-M06,interchange_fee,10584.44
BR-007,PRD-004,2025-M07,interchange_fee,10219.89
BR-007,PRD-004,2025-M08,interchange_fee,10260.94
BR-007,PRD-004,2025-M09,interchange_fee,9836.64
BR-007,PRD-004,2025-M10,interchange_fee,9246.7
BR-007,PRD-004,2025-M11,interchange_fee,9782.62
BR-007,PRD-004,2025-M12,interchange_fee,10746.87
BR-007,PRD-004,2026-M01,interchange_fee,12186.97
BR-007,PRD-004,2026-M02,interchange_fee,12766.65
BR-007,PRD-004,2026-M03,interchange_fee,12395.64
BR-007,PRD-004,2026-M04,interchange_fee,11981.91
BR-007,PRD-004,2026-M05,interchange_fee,11918.9
BR-007,PRD-004,2026-M06,interchange_fee,10678.6
BR-007,PRD-004,2026-M07,interchange_fee,10523.75
BR-007,PRD-004,2026-M08,interchange_fee,9857.86
BR-007,PRD-004,2026-M09,interchange_fee,9528.57
BR-007,PRD-004,2026-M10,interchange_fee,10453.0
BR-007,PRD-004,2026-M11,interchange_fee,10703.37
BR-007,PRD-004,2026-M12,interchange_fee,11426.7
BR-007,PRD-005,2025-M01,servicing_fee,7605.92
BR-007,PRD-005,2025-M02,servicing_fee,7704.57
BR-007,PRD-005,2025-M03,servicing_fee,7902.5
BR-007,PRD-005,2025-M04,servicing_fee,7595.97
BR-007,PRD-005,2025-M05,servicing_fee,7556.61
BR-007,PRD-005,2025-M06,servicing_fee,6860.53
BR-007,PRD-005,2025-M07,servicing_fee,6960.57
BR-007,PRD-005,2025-M08,servicing_fee,6847.22
BR-007,PRD-005,2025-M09,servicing_fee,6330.18
BR-007,PRD-005,2025-M10,servicing_fee,6642.95
BR-007,PRD-005,2025-M11,servicing_fee,6621.15
BR-007,PRD-005,2025-M12,servicing_fee,6931.59
BR-007,PRD-005,2026-M01,servicing_fee,7266.82
BR-007,PRD-005,2026-M02,servicing_fee,8417.75
BR-007,PRD-005,2026-M03,servicing_fee,8422.12
BR-007,PRD-005,2026-M04,servicing_fee,8129.44
BR-007,PRD-005,2026-M05,servicing_fee,8459.2
BR-007,PRD-005,2026-M06,servicing_fee,7333.7
BR-007,PRD-005,2026-M07,servicing_fee,8185.04
BR-007,PRD-005,2026-M08,servicing_fee,6812.42
BR-007,PRD-005,2026-M09,servicing_fee,6898.37
BR-007,PRD-005,2026-M10,servicing_fee,6753.76
BR-007,PRD-005,2026-M11,servicing_fee,7239.93
BR-007,PRD-005,2026-M12,servicing_fee,7713.09
BR-007,PRD-006,2025-M01,origination_fee,6894.19
BR-007,PRD-006,2025-M02,origination_fee,7762.21
BR-007,PRD-006,2025-M03,origination_fee,7286.46
BR-007,PRD-006,2025-M04,origination_fee,7225.32
BR-007,PRD-006,2025-M05,origination_fee,6618.55
BR-007,PRD-006,2025-M06,origination_fee,6806.51
BR-007,PRD-006,2025-M07,origination_fee,6357.43
BR-007,PRD-006,2025-M08,origination_fee,6016.39
BR-007,PRD-006,2025-M09,origination_fee,5895.51
BR-007,PRD-006,2025-M10,origination_fee,7034.02
BR-007,PRD-006,2025-M11,origination_fee,6316.0
BR-007,PRD-006,2025-M12,origination_fee,6181.31
BR-007,PRD-006,2026-M01,origination_fee,6959.28
BR-007,PRD-006,2026-M02,origination_fee,7394.94
BR-007,PRD-006,2026-M03,origination_fee,7693.06
BR-007,PRD-006,2026-M04,origination_fee,7619.72
BR-007,PRD-006,2026-M05,origination_fee,7454.98
BR-007,PRD-006,2026-M06,origination_fee,6710.12
BR-007,PRD-006,2026-M07,origination_fee,6769.64
BR-007,PRD-006,2026-M08,origination_fee,6170.63
BR-007,PRD-006,2026-M09,origination_fee,6181.35
BR-007,PRD-006,2026-M10,origination_fee,6157.19
BR-007,PRD-006,2026-M11,origination_fee,6260.82
BR-007,PRD-006,2026-M12,origination_fee,7302.62
BR-008,PRD-001,2025-M01,maintenance_fee,6517.24
BR-008,PRD-001,2025-M02,maintenance_fee,6794.04
BR-008,PRD-001,2025-M03,maintenance_fee,6555.5
BR-008,PRD-001,2025-M04,maintenance_fee,6729.31
BR-008,PRD-001,2025-M05,maintenance_fee,5745.49
BR-008,PRD-001,2025-M06,maintenance_fee,6319.43
BR-008,PRD-001,2025-M07,maintenance_fee,5867.18
BR-008,PRD-001,2025-M08,maintenance_fee,5815.08
BR-008,PRD-001,2025-M09,maintenance_fee,5679.26
BR-008,PRD-001,2025-M10,maintenance_fee,5360.02
BR-008,PRD-001,2025-M11,maintenance_fee,5380.07
BR-008,PRD-001,2025-M12,maintenance_fee,5842.32
BR-008,PRD-001,2026-M01,maintenance_fee,6737.41
BR-008,PRD-001,2026-M02,maintenance_fee,6969.27
BR-008,PRD-001,2026-M03,maintenance_fee,6338.95
BR-008,PRD-001,2026-M04,maintenance_fee,6406.34
BR-008,PRD-001,2026-M05,maintenance_fee,6315.39
BR-008,PRD-001,2026-M06,maintenance_fee,6187.76
BR-008,PRD-001,2026-M07,maintenance_fee,5636.4
BR-008,PRD-001,2026-M08,maintenance_fee,5446.89
BR-008,PRD-001,2026-M09,maintenance_fee,5558.11
BR-008,PRD-001,2026-M10,maintenance_fee,5889.11
BR-008,PRD-001,2026-M11,maintenance_fee,5691.28
BR-008,PRD-001,2026-M12,maintenance_fee,6263.84
BR-008,PRD-002,2025-M01,service_fee,2742.81
BR-008,PRD-002,2025-M02,service_fee,2503.96
BR-008,PRD-002,2025-M03,service_fee,2677.21
BR-008,PRD-002,2025-M04,service_fee,2815.51
BR-008,PRD-002,2025-M05,service_fee,2550.46
BR-008,PRD-002,2025-M06,service_fee,2432.91
BR-008,PRD-002,2025-M07,service_fee,2544.44
BR-008,PRD-002,2025-M08,service_fee,2295.52
BR-008,PRD-002,2025-M09,service_fee,2431.63
BR-008,PRD-002,2025-M10,service_fee,2381.22
BR-008,PRD-002,2025-M11,service_fee,2363.34
BR-008,PRD-002,2025-M12,service_fee,2564.83
BR-008,PRD-002,2026-M01,service_fee,2752.54
BR-008,PRD-002,2026-M02,service_fee,2927.59
BR-008,PRD-002,2026-M03,service_fee,2736.2
BR-008,PRD-002,2026-M04,service_fee,2791.15
BR-008,PRD-002,2026-M05,service_fee,2700.8
BR-008,PRD-002,2026-M06,service_fee,2696.65
BR-008,PRD-002,2026-M07,service_fee,2372.56
BR-008,PRD-002,2026-M08,service_fee,2547.75
BR-008,PRD-002,2026-M09,service_fee,2452.42
BR-008,PRD-002,2026-M10,service_fee,2264.82
BR-008,PRD-002,2026-M11,service_fee,2651.82
BR-008,PRD-002,2026-M12,service_fee,2895.92
BR-008,PRD-003,2025-M01,treasury_service_fee,9923.87
BR-008,PRD-003,2025-M02,treasury_service_fee,10409.84
BR-008,PRD-003,2025-M03,treasury_service_fee,9855.85
BR-008,PRD-003,2025-M04,treasury_service_fee,8909.36
BR-008,PRD-003,2025-M05,treasury_service_fee,8579.09
BR-008,PRD-003,2025-M06,treasury_service_fee,9202.9
BR-008,PRD-003,2025-M07,treasury_service_fee,8465.31
BR-008,PRD-003,2025-M08,treasury_service_fee,8070.69
BR-008,PRD-003,2025-M09,treasury_service_fee,8333.81
BR-008,PRD-003,2025-M10,treasury_service_fee,8717.75
BR-008,PRD-003,2025-M11,treasury_service_fee,8089.86
BR-008,PRD-003,2025-M12,treasury_service_fee,8883.05
BR-008,PRD-003,2026-M01,treasury_service_fee,10570.49
BR-008,PRD-003,2026-M02,treasury_service_fee,9561.93
BR-008,PRD-003,2026-M03,treasury_service_fee,10650.38
BR-008,PRD-003,2026-M04,treasury_service_fee,9860.31
BR-008,PRD-003,2026-M05,treasury_service_fee,10096.72
BR-008,PRD-003,2026-M06,treasury_service_fee,9968.99
BR-008,PRD-003,2026-M07,treasury_service_fee,9408.72
BR-008,PRD-003,2026-M08,treasury_service_fee,9195.57
BR-008,PRD-003,2026-M09,treasury_service_fee,8193.82
BR-008,PRD-003,2026-M10,treasury_service_fee,9285.5
BR-008,PRD-003,2026-M11,treasury_service_fee,8685.66
BR-008,PRD-003,2026-M12,treasury_service_fee,9573.12
BR-008,PRD-004,2025-M01,interchange_fee,11536.1
BR-008,PRD-004,2025-M02,interchange_fee,11993.74
BR-008,PRD-004,2025-M03,interchange_fee,12026.34
BR-008,PRD-004,2025-M04,interchange_fee,11215.67
BR-008,PRD-004,2025-M05,interchange_fee,10620.36
BR-008,PRD-004,2025-M06,interchange_fee,11428.65
BR-008,PRD-004,2025-M07,interchange_fee,10610.64
BR-008,PRD-004,2025-M08,interchange_fee,10778.03
BR-008,PRD-004,2025-M09,interchange_fee,10052.39
BR-008,PRD-004,2025-M10,interchange_fee,9476.2
BR-008,PRD-004,2025-M11,interchange_fee,11020.8
BR-008,PRD-004,2025-M12,interchange_fee,10748.2
BR-008,PRD-004,2026-M01,interchange_fee,12047.15
BR-008,PRD-004,2026-M02,interchange_fee,11783.85
BR-008,PRD-004,2026-M03,interchange_fee,13311.42
BR-008,PRD-004,2026-M04,interchange_fee,11644.35
BR-008,PRD-004,2026-M05,interchange_fee,11644.77
BR-008,PRD-004,2026-M06,interchange_fee,11450.23
BR-008,PRD-004,2026-M07,interchange_fee,10336.41
BR-008,PRD-004,2026-M08,interchange_fee,10775.16
BR-008,PRD-004,2026-M09,interchange_fee,11322.39
BR-008,PRD-004,2026-M10,interchange_fee,10340.04
BR-008,PRD-004,2026-M11,interchange_fee,11149.49
BR-008,PRD-004,2026-M12,interchange_fee,9823.37
BR-008,PRD-005,2025-M01,servicing_fee,7618.22
BR-008,PRD-005,2025-M02,servicing_fee,7725.16
BR-008,PRD-005,2025-M03,servicing_fee,7602.26
BR-008,PRD-005,2025-M04,servicing_fee,8272.36
BR-008,PRD-005,2025-M05,servicing_fee,7508.57
BR-008,PRD-005,2025-M06,servicing_fee,7274.37
BR-008,PRD-005,2025-M07,servicing_fee,6913.04
BR-008,PRD-005,2025-M08,servicing_fee,6176.32
BR-008,PRD-005,2025-M09,servicing_fee,6370.16
BR-008,PRD-005,2025-M10,servicing_fee,7159.27
BR-008,PRD-005,2025-M11,servicing_fee,6302.59
BR-008,PRD-005,2025-M12,servicing_fee,7058.28
BR-008,PRD-005,2026-M01,servicing_fee,7779.75
BR-008,PRD-005,2026-M02,servicing_fee,8873.48
BR-008,PRD-005,2026-M03,servicing_fee,8560.53
BR-008,PRD-005,2026-M04,servicing_fee,7934.54
BR-008,PRD-005,2026-M05,servicing_fee,8456.19
BR-008,PRD-005,2026-M06,servicing_fee,7350.46
BR-008,PRD-005,2026-M07,servicing_fee,7697.48
BR-008,PRD-005,2026-M08,servicing_fee,6621.55
BR-008,PRD-005,2026-M09,servicing_fee,7399.28
BR-008,PRD-005,2026-M10,servicing_fee,6959.98
BR-008,PRD-005,2026-M11,servicing_fee,6950.93
BR-008,PRD-005,2026-M12,servicing_fee,7550.21
BR-008,PRD-006,2025-M01,origination_fee,7247.57
BR-008,PRD-006,2025-M02,origination_fee,7167.9
BR-008,PRD-006,2025-M03,origination_fee,7628.99
BR-008,PRD-006,2025-M04,origination_fee,7135.47
BR-008,PRD-006,2025-M05,origination_fee,7370.17
BR-008,PRD-006,2025-M06,origination_fee,7025.48
BR-008,PRD-006,2025-M07,origination_fee,6578.46
BR-008,PRD-006,2025-M08,origination_fee,6256.11
BR-008,PRD-006,2025-M09,origination_fee,6371.53
BR-008,PRD-006,2025-M10,origination_fee,6573.3
BR-008,PRD-006,2025-M11,origination_fee,7278.81
BR-008,PRD-006,2025-M12,origination_fee,7196.36
BR-008,PRD-006,2026-M01,origination_fee,7797.17
BR-008,PRD-006,2026-M02,origination_fee,8824.08
BR-008,PRD-006,2026-M03,origination_fee,7919.48
BR-008,PRD-006,2026-M04,origination_fee,7828.92
BR-008,PRD-006,2026-M05,origination_fee,7696.07
BR-008,PRD-006,2026-M06,origination_fee,6787.81
BR-008,PRD-006,2026-M07,origination_fee,6710.19
BR-008,PRD-006,2026-M08,origination_fee,6484.8
BR-008,PRD-006,2026-M09,origination_fee,6789.52
BR-008,PRD-006,2026-M10,origination_fee,6595.24
BR-008,PRD-006,2026-M11,origination_fee,6909.93
BR-008,PRD-006,2026-M12,origination_fee,7537.12
BR-009,PRD-001,2025-M01,maintenance_fee,6769.68
BR-009,PRD-001,2025-M02,maintenance_fee,6618.37
BR-009,PRD-001,2025-M03,maintenance_fee,6513.44
BR-009,PRD-001,2025-M04,maintenance_fee,7051.07
BR-009,PRD-001,2025-M05,maintenance_fee,6740.71
BR-009,PRD-001,2025-M06,maintenance_fee,5738.85
BR-009,PRD-001,2025-M07,maintenance_fee,5896.6
BR-009,PRD-001,2025-M08,maintenance_fee,5855.74
BR-009,PRD-001,2025-M09,maintenance_fee,5964.36
BR-009,PRD-001,2025-M10,maintenance_fee,6071.96
BR-009,PRD-001,2025-M11,maintenance_fee,6075.44
BR-009,PRD-001,2025-M12,maintenance_fee,6422.6
BR-009,PRD-001,2026-M01,maintenance_fee,6770.83
BR-009,PRD-001,2026-M02,maintenance_fee,6705.41
BR-009,PRD-001,2026-M03,maintenance_fee,6917.21
BR-009,PRD-001,2026-M04,maintenance_fee,6945.8
BR-009,PRD-001,2026-M05,maintenance_fee,6737.48
BR-009,PRD-001,2026-M06,maintenance_fee,5877.77
BR-009,PRD-001,2026-M07,maintenance_fee,6106.2
BR-009,PRD-001,2026-M08,maintenance_fee,6056.96
BR-009,PRD-001,2026-M09,maintenance_fee,5886.44
BR-009,PRD-001,2026-M10,maintenance_fee,5965.45
BR-009,PRD-001,2026-M11,maintenance_fee,6382.03
BR-009,PRD-001,2026-M12,maintenance_fee,6139.5
BR-009,PRD-002,2025-M01,service_fee,2464.78
BR-009,PRD-002,2025-M02,service_fee,2710.72
BR-009,PRD-002,2025-M03,service_fee,2892.86
BR-009,PRD-002,2025-M04,service_fee,2991.52
BR-009,PRD-002,2025-M05,service_fee,2788.13
BR-009,PRD-002,2025-M06,service_fee,2390.59
BR-009,PRD-002,2025-M07,service_fee,2448.02
BR-009,PRD-002,2025-M08,service_fee,2432.06
BR-009,PRD-002,2025-M09,service_fee,2394.68
BR-009,PRD-002,2025-M10,service_fee,2466.0
BR-009,PRD-002,2025-M11,service_fee,2363.23
BR-009,PRD-002,2025-M12,service_fee,2588.38
BR-009,PRD-002,2026-M01,service_fee,2849.17
BR-009,PRD-002,2026-M02,service_fee,2987.54
BR-009,PRD-002,2026-M03,service_fee,2781.11
BR-009,PRD-002,2026-M04,service_fee,2819.58
BR-009,PRD-002,2026-M05,service_fee,2413.27
BR-009,PRD-002,2026-M06,service_fee,2599.82
BR-009,PRD-002,2026-M07,service_fee,2508.33
BR-009,PRD-002,2026-M08,service_fee,2369.99
BR-009,PRD-002,2026-M09,service_fee,2488.99
BR-009,PRD-002,2026-M10,service_fee,2490.32
BR-009,PRD-002,2026-M11,service_fee,2284.9
BR-009,PRD-002,2026-M12,service_fee,2712.11
BR-009,PRD-003,2025-M01,treasury_service_fee,9282.57
BR-009,PRD-003,2025-M02,treasury_service_fee,10251.53
BR-009,PRD-003,2025-M03,treasury_service_fee,9460.9
BR-009,PRD-003,2025-M04,treasury_service_fee,10023.5
BR-009,PRD-003,2025-M05,treasury_service_fee,9596.58
BR-009,PRD-003,2025-M06,treasury_service_fee,9501.85
BR-009,PRD-003,2025-M07,treasury_service_fee,9041.62
BR-009,PRD-003,2025-M08,treasury_service_fee,8600.38
BR-009,PRD-003,2025-M09,treasury_service_fee,7949.74
BR-009,PRD-003,2025-M10,treasury_service_fee,8068.08
BR-009,PRD-003,2025-M11,treasury_service_fee,8723.27
BR-009,PRD-003,2025-M12,treasury_service_fee,9356.13
BR-009,PRD-003,2026-M01,treasury_service_fee,9815.89
BR-009,PRD-003,2026-M02,treasury_service_fee,10734.2
BR-009,PRD-003,2026-M03,treasury_service_fee,10366.38
BR-009,PRD-003,2026-M04,treasury_service_fee,9906.59
BR-009,PRD-003,2026-M05,treasury_service_fee,9983.01
BR-009,PRD-003,2026-M06,treasury_service_fee,9844.33
BR-009,PRD-003,2026-M07,treasury_service_fee,9496.83
BR-009,PRD-003,2026-M08,treasury_service_fee,9910.88
BR-009,PRD-003,2026-M09,treasury_service_fee,8656.12
BR-009,PRD-003,2026-M10,treasury_service_fee,9026.7
BR-009,PRD-003,2026-M11,treasury_service_fee,9544.13
BR-009,PRD-003,2026-M12,treasury_service_fee,9723.0
BR-009,PRD-004,2025-M01,interchange_fee,11437.56
BR-009,PRD-004,2025-M02,interchange_fee,11127.18
BR-009,PRD-004,2025-M03,interchange_fee,11871.24
BR-009,PRD-004,2025-M04,interchange_fee,11413.98
BR-009,PRD-004,2025-M05,interchange_fee,10718.44
BR-009,PRD-004,2025-M06,interchange_fee,10831.24
BR-009,PRD-004,2025-M07,interchange_fee,10261.86
BR-009,PRD-004,2025-M08,interchange_fee,10804.94
BR-009,PRD-004,2025-M09,interchange_fee,10689.49
BR-009,PRD-004,2025-M10,interchange_fee,10024.03
BR-009,PRD-004,2025-M11,interchange_fee,10687.9
BR-009,PRD-004,2025-M12,interchange_fee,10231.95
BR-009,PRD-004,2026-M01,interchange_fee,11898.89
BR-009,PRD-004,2026-M02,interchange_fee,12794.2
BR-009,PRD-004,2026-M03,interchange_fee,13192.28
BR-009,PRD-004,2026-M04,interchange_fee,12096.74
BR-009,PRD-004,2026-M05,interchange_fee,12842.1
BR-009,PRD-004,2026-M06,interchange_fee,10842.16
BR-009,PRD-004,2026-M07,interchange_fee,10559.42
BR-009,PRD-004,2026-M08,interchange_fee,11305.86
BR-009,PRD-004,2026-M09,interchange_fee,11694.5
BR-009,PRD-004,2026-M10,interchange_fee,11187.81
BR-009,PRD-004,2026-M11,interchange_fee,11239.24
BR-009,PRD-004,2026-M12,interchange_fee,10443.59
BR-009,PRD-005,2025-M01,servicing_fee,7067.34
BR-009,PRD-005,2025-M02,servicing_fee,8136.08
BR-009,PRD-005,2025-M03,servicing_fee,8018.62
BR-009,PRD-005,2025-M04,servicing_fee,7636.81
BR-009,PRD-005,2025-M05,servicing_fee,7888.16
BR-009,PRD-005,2025-M06,servicing_fee,7603.52
BR-009,PRD-005,2025-M07,servicing_fee,7600.31
BR-009,PRD-005,2025-M08,servicing_fee,7084.29
BR-009,PRD-005,2025-M09,servicing_fee,7382.39
BR-009,PRD-005,2025-M10,servicing_fee,7039.04
BR-009,PRD-005,2025-M11,servicing_fee,7215.75
BR-009,PRD-005,2025-M12,servicing_fee,7962.31
BR-009,PRD-005,2026-M01,servicing_fee,7776.87
BR-009,PRD-005,2026-M02,servicing_fee,9590.19
BR-009,PRD-005,2026-M03,servicing_fee,8650.71
BR-009,PRD-005,2026-M04,servicing_fee,8567.21
BR-009,PRD-005,2026-M05,servicing_fee,8391.58
BR-009,PRD-005,2026-M06,servicing_fee,8600.34
BR-009,PRD-005,2026-M07,servicing_fee,7846.99
BR-009,PRD-005,2026-M08,servicing_fee,6730.41
BR-009,PRD-005,2026-M09,servicing_fee,7741.0
BR-009,PRD-005,2026-M10,servicing_fee,7192.95
BR-009,PRD-005,2026-M11,servicing_fee,7588.34
BR-009,PRD-005,2026-M12,servicing_fee,7359.5
BR-009,PRD-006,2025-M01,origination_fee,7556.93
BR-009,PRD-006,2025-M02,origination_fee,7323.95
BR-009,PRD-006,2025-M03,origination_fee,7684.7
BR-009,PRD-006,2025-M04,origination_fee,7462.98
BR-009,PRD-006,2025-M05,origination_fee,8071.91
BR-009,PRD-006,2025-M06,origination_fee,7781.72
BR-009,PRD-006,2025-M07,origination_fee,6812.61
BR-009,PRD-006,2025-M08,origination_fee,6610.56
BR-009,PRD-006,2025-M09,origination_fee,6391.98
BR-009,PRD-006,2025-M10,origination_fee,6953.88
BR-009,PRD-006,2025-M11,origination_fee,6685.02
BR-009,PRD-006,2025-M12,origination_fee,6930.85
BR-009,PRD-006,2026-M01,origination_fee,8032.42
BR-009,PRD-006,2026-M02,origination_fee,7661.43
BR-009,PRD-006,2026-M03,origination_fee,7937.24
BR-009,PRD-006,2026-M04,origination_fee,7250.83
BR-009,PRD-006,2026-M05,origination_fee,7927.35
BR-009,PRD-006,2026-M06,origination_fee,8077.75
BR-009,PRD-006,2026-M07,origination_fee,7323.58
BR-009,PRD-006,2026-M08,origination_fee,7353.95
BR-009,PRD-006,2026-M09,origination_fee,6487.56
BR-009,PRD-006,2026-M10,origination_fee,6934.04
BR-009,PRD-006,2026-M11,origination_fee,6735.33
BR-009,PRD-006,2026-M12,origination_fee,7279.35
BR-010,PRD-001,2025-M01,maintenance_fee,6936.76
BR-010,PRD-001,2025-M02,maintenance_fee,6901.89
BR-010,PRD-001,2025-M03,maintenance_fee,6445.87
BR-010,PRD-001,2025-M04,maintenance_fee,6415.42
BR-010,PRD-001,2025-M05,maintenance_fee,6217.65
BR-010,PRD-001,2025-M06,maintenance_fee,6579.81
BR-010,PRD-001,2025-M07,maintenance_fee,6801.33
BR-010,PRD-001,2025-M08,maintenance_fee,6384.25
BR-010,PRD-001,2025-M09,maintenance_fee,5348.14
BR-010,PRD-001,2025-M10,maintenance_fee,6401.76
BR-010,PRD-001,2025-M11,maintenance_fee,6453.77
BR-010,PRD-001,2025-M12,maintenance_fee,5925.8
BR-010,PRD-001,2026-M01,maintenance_fee,6840.73
BR-010,PRD-001,2026-M02,maintenance_fee,7532.8
BR-010,PRD-001,2026-M03,maintenance_fee,7411.71
BR-010,PRD-001,2026-M04,maintenance_fee,6674.15
BR-010,PRD-001,2026-M05,maintenance_fee,7158.15
BR-010,PRD-001,2026-M06,maintenance_fee,5965.07
BR-010,PRD-001,2026-M07,maintenance_fee,6340.29
BR-010,PRD-001,2026-M08,maintenance_fee,6569.84
BR-010,PRD-001,2026-M09,maintenance_fee,6150.22
BR-010,PRD-001,2026-M10,maintenance_fee,6061.08
BR-010,PRD-001,2026-M11,maintenance_fee,6696.84
BR-010,PRD-001,2026-M12,maintenance_fee,7004.39
BR-010,PRD-002,2025-M01,service_fee,2942.34
BR-010,PRD-002,2025-M02,service_fee,2963.33
BR-010,PRD-002,2025-M03,service_fee,3022.72
BR-010,PRD-002,2025-M04,service_fee,2943.26
BR-010,PRD-002,2025-M05,service_fee,2798.12
BR-010,PRD-002,2025-M06,service_fee,2667.13
BR-010,PRD-002,2025-M07,service_fee,2518.8
BR-010,PRD-002,2025-M08,service_fee,2321.48
BR-010,PRD-002,2025-M09,service_fee,2326.15
BR-010,PRD-002,2025-M10,service_fee,2436.44
BR-010,PRD-002,2025-M11,service_fee,2579.81
BR-010,PRD-002,2025-M12,service_fee,2846.54
BR-010,PRD-002,2026-M01,service_fee,2865.92
BR-010,PRD-002,2026-M02,service_fee,3100.93
BR-010,PRD-002,2026-M03,service_fee,3143.32
BR-010,PRD-002,2026-M04,service_fee,2918.61
BR-010,PRD-002,2026-M05,service_fee,2957.31
BR-010,PRD-002,2026-M06,service_fee,2727.84
BR-010,PRD-002,2026-M07,service_fee,2826.25
BR-010,PRD-002,2026-M08,service_fee,2651.85
BR-010,PRD-002,2026-M09,service_fee,2389.32
BR-010,PRD-002,2026-M10,service_fee,2590.9
BR-010,PRD-002,2026-M11,service_fee,2869.46
BR-010,PRD-002,2026-M12,service_fee,2736.44
BR-010,PRD-003,2025-M01,treasury_service_fee,10242.59
BR-010,PRD-003,2025-M02,treasury_service_fee,10581.53
BR-010,PRD-003,2025-M03,treasury_service_fee,9864.41
BR-010,PRD-003,2025-M04,treasury_service_fee,10563.42
BR-010,PRD-003,2025-M05,treasury_service_fee,9320.13
BR-010,PRD-003,2025-M06,treasury_service_fee,9331.67
BR-010,PRD-003,2025-M07,treasury_service_fee,9745.08
BR-010,PRD-003,2025-M08,treasury_service_fee,9125.53
BR-010,PRD-003,2025-M09,treasury_service_fee,8727.44
BR-010,PRD-003,2025-M10,treasury_service_fee,9165.75
BR-010,PRD-003,2025-M11,treasury_service_fee,9219.89
BR-010,PRD-003,2025-M12,treasury_service_fee,9639.06
BR-010,PRD-003,2026-M01,treasury_service_fee,10761.22
BR-010,PRD-003,2026-M02,treasury_service_fee,10322.82
BR-010,PRD-003,2026-M03,treasury_service_fee,10841.61
BR-010,PRD-003,2026-M04,treasury_service_fee,10545.15
BR-010,PRD-003,2026-M05,treasury_service_fee,9593.03
BR-010,PRD-003,2026-M06,treasury_service_fee,9557.25
BR-010,PRD-003,2026-M07,treasury_service_fee,10371.71
BR-010,PRD-003,2026-M08,treasury_service_fee,9503.59
BR-010,PRD-003,2026-M09,treasury_service_fee,8606.89
BR-010,PRD-003,2026-M10,treasury_service_fee,8606.1
BR-010,PRD-003,2026-M11,treasury_service_fee,9563.65
BR-010,PRD-003,2026-M12,treasury_service_fee,10800.34
BR-010,PRD-004,2025-M01,interchange_fee,11960.62
BR-010,PRD-004,2025-M02,interchange_fee,13224.5
BR-010,PRD-004,2025-M03,interchange_fee,12758.34
BR-010,PRD-004,2025-M04,interchange_fee,12705.78
BR-010,PRD-004,2025-M05,interchange_fee,11267.03
BR-010,PRD-004,2025-M06,interchange_fee,12153.19
BR-010,PRD-004,2025-M07,interchange_fee,10958.01
BR-010,PRD-004,2025-M08,interchange_fee,11270.98
BR-010,PRD-004,2025-M09,interchange_fee,10245.5
BR-010,PRD-004,2025-M10,interchange_fee,10900.35
BR-010,PRD-004,2025-M11,interchange_fee,11340.79
BR-010,PRD-004,2025-M12,interchange_fee,11519.59
BR-010,PRD-004,2026-M01,interchange_fee,12810.27
BR-010,PRD-004,2026-M02,interchange_fee,12737.87
BR-010,PRD-004,2026-M03,interchange_fee,12616.07
BR-010,PRD-004,2026-M04,interchange_fee,13946.15
BR-010,PRD-004,2026-M05,interchange_fee,13214.84
BR-010,PRD-004,2026-M06,interchange_fee,11614.05
BR-010,PRD-004,2026-M07,interchange_fee,11919.85
BR-010,PRD-004,2026-M08,interchange_fee,10819.62
BR-010,PRD-004,2026-M09,interchange_fee,10449.55
BR-010,PRD-004,2026-M10,interchange_fee,11817.73
BR-010,PRD-004,2026-M11,interchange_fee,10602.86
BR-010,PRD-004,2026-M12,interchange_fee,12632.87
BR-010,PRD-005,2025-M01,servicing_fee,7989.47
BR-010,PRD-005,2025-M02,servicing_fee,8231.55
BR-010,PRD-005,2025-M03,servicing_fee,8575.1
BR-010,PRD-005,2025-M04,servicing_fee,8561.31
BR-010,PRD-005,2025-M05,servicing_fee,7757.39
BR-010,PRD-005,2025-M06,servicing_fee,8059.71
BR-010,PRD-005,2025-M07,servicing_fee,7511.62
BR-010,PRD-005,2025-M08,servicing_fee,6786.67
BR-010,PRD-005,2025-M09,servicing_fee,7097.26
BR-010,PRD-005,2025-M10,servicing_fee,7741.57
BR-010,PRD-005,2025-M11,servicing_fee,8095.43
BR-010,PRD-005,2025-M12,servicing_fee,8059.57
BR-010,PRD-005,2026-M01,servicing_fee,7914.53
BR-010,PRD-005,2026-M02,servicing_fee,8864.58
BR-010,PRD-005,2026-M03,servicing_fee,9110.84
BR-010,PRD-005,2026-M04,servicing_fee,8966.28
BR-010,PRD-005,2026-M05,servicing_fee,8745.67
BR-010,PRD-005,2026-M06,servicing_fee,8238.69
BR-010,PRD-005,2026-M07,servicing_fee,7739.93
BR-010,PRD-005,2026-M08,servicing_fee,7302.03
BR-010,PRD-005,2026-M09,servicing_fee,6737.93
BR-010,PRD-005,2026-M10,servicing_fee,7659.0
BR-010,PRD-005,2026-M11,servicing_fee,7840.31
BR-010,PRD-005,2026-M12,servicing_fee,8317.31
BR-010,PRD-006,2025-M01,origination_fee,7071.17
BR-010,PRD-006,2025-M02,origination_fee,8042.6
BR-010,PRD-006,2025-M03,origination_fee,8677.82
BR-010,PRD-006,2025-M04,origination_fee,7821.89
BR-010,PRD-006,2025-M05,origination_fee,7554.6
BR-010,PRD-006,2025-M06,origination_fee,7399.08
BR-010,PRD-006,2025-M07,origination_fee,7705.85
BR-010,PRD-006,2025-M08,origination_fee,6434.57
BR-010,PRD-006,2025-M09,origination_fee,6771.69
BR-010,PRD-006,2025-M10,origination_fee,6510.53
BR-010,PRD-006,2025-M11,origination_fee,6803.72
BR-010,PRD-006,2025-M12,origination_fee,7268.43
BR-010,PRD-006,2026-M01,origination_fee,8412.0
BR-010,PRD-006,2026-M02,origination_fee,8832.65
BR-010,PRD-006,2026-M03,origination_fee,8367.58
BR-010,PRD-006,2026-M04,origination_fee,7950.4
BR-010,PRD-006,2026-M05,origination_fee,8863.35
BR-010,PRD-006,2026-M06,origination_fee,7415.96
BR-010,PRD-006,2026-M07,origination_fee,7067.1
BR-010,PRD-006,2026-M08,origination_fee,6427.01
BR-010,PRD-006,2026-M09,origination_fee,7458.38
BR-010,PRD-006,2026-M10,origination_fee,7394.39
BR-010,PRD-006,2026-M11,origination_fee,8154.3
BR-010,PRD-006,2026-M12,origination_fee,7051.47
BR-011,PRD-001,2025-M01,maintenance_fee,7368.91
BR-011,PRD-001,2025-M02,maintenance_fee,7086.3
BR-011,PRD-001,2025-M03,maintenance_fee,7419.79
BR-011,PRD-001,2025-M04,maintenance_fee,6479.75
BR-011,PRD-001,2025-M05,maintenance_fee,7372.31
BR-011,PRD-001,2025-M06,maintenance_fee,6863.71
BR-011,PRD-001,2025-M07,maintenance_fee,6327.51
BR-011,PRD-001,2025-M08,maintenance_fee,6344.72
BR-011,PRD-001,2025-M09,maintenance_fee,5843.13
BR-011,PRD-001,2025-M10,maintenance_fee,5968.39
BR-011,PRD-001,2025-M11,maintenance_fee,6192.93
BR-011,PRD-001,2025-M12,maintenance_fee,5992.23
BR-011,PRD-001,2026-M01,maintenance_fee,7450.66
BR-011,PRD-001,2026-M02,maintenance_fee,7781.55
BR-011,PRD-001,2026-M03,maintenance_fee,7157.5
BR-011,PRD-001,2026-M04,maintenance_fee,7471.86
BR-011,PRD-001,2026-M05,maintenance_fee,7048.05
BR-011,PRD-001,2026-M06,maintenance_fee,6980.89
BR-011,PRD-001,2026-M07,maintenance_fee,6386.54
BR-011,PRD-001,2026-M08,maintenance_fee,6109.96
BR-011,PRD-001,2026-M09,maintenance_fee,6651.09
BR-011,PRD-001,2026-M10,maintenance_fee,6371.91
BR-011,PRD-001,2026-M11,maintenance_fee,7260.07
BR-011,PRD-001,2026-M12,maintenance_fee,6884.06
BR-011,PRD-002,2025-M01,service_fee,2708.23
BR-011,PRD-002,2025-M02,service_fee,3098.79
BR-011,PRD-002,2025-M03,service_fee,3041.95
BR-011,PRD-002,2025-M04,service_fee,3025.79
BR-011,PRD-002,2025-M05,service_fee,3008.77
BR-011,PRD-002,2025-M06,service_fee,2641.38
BR-011,PRD-002,2025-M07,service_fee,2604.6
BR-011,PRD-002,2025-M08,service_fee,2519.54
BR-011,PRD-002,2025-M09,service_fee,2349.94
BR-011,PRD-002,2025-M10,service_fee,2507.83
BR-011,PRD-002,2025-M11,service_fee,2796.43
BR-011,PRD-002,2025-M12,service_fee,2762.9
BR-011,PRD-002,2026-M01,service_fee,2754.54
BR-011,PRD-002,2026-M02,service_fee,2800.25
BR-011,PRD-002,2026-M03,service_fee,3322.18
BR-011,PRD-002,2026-M04,service_fee,3022.75
BR-011,PRD-002,2026-M05,service_fee,2857.71
BR-011,PRD-002,2026-M06,service_fee,2800.82
BR-011,PRD-002,2026-M07,service_fee,2524.76
BR-011,PRD-002,2026-M08,service_fee,2831.04
BR-011,PRD-002,2026-M09,service_fee,2561.2
BR-011,PRD-002,2026-M10,service_fee,2823.68
BR-011,PRD-002,2026-M11,service_fee,2733.17
BR-011,PRD-002,2026-M12,service_fee,3042.69
BR-011,PRD-003,2025-M01,treasury_service_fee,10434.47
BR-011,PRD-003,2025-M02,treasury_service_fee,11044.19
BR-011,PRD-003,2025-M03,treasury_service_fee,11083.14
BR-011,PRD-003,2025-M04,treasury_service_fee,10922.41
BR-011,PRD-003,2025-M05,treasury_service_fee,10481.47
BR-011,PRD-003,2025-M06,treasury_service_fee,9790.67
BR-011,PRD-003,2025-M07,treasury_service_fee,10420.53
BR-011,PRD-003,2025-M08,treasury_service_fee,8801.61
BR-011,PRD-003,2025-M09,treasury_service_fee,9115.48
BR-011,PRD-003,2025-M10,treasury_service_fee,9226.55
BR-011,PRD-003,2025-M11,treasury_service_fee,9701.12
BR-011,PRD-003,2025-M12,treasury_service_fee,9693.28
BR-011,PRD-003,2026-M01,treasury_service_fee,10882.94
BR-011,PRD-003,2026-M02,treasury_service_fee,10923.0
BR-011,PRD-003,2026-M03,treasury_service_fee,10246.35
BR-011,PRD-003,2026-M04,treasury_service_fee,11021.26
BR-011,PRD-003,2026-M05,treasury_service_fee,10124.74
BR-011,PRD-003,2026-M06,treasury_service_fee,9408.84
BR-011,PRD-003,2026-M07,treasury_service_fee,9957.84
BR-011,PRD-003,2026-M08,treasury_service_fee,9822.38
BR-011,PRD-003,2026-M09,treasury_service_fee,9727.66
BR-011,PRD-003,2026-M10,treasury_service_fee,9860.4
BR-011,PRD-003,2026-M11,treasury_service_fee,8934.47
BR-011,PRD-003,2026-M12,treasury_service_fee,9601.16
BR-011,PRD-004,2025-M01,interchange_fee,13640.63
BR-011,PRD-004,2025-M02,interchange_fee,12096.7
BR-011,PRD-004,2025-M03,interchange_fee,13286.82
BR-011,PRD-004,2025-M04,interchange_fee,12326.65
BR-011,PRD-004,2025-M05,interchange_fee,12464.98
BR-011,PRD-004,2025-M06,interchange_fee,11560.01
BR-011,PRD-004,2025-M07,interchange_fee,11782.26
BR-011,PRD-004,2025-M08,interchange_fee,11186.9
BR-011,PRD-004,2025-M09,interchange_fee,10736.78
BR-011,PRD-004,2025-M10,interchange_fee,10527.49
BR-011,PRD-004,2025-M11,interchange_fee,11613.92
BR-011,PRD-004,2025-M12,interchange_fee,11214.13
BR-011,PRD-004,2026-M01,interchange_fee,13188.13
BR-011,PRD-004,2026-M02,interchange_fee,15019.11
BR-011,PRD-004,2026-M03,interchange_fee,14313.97
BR-011,PRD-004,2026-M04,interchange_fee,13752.52
BR-011,PRD-004,2026-M05,interchange_fee,12856.87
BR-011,PRD-004,2026-M06,interchange_fee,11211.99
BR-011,PRD-004,2026-M07,interchange_fee,11130.89
BR-011,PRD-004,2026-M08,interchange_fee,12296.5
BR-011,PRD-004,2026-M09,interchange_fee,10971.24
BR-011,PRD-004,2026-M10,interchange_fee,11151.34
BR-011,PRD-004,2026-M11,interchange_fee,11820.18
BR-011,PRD-004,2026-M12,interchange_fee,11756.23
BR-011,PRD-005,2025-M01,servicing_fee,7810.64
BR-011,PRD-005,2025-M02,servicing_fee,8533.73
BR-011,PRD-005,2025-M03,servicing_fee,8255.89
BR-011,PRD-005,2025-M04,servicing_fee,8238.34
BR-011,PRD-005,2025-M05,servicing_fee,7996.02
BR-011,PRD-005,2025-M06,servicing_fee,8209.97
BR-011,PRD-005,2025-M07,servicing_fee,7591.81
BR-011,PRD-005,2025-M08,servicing_fee,7380.19
BR-011,PRD-005,2025-M09,servicing_fee,7580.62
BR-011,PRD-005,2025-M10,servicing_fee,7393.79
BR-011,PRD-005,2025-M11,servicing_fee,7574.1
BR-011,PRD-005,2025-M12,servicing_fee,8189.2
BR-011,PRD-005,2026-M01,servicing_fee,8943.01
BR-011,PRD-005,2026-M02,servicing_fee,8832.11
BR-011,PRD-005,2026-M03,servicing_fee,9022.94
BR-011,PRD-005,2026-M04,servicing_fee,8549.74
BR-011,PRD-005,2026-M05,servicing_fee,8281.47
BR-011,PRD-005,2026-M06,servicing_fee,8641.05
BR-011,PRD-005,2026-M07,servicing_fee,8165.91
BR-011,PRD-005,2026-M08,servicing_fee,7920.85
BR-011,PRD-005,2026-M09,servicing_fee,7762.86
BR-011,PRD-005,2026-M10,servicing_fee,7762.43
BR-011,PRD-005,2026-M11,servicing_fee,8266.35
BR-011,PRD-005,2026-M12,servicing_fee,8710.09
BR-011,PRD-006,2025-M01,origination_fee,8147.77
BR-011,PRD-006,2025-M02,origination_fee,7971.76
BR-011,PRD-006,2025-M03,origination_fee,8653.65
BR-011,PRD-006,2025-M04,origination_fee,8103.65
BR-011,PRD-006,2025-M05,origination_fee,8039.12
BR-011,PRD-006,2025-M06,origination_fee,7598.68
BR-011,PRD-006,2025-M07,origination_fee,7282.12
BR-011,PRD-006,2025-M08,origination_fee,6717.32
BR-011,PRD-006,2025-M09,origination_fee,7135.3
BR-011,PRD-006,2025-M10,origination_fee,7966.01
BR-011,PRD-006,2025-M11,origination_fee,7058.48
BR-011,PRD-006,2025-M12,origination_fee,7519.6
BR-011,PRD-006,2026-M01,origination_fee,7923.62
BR-011,PRD-006,2026-M02,origination_fee,8129.29
BR-011,PRD-006,2026-M03,origination_fee,9066.05
BR-011,PRD-006,2026-M04,origination_fee,8052.24
BR-011,PRD-006,2026-M05,origination_fee,7912.32
BR-011,PRD-006,2026-M06,origination_fee,7174.18
BR-011,PRD-006,2026-M07,origination_fee,7197.63
BR-011,PRD-006,2026-M08,origination_fee,6633.29
BR-011,PRD-006,2026-M09,origination_fee,7395.78
BR-011,PRD-006,2026-M10,origination_fee,8268.11
BR-011,PRD-006,2026-M11,origination_fee,7343.85
BR-011,PRD-006,2026-M12,origination_fee,7143.29
BR-012,PRD-001,2025-M01,maintenance_fee,7375.02
BR-012,PRD-001,2025-M02,maintenance_fee,6992.41
BR-012,PRD-001,2025-M03,maintenance_fee,7805.02
BR-012,PRD-001,2025-M04,maintenance_fee,7153.83
BR-012,PRD-001,2025-M05,maintenance_fee,6834.49
BR-012,PRD-001,2025-M06,maintenance_fee,6725.62
BR-012,PRD-001,2025-M07,maintenance_fee,6761.39
BR-012,PRD-001,2025-M08,maintenance_fee,6244.03
BR-012,PRD-001,2025-M09,maintenance_fee,6088.06
BR-012,PRD-001,2025-M10,maintenance_fee,6253.06
BR-012,PRD-001,2025-M11,maintenance_fee,6100.28
BR-012,PRD-001,2025-M12,maintenance_fee,6920.71
BR-012,PRD-001,2026-M01,maintenance_fee,6684.03
BR-012,PRD-001,2026-M02,maintenance_fee,7378.82
BR-012,PRD-001,2026-M03,maintenance_fee,7911.44
BR-012,PRD-001,2026-M04,maintenance_fee,7660.74
BR-012,PRD-001,2026-M05,maintenance_fee,7556.38
BR-012,PRD-001,2026-M06,maintenance_fee,7034.49
BR-012,PRD-001,2026-M07,maintenance_fee,7171.4
BR-012,PRD-001,2026-M08,maintenance_fee,6872.18
BR-012,PRD-001,2026-M09,maintenance_fee,6637.68
BR-012,PRD-001,2026-M10,maintenance_fee,6873.11
BR-012,PRD-001,2026-M11,maintenance_fee,7029.35
BR-012,PRD-001,2026-M12,maintenance_fee,6902.37
BR-012,PRD-002,2025-M01,service_fee,2721.91
BR-012,PRD-002,2025-M02,service_fee,3063.2
BR-012,PRD-002,2025-M03,service_fee,3112.95
BR-012,PRD-002,2025-M04,service_fee,3163.72
BR-012,PRD-002,2025-M05,service_fee,2781.37
BR-012,PRD-002,2025-M06,service_fee,2678.59
BR-012,PRD-002,2025-M07,service_fee,2755.46
BR-012,PRD-002,2025-M08,service_fee,2602.07
BR-012,PRD-002,2025-M09,service_fee,2337.91
BR-012,PRD-002,2025-M10,service_fee,2660.34
BR-012,PRD-002,2025-M11,service_fee,2444.04
BR-012,PRD-002,2025-M12,service_fee,2673.14
BR-012,PRD-002,2026-M01,service_fee,3239.8
BR-012,PRD-002,2026-M02,service_fee,3404.84
BR-012,PRD-002,2026-M03,service_fee,2959.87
BR-012,PRD-002,2026-M04,service_fee,3068.76
BR-012,PRD-002,2026-M05,service_fee,3041.17
BR-012,PRD-002,2026-M06,service_fee,3177.86
BR-012,PRD-002,2026-M07,service_fee,2732.23
BR-012,PRD-002,2026-M08,service_fee,2651.06
BR-012,PRD-002,2026-M09,service_fee,2892.42
BR-012,PRD-002,2026-M10,service_fee,2664.92
BR-012,PRD-002,2026-M11,service_fee,2902.41
BR-012,PRD-002,2026-M12,service_fee,2702.47
BR-012,PRD-003,2025-M01,treasury_service_fee,10495.53
BR-012,PRD-003,2025-M02,treasury_service_fee,9981.05
BR-012,PRD-003,2025-M03,treasury_service_fee,10413.18
BR-012,PRD-003,2025-M04,treasury_service_fee,11340.92
BR-012,PRD-003,2025-M05,treasury_service_fee,10559.74
BR-012,PRD-003,2025-M06,treasury_service_fee,10016.59
BR-012,PRD-003,2025-M07,treasury_service_fee,9406.01
BR-012,PRD-003,2025-M08,treasury_service_fee,9369.26
BR-012,PRD-003,2025-M09,treasury_service_fee,9505.67
BR-012,PRD-003,2025-M10,treasury_service_fee,9939.37
BR-012,PRD-003,2025-M11,treasury_service_fee,8489.21
BR-012,PRD-003,2025-M12,treasury_service_fee,9755.68
BR-012,PRD-003,2026-M01,treasury_service_fee,11097.19
BR-012,PRD-003,2026-M02,treasury_service_fee,11263.64
BR-012,PRD-003,2026-M03,treasury_service_fee,11663.64
BR-012,PRD-003,2026-M04,treasury_service_fee,11471.01
BR-012,PRD-003,2026-M05,treasury_service_fee,10841.78
BR-012,PRD-003,2026-M06,treasury_service_fee,10307.29
BR-012,PRD-003,2026-M07,treasury_service_fee,10037.97
BR-012,PRD-003,2026-M08,treasury_service_fee,10418.64
BR-012,PRD-003,2026-M09,treasury_service_fee,9382.81
BR-012,PRD-003,2026-M10,treasury_service_fee,9821.79
BR-012,PRD-003,2026-M11,treasury_service_fee,10255.88
BR-012,PRD-003,2026-M12,treasury_service_fee,11412.07
BR-012,PRD-004,2025-M01,interchange_fee,12566.12
BR-012,PRD-004,2025-M02,interchange_fee,13745.71
BR-012,PRD-004,2025-M03,interchange_fee,14064.45
BR-012,PRD-004,2025-M04,interchange_fee,13075.07
BR-012,PRD-004,2025-M05,interchange_fee,12623.27
BR-012,PRD-004,2025-M06,interchange_fee,12065.17
BR-012,PRD-004,2025-M07,interchange_fee,11625.69
BR-012,PRD-004,2025-M08,interchange_fee,11904.77
BR-012,PRD-004,2025-M09,interchange_fee,11415.99
BR-012,PRD-004,2025-M10,interchange_fee,11551.43
BR-012,PRD-004,2025-M11,interchange_fee,11113.77
BR-012,PRD-004,2025-M12,interchange_fee,11673.59
BR-012,PRD-004,2026-M01,interchange_fee,14689.95
BR-012,PRD-004,2026-M02,interchange_fee,13520.27
BR-012,PRD-004,2026-M03,interchange_fee,13244.54
BR-012,PRD-004,2026-M04,interchange_fee,14617.68
BR-012,PRD-004,2026-M05,interchange_fee,13454.94
BR-012,PRD-004,2026-M06,interchange_fee,13126.48
BR-012,PRD-004,2026-M07,interchange_fee,12162.84
BR-012,PRD-004,2026-M08,interchange_fee,11684.61
BR-012,PRD-004,2026-M09,interchange_fee,11637.54
BR-012,PRD-004,2026-M10,interchange_fee,11052.88
BR-012,PRD-004,2026-M11,interchange_fee,12193.53
BR-012,PRD-004,2026-M12,interchange_fee,12946.51
BR-012,PRD-005,2025-M01,servicing_fee,9341.47
BR-012,PRD-005,2025-M02,servicing_fee,8828.9
BR-012,PRD-005,2025-M03,servicing_fee,7842.94
BR-012,PRD-005,2025-M04,servicing_fee,8749.79
BR-012,PRD-005,2025-M05,servicing_fee,9721.55
BR-012,PRD-005,2025-M06,servicing_fee,8577.64
BR-012,PRD-005,2025-M07,servicing_fee,7572.64
BR-012,PRD-005,2025-M08,servicing_fee,7878.05
BR-012,PRD-005,2025-M09,servicing_fee,7283.16
BR-012,PRD-005,2025-M10,servicing_fee,7133.94
BR-012,PRD-005,2025-M11,servicing_fee,7755.16
BR-012,PRD-005,2025-M12,servicing_fee,8259.12
BR-012,PRD-005,2026-M01,servicing_fee,8059.98
BR-012,PRD-005,2026-M02,servicing_fee,8617.42
BR-012,PRD-005,2026-M03,servicing_fee,9239.16
BR-012,PRD-005,2026-M04,servicing_fee,8956.16
BR-012,PRD-005,2026-M05,servicing_fee,9067.91
BR-012,PRD-005,2026-M06,servicing_fee,8031.07
BR-012,PRD-005,2026-M07,servicing_fee,8501.43
BR-012,PRD-005,2026-M08,servicing_fee,7486.96
BR-012,PRD-005,2026-M09,servicing_fee,8512.45
BR-012,PRD-005,2026-M10,servicing_fee,7275.28
BR-012,PRD-005,2026-M11,servicing_fee,7759.94
BR-012,PRD-005,2026-M12,servicing_fee,8728.79
BR-012,PRD-006,2025-M01,origination_fee,8673.8
BR-012,PRD-006,2025-M02,origination_fee,8362.62
BR-012,PRD-006,2025-M03,origination_fee,8549.48
BR-012,PRD-006,2025-M04,origination_fee,8240.16
BR-012,PRD-006,2025-M05,origination_fee,7596.54
BR-012,PRD-006,2025-M06,origination_fee,7510.81
BR-012,PRD-006,2025-M07,origination_fee,6943.63
BR-012,PRD-006,2025-M08,origination_fee,6707.9
BR-012,PRD-006,2025-M09,origination_fee,7225.83
BR-012,PRD-006,2025-M10,origination_fee,6763.62
BR-012,PRD-006,2025-M11,origination_fee,7509.62
BR-012,PRD-006,2025-M12,origination_fee,7198.33
BR-012,PRD-006,2026-M01,origination_fee,8451.19
BR-012,PRD-006,2026-M02,origination_fee,8353.04
BR-012,PRD-006,2026-M03,origination_fee,9256.3
BR-012,PRD-006,2026-M04,origination_fee,8700.84
BR-012,PRD-006,2026-M05,origination_fee,8842.35
BR-012,PRD-006,2026-M06,origination_fee,7704.94
BR-012,PRD-006,2026-M07,origination_fee,7708.76
BR-012,PRD-006,2026-M08,origination_fee,7087.12
BR-012,PRD-006,2026-M09,origination_fee,7214.53
BR-012,PRD-006,2026-M10,origination_fee,7355.04
BR-012,PRD-006,2026-M11,origination_fee,7408.19
BR-012,PRD-006,2026-M12,origination_fee,7520.82
