channel_id,employee_id,period_id,message_ts,message_type,engagement_count
CH-004,EMP-000001,2026-M01,2026-01-27 22:51:00,team_announcement,9
CH-008,EMP-000001,2026-M01,2026-01-19 18:05:00,service_alert,16
CH-008,EMP-000001,2026-M01,2026-01-20 18:49:00,service_alert,15
CH-008,EMP-000001,2026-M02,2026-02-15 21:32:00,service_alert,21
CH-004,EMP-000001,2026-M02,2026-02-18 10:47:00,team_announcement,15
CH-004,EMP-000001,2026-M03,2026-03-09 14:50:00,team_announcement,7
CH-007,EMP-000001,2026-M04,2026-04-19 08:24:00,branch_update,24
CH-007,EMP-000001,2026-M05,2026-05-06 23:37:00,branch_update,18
CH-008,EMP-000001,2026-M06,2026-06-16 18:14:00,service_alert,33
CH-004,EMP-000001,2026-M07,2026-07-14 15:25:00,team_announcement,7
CH-007,EMP-000001,2026-M08,2026-08-14 08:25:00,branch_update,23
CH-007,EMP-000001,2026-M08,2026-08-20 14:43:00,branch_update,16
CH-008,EMP-000001,2026-M09,2026-09-10 01:00:00,service_alert,22
CH-004,EMP-000001,2026-M09,2026-09-09 10:30:00,team_announcement,13
CH-004,EMP-000001,2026-M09,2026-09-30 12:30:00,team_announcement,8
CH-004,EMP-000001,2026-M10,2026-10-08 01:27:00,team_announcement,10
CH-008,EMP-000001,2026-M11,2026-11-14 16:26:00,service_alert,15
CH-008,EMP-000001,2026-M11,2026-11-30 04:23:00,service_alert,22
CH-008,EMP-000001,2026-M12,2026-12-03 09:49:00,service_alert,20
CH-007,EMP-000001,2026-M12,2026-12-20 23:28:00,branch_update,15
CH-004,EMP-000002,2026-M01,2026-01-29 21:01:00,team_announcement,11
CH-004,EMP-000002,2026-M02,2026-02-10 23:39:00,team_announcement,10
CH-008,EMP-000002,2026-M03,2026-03-20 09:53:00,service_alert,31
CH-004,EMP-000002,2026-M03,2026-03-19 20:47:00,team_announcement,15
CH-004,EMP-000002,2026-M03,2026-03-17 10:09:00,team_announcement,9
CH-004,EMP-000002,2026-M04,2026-04-27 16:41:00,team_announcement,9
CH-008,EMP-000002,2026-M05,2026-05-24 23:05:00,service_alert,19
CH-004,EMP-000002,2026-M06,2026-06-24 17:32:00,team_announcement,7
CH-008,EMP-000002,2026-M07,2026-07-18 13:18:00,service_alert,30
CH-007,EMP-000002,2026-M08,2026-08-30 06:26:00,branch_update,21
CH-007,EMP-000002,2026-M09,2026-09-19 11:14:00,branch_update,20
CH-008,EMP-000002,2026-M10,2026-10-18 23:13:00,service_alert,17
CH-008,EMP-000002,2026-M11,2026-11-02 18:57:00,service_alert,19
CH-004,EMP-000002,2026-M12,2026-12-31 11:56:00,team_announcement,14
CH-008,EMP-000003,2026-M01,2026-01-29 03:51:00,service_alert,30
CH-004,EMP-000003,2026-M01,2026-01-31 05:04:00,onboarding_update,36
CH-004,EMP-000003,2026-M02,2026-02-05 16:55:00,onboarding_update,34
CH-004,EMP-000003,2026-M02,2026-02-15 02:53:00,onboarding_update,20
CH-008,EMP-000003,2026-M02,2026-02-23 04:06:00,incident_followup,37
CH-008,EMP-000003,2026-M03,2026-03-10 01:06:00,service_alert,23
CH-008,EMP-000003,2026-M04,2026-04-24 12:15:00,service_alert,21
CH-004,EMP-000003,2026-M04,2026-04-29 01:59:00,onboarding_update,33
CH-008,EMP-000003,2026-M04,2026-04-20 11:51:00,incident_followup,29
CH-004,EMP-000003,2026-M04,2026-04-26 06:19:00,onboarding_update,24
CH-004,EMP-000003,2026-M05,2026-05-25 12:08:00,onboarding_update,20
CH-007,EMP-000003,2026-M06,2026-06-12 15:14:00,branch_update,21
CH-004,EMP-000003,2026-M06,2026-06-02 21:48:00,onboarding_update,26
CH-008,EMP-000003,2026-M06,2026-06-11 23:36:00,incident_followup,31
CH-004,EMP-000003,2026-M06,2026-06-20 11:00:00,onboarding_update,36
CH-007,EMP-000003,2026-M07,2026-07-15 05:25:00,branch_update,20
CH-007,EMP-000003,2026-M07,2026-07-06 12:47:00,branch_update,14
CH-007,EMP-000003,2026-M07,2026-07-10 05:30:00,branch_update,18
CH-008,EMP-000003,2026-M07,2026-07-27 02:21:00,service_alert,40
CH-008,EMP-000003,2026-M08,2026-08-18 01:09:00,incident_followup,24
CH-008,EMP-000003,2026-M09,2026-09-12 21:21:00,service_alert,26
CH-007,EMP-000003,2026-M09,2026-09-27 19:07:00,branch_update,18
CH-008,EMP-000003,2026-M09,2026-09-27 20:40:00,service_alert,36
CH-007,EMP-000003,2026-M09,2026-09-19 22:15:00,branch_update,23
CH-008,EMP-000003,2026-M10,2026-10-23 23:57:00,incident_followup,23
CH-008,EMP-000003,2026-M11,2026-11-23 19:45:00,service_alert,39
CH-008,EMP-000003,2026-M11,2026-11-13 15:17:00,service_alert,40
CH-008,EMP-000003,2026-M11,2026-11-09 07:22:00,service_alert,28
CH-008,EMP-000003,2026-M12,2026-12-13 16:55:00,service_alert,28
CH-008,EMP-000003,2026-M12,2026-12-04 09:33:00,incident_followup,34
CH-008,EMP-000003,2026-M12,2026-12-09 02:28:00,incident_followup,38
CH-008,EMP-000003,2026-M12,2026-12-14 02:21:00,incident_followup,24
CH-008,EMP-000004,2026-M01,2026-01-09 03:52:00,service_alert,22
CH-007,EMP-000004,2026-M01,2026-01-06 13:21:00,branch_update,22
CH-007,EMP-000004,2026-M02,2026-02-11 01:31:00,branch_update,19
CH-008,EMP-000004,2026-M02,2026-02-27 08:56:00,service_alert,39
CH-008,EMP-000004,2026-M02,2026-02-25 07:56:00,service_alert,18
CH-008,EMP-000004,2026-M02,2026-02-26 17:41:00,service_alert,31
CH-007,EMP-000004,2026-M03,2026-03-06 18:23:00,branch_update,20
CH-008,EMP-000004,2026-M04,2026-04-05 19:34:00,incident_followup,42
CH-008,EMP-000004,2026-M05,2026-05-23 01:48:00,service_alert,37
CH-008,EMP-000004,2026-M05,2026-05-15 06:45:00,incident_followup,31
CH-007,EMP-000004,2026-M06,2026-06-27 02:31:00,branch_update,24
CH-008,EMP-000004,2026-M07,2026-07-11 10:46:00,service_alert,21
CH-007,EMP-000004,2026-M07,2026-07-27 10:05:00,branch_update,31
CH-008,EMP-000004,2026-M08,2026-08-06 08:30:00,incident_followup,25
CH-008,EMP-000004,2026-M09,2026-09-18 07:35:00,incident_followup,23
CH-008,EMP-000004,2026-M09,2026-09-13 00:37:00,incident_followup,23
CH-007,EMP-000004,2026-M09,2026-09-10 20:16:00,branch_update,13
CH-007,EMP-000004,2026-M09,2026-09-12 01:02:00,branch_update,16
CH-007,EMP-000004,2026-M10,2026-10-10 22:09:00,branch_update,21
CH-008,EMP-000004,2026-M11,2026-11-16 08:43:00,incident_followup,38
CH-008,EMP-000004,2026-M12,2026-12-23 03:07:00,incident_followup,24
CH-004,EMP-000005,2026-M01,2026-01-27 23:20:00,team_announcement,9
CH-007,EMP-000005,2026-M02,2026-02-04 03:12:00,branch_update,12
CH-008,EMP-000005,2026-M03,2026-03-16 02:22:00,service_alert,32
CH-008,EMP-000005,2026-M04,2026-04-20 01:01:00,service_alert,18
CH-007,EMP-000005,2026-M04,2026-04-29 04:26:00,branch_update,21
CH-007,EMP-000005,2026-M05,2026-05-09 13:03:00,branch_update,15
CH-008,EMP-000005,2026-M06,2026-06-21 01:34:00,service_alert,31
CH-004,EMP-000005,2026-M07,2026-07-28 14:36:00,team_announcement,11
CH-004,EMP-000005,2026-M08,2026-08-19 02:31:00,team_announcement,13
CH-008,EMP-000005,2026-M09,2026-09-03 21:11:00,service_alert,32
CH-007,EMP-000005,2026-M10,2026-10-19 21:37:00,branch_update,17
CH-008,EMP-000005,2026-M11,2026-11-13 04:08:00,service_alert,14
CH-004,EMP-000005,2026-M12,2026-12-31 01:47:00,team_announcement,10
CH-004,EMP-000006,2026-M01,2026-01-17 16:31:00,team_announcement,7
CH-004,EMP-000006,2026-M02,2026-02-03 07:43:00,team_announcement,13
CH-004,EMP-000006,2026-M03,2026-03-14 03:23:00,campaign_update,35
CH-004,EMP-000006,2026-M03,2026-03-18 01:09:00,campaign_update,17
CH-004,EMP-000006,2026-M03,2026-03-24 22:40:00,campaign_update,28
CH-004,EMP-000006,2026-M04,2026-04-05 16:52:00,team_announcement,11
CH-004,EMP-000006,2026-M04,2026-04-11 03:59:00,team_announcement,12
CH-004,EMP-000006,2026-M05,2026-05-11 00:57:00,campaign_update,36
CH-004,EMP-000006,2026-M06,2026-06-23 14:58:00,campaign_launch,43
CH-004,EMP-000006,2026-M07,2026-07-26 11:14:00,campaign_update,20
CH-004,EMP-000006,2026-M08,2026-08-02 05:38:00,team_announcement,11
CH-004,EMP-000006,2026-M09,2026-09-20 21:10:00,campaign_update,28
CH-004,EMP-000006,2026-M09,2026-09-17 02:02:00,campaign_update,22
CH-004,EMP-000006,2026-M10,2026-10-15 18:20:00,campaign_update,33
CH-004,EMP-000006,2026-M11,2026-11-03 10:53:00,campaign_update,30
CH-004,EMP-000006,2026-M12,2026-12-06 12:51:00,team_announcement,10
CH-008,EMP-000007,2026-M01,2026-01-26 16:01:00,service_alert,34
CH-007,EMP-000007,2026-M01,2026-01-16 09:51:00,branch_update,18
CH-008,EMP-000007,2026-M01,2026-01-12 13:39:00,service_alert,27
CH-004,EMP-000007,2026-M02,2026-02-23 20:55:00,team_announcement,14
CH-007,EMP-000007,2026-M02,2026-02-25 13:16:00,branch_update,13
CH-008,EMP-000007,2026-M02,2026-02-15 04:11:00,service_alert,17
CH-007,EMP-000007,2026-M03,2026-03-03 06:58:00,branch_update,24
CH-008,EMP-000007,2026-M03,2026-03-01 17:05:00,service_alert,31
CH-008,EMP-000007,2026-M04,2026-04-05 03:28:00,service_alert,31
CH-007,EMP-000007,2026-M05,2026-05-04 21:41:00,branch_update,14
CH-004,EMP-000007,2026-M05,2026-05-29 13:47:00,team_announcement,8
CH-004,EMP-000007,2026-M05,2026-05-06 07:41:00,team_announcement,11
CH-008,EMP-000007,2026-M06,2026-06-22 06:48:00,service_alert,26
CH-004,EMP-000007,2026-M07,2026-07-21 18:07:00,team_announcement,14
CH-007,EMP-000007,2026-M07,2026-07-18 06:51:00,branch_update,17
CH-007,EMP-000007,2026-M08,2026-08-20 22:08:00,branch_update,12
CH-004,EMP-000007,2026-M08,2026-08-31 10:09:00,team_announcement,8
CH-004,EMP-000007,2026-M09,2026-09-28 08:56:00,team_announcement,7
CH-004,EMP-000007,2026-M10,2026-10-29 01:24:00,team_announcement,15
CH-008,EMP-000007,2026-M10,2026-10-14 15:10:00,service_alert,21
CH-004,EMP-000007,2026-M10,2026-10-03 06:54:00,team_announcement,9
CH-008,EMP-000007,2026-M10,2026-10-12 08:37:00,service_alert,27
CH-004,EMP-000007,2026-M11,2026-11-10 16:07:00,team_announcement,9
CH-004,EMP-000007,2026-M12,2026-12-09 05:10:00,team_announcement,8
CH-004,EMP-000007,2026-M12,2026-12-04 18:57:00,team_announcement,9
CH-004,EMP-000008,2026-M01,2026-01-01 13:18:00,team_announcement,14
CH-007,EMP-000008,2026-M02,2026-02-12 09:24:00,branch_update,13
CH-004,EMP-000008,2026-M03,2026-03-12 15:27:00,team_announcement,9
CH-008,EMP-000008,2026-M04,2026-04-13 07:17:00,service_alert,24
CH-004,EMP-000008,2026-M05,2026-05-17 20:40:00,team_announcement,13
CH-007,EMP-000008,2026-M06,2026-06-23 15:30:00,branch_update,16
CH-004,EMP-000008,2026-M07,2026-07-20 02:39:00,team_announcement,15
CH-008,EMP-000008,2026-M08,2026-08-09 11:30:00,service_alert,16
CH-008,EMP-000008,2026-M08,2026-08-09 11:11:00,service_alert,19
CH-004,EMP-000008,2026-M09,2026-09-21 20:42:00,team_announcement,13
CH-004,EMP-000008,2026-M10,2026-10-10 14:39:00,team_announcement,15
CH-008,EMP-000008,2026-M10,2026-10-31 16:34:00,service_alert,26
CH-008,EMP-000008,2026-M11,2026-11-15 17:29:00,service_alert,28
CH-008,EMP-000008,2026-M11,2026-11-06 17:31:00,service_alert,28
CH-008,EMP-000008,2026-M12,2026-12-08 13:54:00,service_alert,31
CH-008,EMP-000009,2026-M01,2026-01-10 17:52:00,incident_followup,22
CH-008,EMP-000009,2026-M02,2026-02-17 06:01:00,service_alert,22
CH-008,EMP-000009,2026-M02,2026-02-11 23:27:00,incident_followup,41
CH-007,EMP-000009,2026-M03,2026-03-22 17:18:00,branch_update,15
CH-008,EMP-000009,2026-M04,2026-04-11 17:57:00,service_alert,35
CH-008,EMP-000009,2026-M04,2026-04-05 13:37:00,incident_followup,30
CH-008,EMP-000009,2026-M04,2026-04-26 23:17:00,incident_followup,42
CH-008,EMP-000009,2026-M05,2026-05-27 14:49:00,service_alert,19
CH-008,EMP-000009,2026-M05,2026-05-21 21:15:00,service_alert,34
CH-008,EMP-000009,2026-M06,2026-06-07 16:49:00,service_alert,39
CH-008,EMP-000009,2026-M06,2026-06-24 16:22:00,service_alert,36
CH-008,EMP-000009,2026-M07,2026-07-28 06:28:00,incident_followup,23
CH-008,EMP-000009,2026-M07,2026-07-23 14:00:00,incident_followup,28
CH-008,EMP-000009,2026-M08,2026-08-07 15:27:00,service_alert,37
CH-008,EMP-000009,2026-M08,2026-08-25 19:13:00,incident_followup,35
CH-008,EMP-000009,2026-M09,2026-09-18 09:45:00,incident_followup,37
CH-008,EMP-000009,2026-M09,2026-09-23 17:03:00,service_alert,35
CH-007,EMP-000009,2026-M09,2026-09-19 12:30:00,branch_update,22
CH-007,EMP-000009,2026-M09,2026-09-13 22:03:00,branch_update,26
CH-008,EMP-000009,2026-M10,2026-10-16 12:51:00,service_alert,21
CH-008,EMP-000009,2026-M10,2026-10-20 13:25:00,incident_followup,18
CH-008,EMP-000009,2026-M10,2026-10-05 17:26:00,incident_followup,22
CH-007,EMP-000009,2026-M11,2026-11-09 15:09:00,branch_update,22
CH-008,EMP-000009,2026-M11,2026-11-25 15:37:00,service_alert,33
CH-008,EMP-000009,2026-M12,2026-12-09 13:35:00,incident_followup,39
CH-008,EMP-000009,2026-M12,2026-12-31 04:02:00,incident_followup,33
CH-007,EMP-000010,2026-M01,2026-01-10 04:45:00,branch_update,20
CH-008,EMP-000010,2026-M01,2026-01-31 13:41:00,service_alert,29
CH-008,EMP-000010,2026-M02,2026-02-17 16:46:00,service_alert,21
CH-007,EMP-000010,2026-M02,2026-02-05 23:09:00,branch_update,22
CH-008,EMP-000010,2026-M02,2026-02-04 04:33:00,service_alert,36
CH-007,EMP-000010,2026-M03,2026-03-07 00:52:00,branch_update,25
CH-007,EMP-000010,2026-M04,2026-04-07 02:54:00,branch_update,27
CH-007,EMP-000010,2026-M04,2026-04-22 06:45:00,branch_update,30
CH-007,EMP-000010,2026-M05,2026-05-08 02:24:00,branch_update,17
CH-007,EMP-000010,2026-M05,2026-05-19 02:41:00,branch_update,19
CH-008,EMP-000010,2026-M06,2026-06-22 08:07:00,incident_followup,36
CH-007,EMP-000010,2026-M06,2026-06-16 23:42:00,branch_update,30
CH-008,EMP-000010,2026-M06,2026-06-05 10:53:00,incident_followup,42
CH-007,EMP-000010,2026-M07,2026-07-09 01:26:00,branch_update,27
CH-008,EMP-000010,2026-M08,2026-08-09 07:36:00,service_alert,34
CH-008,EMP-000010,2026-M09,2026-09-25 02:56:00,incident_followup,22
CH-007,EMP-000010,2026-M10,2026-10-26 18:57:00,branch_update,20
CH-008,EMP-000010,2026-M10,2026-10-18 06:56:00,service_alert,38
CH-008,EMP-000010,2026-M10,2026-10-08 03:09:00,incident_followup,40
CH-008,EMP-000010,2026-M10,2026-10-11 13:19:00,service_alert,34
CH-008,EMP-000010,2026-M11,2026-11-25 18:29:00,service_alert,34
CH-008,EMP-000010,2026-M12,2026-12-24 14:19:00,service_alert,35
CH-007,EMP-000011,2026-M01,2026-01-13 20:48:00,branch_update,11
CH-008,EMP-000011,2026-M02,2026-02-15 06:46:00,service_alert,17
CH-004,EMP-000011,2026-M03,2026-03-20 04:36:00,team_announcement,11
CH-007,EMP-000011,2026-M04,2026-04-22 08:42:00,branch_update,24
CH-007,EMP-000011,2026-M05,2026-05-07 11:05:00,branch_update,13
CH-007,EMP-000011,2026-M06,2026-06-19 12:17:00,branch_update,13
CH-007,EMP-000011,2026-M07,2026-07-30 02:34:00,branch_update,15
CH-007,EMP-000011,2026-M08,2026-08-24 22:02:00,branch_update,16
CH-007,EMP-000011,2026-M09,2026-09-25 22:40:00,branch_update,16
CH-008,EMP-000011,2026-M10,2026-10-05 15:44:00,service_alert,24
CH-008,EMP-000011,2026-M11,2026-11-25 12:56:00,service_alert,30
CH-007,EMP-000011,2026-M12,2026-12-03 23:31:00,branch_update,13
CH-004,EMP-000011,2026-M12,2026-12-12 19:49:00,team_announcement,10
CH-004,EMP-000012,2026-M01,2026-01-29 16:34:00,onboarding_update,17
CH-007,EMP-000012,2026-M02,2026-02-06 15:44:00,policy_update,13
CH-004,EMP-000012,2026-M03,2026-03-22 07:50:00,onboarding_update,29
CH-004,EMP-000012,2026-M04,2026-04-16 07:12:00,onboarding_update,28
CH-007,EMP-000012,2026-M05,2026-05-29 13:03:00,policy_update,15
CH-004,EMP-000012,2026-M05,2026-05-03 03:02:00,onboarding_update,31
CH-004,EMP-000012,2026-M05,2026-05-09 22:19:00,onboarding_update,24
CH-004,EMP-000012,2026-M06,2026-06-23 11:17:00,onboarding_update,30
CH-004,EMP-000012,2026-M07,2026-07-27 13:29:00,onboarding_update,30
CH-007,EMP-000012,2026-M08,2026-08-14 14:43:00,policy_update,15
CH-004,EMP-000012,2026-M09,2026-09-01 21:52:00,team_announcement,10
CH-004,EMP-000012,2026-M10,2026-10-26 16:55:00,team_announcement,9
CH-007,EMP-000012,2026-M10,2026-10-05 19:50:00,policy_update,9
CH-004,EMP-000012,2026-M11,2026-11-26 05:22:00,team_announcement,12
CH-004,EMP-000012,2026-M11,2026-11-05 23:07:00,onboarding_update,24
CH-004,EMP-000012,2026-M12,2026-12-24 07:43:00,team_announcement,15
CH-004,EMP-000012,2026-M12,2026-12-02 05:40:00,onboarding_update,30
CH-008,EMP-000013,2026-M01,2026-01-01 16:55:00,service_alert,25
CH-008,EMP-000013,2026-M02,2026-02-19 05:25:00,service_alert,33
CH-008,EMP-000013,2026-M03,2026-03-28 06:28:00,service_alert,30
CH-004,EMP-000013,2026-M04,2026-04-24 08:57:00,team_announcement,10
CH-004,EMP-000013,2026-M05,2026-05-16 16:44:00,team_announcement,14
CH-007,EMP-000013,2026-M05,2026-05-27 15:58:00,branch_update,21
CH-007,EMP-000013,2026-M06,2026-06-16 16:15:00,branch_update,24
CH-004,EMP-000013,2026-M06,2026-06-07 00:16:00,team_announcement,14
CH-007,EMP-000013,2026-M06,2026-06-26 13:47:00,branch_update,20
CH-004,EMP-000013,2026-M06,2026-06-27 21:13:00,team_announcement,12
CH-007,EMP-000013,2026-M07,2026-07-24 08:55:00,branch_update,11
CH-004,EMP-000013,2026-M08,2026-08-04 16:22:00,team_announcement,9
CH-004,EMP-000013,2026-M09,2026-09-28 05:53:00,team_announcement,11
CH-007,EMP-000013,2026-M10,2026-10-30 06:17:00,branch_update,18
CH-008,EMP-000013,2026-M10,2026-10-04 03:24:00,service_alert,30
CH-007,EMP-000013,2026-M11,2026-11-24 06:47:00,branch_update,22
CH-007,EMP-000013,2026-M11,2026-11-02 21:13:00,branch_update,21
CH-004,EMP-000013,2026-M12,2026-12-01 13:13:00,team_announcement,9
CH-007,EMP-000014,2026-M01,2026-01-26 20:20:00,branch_update,25
CH-004,EMP-000014,2026-M01,2026-01-14 18:05:00,team_announcement,14
CH-004,EMP-000014,2026-M02,2026-02-07 06:20:00,team_announcement,10
CH-004,EMP-000014,2026-M03,2026-03-21 04:12:00,team_announcement,12
CH-007,EMP-000014,2026-M04,2026-04-27 04:02:00,branch_update,19
CH-007,EMP-000014,2026-M05,2026-05-11 19:15:00,branch_update,20
CH-007,EMP-000014,2026-M06,2026-06-25 01:41:00,branch_update,14
CH-007,EMP-000014,2026-M07,2026-07-16 13:08:00,branch_update,13
CH-004,EMP-000014,2026-M07,2026-07-05 02:38:00,team_announcement,15
CH-007,EMP-000014,2026-M07,2026-07-28 18:22:00,branch_update,22
CH-004,EMP-000014,2026-M08,2026-08-18 07:33:00,team_announcement,9
CH-004,EMP-000014,2026-M09,2026-09-02 23:22:00,team_announcement,8
CH-008,EMP-000014,2026-M09,2026-09-23 02:39:00,service_alert,21
CH-007,EMP-000014,2026-M09,2026-09-01 15:43:00,branch_update,18
CH-004,EMP-000014,2026-M09,2026-09-16 01:27:00,team_announcement,14
CH-004,EMP-000014,2026-M10,2026-10-06 11:16:00,team_announcement,15
CH-008,EMP-000014,2026-M11,2026-11-09 23:04:00,service_alert,32
CH-004,EMP-000014,2026-M11,2026-11-27 01:41:00,team_announcement,13
CH-007,EMP-000014,2026-M12,2026-12-18 09:12:00,branch_update,19
CH-008,EMP-000015,2026-M01,2026-01-12 07:31:00,service_alert,29
CH-007,EMP-000015,2026-M01,2026-01-26 15:30:00,branch_update,20
CH-008,EMP-000015,2026-M01,2026-01-19 04:36:00,service_alert,38
CH-007,EMP-000015,2026-M01,2026-01-28 04:53:00,branch_update,23
CH-008,EMP-000015,2026-M02,2026-02-25 11:39:00,service_alert,23
CH-008,EMP-000015,2026-M03,2026-03-27 21:38:00,incident_followup,20
CH-008,EMP-000015,2026-M03,2026-03-15 23:15:00,service_alert,22
CH-008,EMP-000015,2026-M04,2026-04-03 23:56:00,incident_followup,25
CH-007,EMP-000015,2026-M04,2026-04-22 00:48:00,branch_update,26
CH-007,EMP-000015,2026-M05,2026-05-06 20:21:00,branch_update,26
CH-007,EMP-000015,2026-M05,2026-05-29 03:05:00,branch_update,25
CH-007,EMP-000015,2026-M05,2026-05-21 17:18:00,branch_update,18
CH-008,EMP-000015,2026-M05,2026-05-06 19:19:00,service_alert,32
CH-008,EMP-000015,2026-M06,2026-06-20 18:01:00,incident_followup,30
CH-007,EMP-000015,2026-M06,2026-06-06 10:12:00,branch_update,23
CH-008,EMP-000015,2026-M07,2026-07-30 21:41:00,incident_followup,32
CH-007,EMP-000015,2026-M08,2026-08-26 05:34:00,branch_update,15
CH-007,EMP-000015,2026-M09,2026-09-16 15:13:00,branch_update,21
CH-008,EMP-000015,2026-M09,2026-09-17 05:02:00,incident_followup,33
CH-007,EMP-000015,2026-M09,2026-09-21 22:07:00,branch_update,30
CH-008,EMP-000015,2026-M10,2026-10-29 07:13:00,incident_followup,33
CH-007,EMP-000015,2026-M10,2026-10-05 02:31:00,branch_update,18
CH-008,EMP-000015,2026-M11,2026-11-23 19:16:00,service_alert,33
CH-008,EMP-000015,2026-M11,2026-11-19 18:57:00,incident_followup,32
CH-008,EMP-000015,2026-M12,2026-12-22 19:35:00,incident_followup,20
CH-008,EMP-000016,2026-M01,2026-01-06 19:17:00,service_alert,32
CH-008,EMP-000016,2026-M02,2026-02-21 02:34:00,service_alert,34
CH-008,EMP-000016,2026-M02,2026-02-14 01:34:00,service_alert,36
CH-008,EMP-000016,2026-M03,2026-03-18 22:22:00,incident_followup,24
CH-008,EMP-000016,2026-M03,2026-03-26 15:17:00,service_alert,20
CH-007,EMP-000016,2026-M03,2026-03-18 22:26:00,branch_update,27
CH-008,EMP-000016,2026-M03,2026-03-27 18:03:00,service_alert,30
CH-008,EMP-000016,2026-M04,2026-04-28 04:39:00,incident_followup,20
CH-008,EMP-000016,2026-M04,2026-04-19 04:12:00,incident_followup,28
CH-008,EMP-000016,2026-M04,2026-04-05 21:03:00,incident_followup,22
CH-008,EMP-000016,2026-M05,2026-05-11 18:18:00,service_alert,17
CH-008,EMP-000016,2026-M06,2026-06-28 01:03:00,service_alert,33
CH-008,EMP-000016,2026-M07,2026-07-24 07:33:00,service_alert,26
CH-008,EMP-000016,2026-M08,2026-08-20 23:52:00,service_alert,26
CH-008,EMP-000016,2026-M09,2026-09-09 17:00:00,service_alert,31
CH-008,EMP-000016,2026-M09,2026-09-13 11:48:00,incident_followup,32
CH-008,EMP-000016,2026-M09,2026-09-05 19:14:00,incident_followup,29
CH-007,EMP-000016,2026-M09,2026-09-14 07:26:00,branch_update,17
CH-007,EMP-000016,2026-M10,2026-10-17 12:25:00,branch_update,24
CH-008,EMP-000016,2026-M11,2026-11-03 05:54:00,service_alert,25
CH-008,EMP-000016,2026-M12,2026-12-27 18:08:00,incident_followup,40
CH-007,EMP-000017,2026-M01,2026-01-27 08:06:00,branch_update,13
CH-008,EMP-000017,2026-M01,2026-01-31 15:45:00,service_alert,25
CH-008,EMP-000017,2026-M02,2026-02-16 16:03:00,service_alert,34
CH-004,EMP-000017,2026-M03,2026-03-24 00:34:00,team_announcement,13
CH-008,EMP-000017,2026-M04,2026-04-23 00:22:00,service_alert,19
CH-007,EMP-000017,2026-M04,2026-04-02 13:01:00,branch_update,13
CH-007,EMP-000017,2026-M05,2026-05-07 11:01:00,branch_update,25
CH-004,EMP-000017,2026-M05,2026-05-05 06:18:00,team_announcement,14
CH-007,EMP-000017,2026-M05,2026-05-06 02:23:00,branch_update,11
CH-004,EMP-000017,2026-M05,2026-05-08 03:38:00,team_announcement,8
CH-004,EMP-000017,2026-M06,2026-06-25 06:44:00,team_announcement,15
CH-004,EMP-000017,2026-M07,2026-07-30 11:51:00,team_announcement,15
CH-007,EMP-000017,2026-M08,2026-08-05 20:47:00,branch_update,13
CH-007,EMP-000017,2026-M09,2026-09-01 15:05:00,branch_update,16
CH-008,EMP-000017,2026-M09,2026-09-21 04:05:00,service_alert,33
CH-004,EMP-000017,2026-M10,2026-10-13 06:23:00,team_announcement,14
CH-007,EMP-000017,2026-M11,2026-11-11 03:05:00,branch_update,18
CH-008,EMP-000017,2026-M12,2026-12-19 09:37:00,service_alert,34
CH-008,EMP-000017,2026-M12,2026-12-18 19:28:00,service_alert,32
CH-004,EMP-000017,2026-M12,2026-12-31 13:30:00,team_announcement,8
CH-007,EMP-000018,2026-M01,2026-01-06 11:15:00,policy_update,16
CH-007,EMP-000018,2026-M02,2026-02-08 01:24:00,performance_update,14
CH-004,EMP-000018,2026-M03,2026-03-08 12:42:00,team_announcement,14
CH-007,EMP-000018,2026-M03,2026-03-07 11:49:00,policy_update,13
CH-007,EMP-000018,2026-M03,2026-03-27 00:27:00,performance_update,8
CH-004,EMP-000018,2026-M04,2026-04-30 03:28:00,team_announcement,7
CH-004,EMP-000018,2026-M05,2026-05-27 01:10:00,team_announcement,15
CH-007,EMP-000018,2026-M06,2026-06-15 16:16:00,performance_update,18
CH-007,EMP-000018,2026-M07,2026-07-16 15:41:00,performance_update,15
CH-007,EMP-000018,2026-M08,2026-08-25 02:22:00,policy_update,21
CH-007,EMP-000018,2026-M09,2026-09-11 06:58:00,performance_update,18
CH-007,EMP-000018,2026-M09,2026-09-18 05:19:00,policy_update,13
CH-004,EMP-000018,2026-M09,2026-09-22 00:59:00,team_announcement,8
CH-007,EMP-000018,2026-M10,2026-10-24 07:00:00,performance_update,16
CH-004,EMP-000018,2026-M11,2026-11-29 21:35:00,team_announcement,10
CH-007,EMP-000018,2026-M12,2026-12-17 06:04:00,performance_update,9
CH-004,EMP-000019,2026-M01,2026-01-08 09:49:00,onboarding_update,19
CH-004,EMP-000019,2026-M01,2026-01-18 19:08:00,onboarding_update,15
CH-004,EMP-000019,2026-M01,2026-01-11 18:33:00,onboarding_update,14
CH-004,EMP-000019,2026-M01,2026-01-07 12:13:00,onboarding_update,20
CH-004,EMP-000019,2026-M02,2026-02-04 12:05:00,team_announcement,12
CH-004,EMP-000019,2026-M02,2026-02-21 00:07:00,onboarding_update,16
CH-004,EMP-000019,2026-M02,2026-02-11 10:15:00,team_announcement,12
CH-004,EMP-000019,2026-M03,2026-03-26 15:32:00,onboarding_update,17
CH-004,EMP-000019,2026-M03,2026-03-15 09:48:00,onboarding_update,15
CH-004,EMP-000019,2026-M04,2026-04-10 14:11:00,onboarding_update,23
CH-004,EMP-000019,2026-M04,2026-04-14 11:22:00,onboarding_update,24
CH-004,EMP-000019,2026-M04,2026-04-24 02:45:00,onboarding_update,14
CH-004,EMP-000019,2026-M04,2026-04-26 12:02:00,onboarding_update,15
CH-007,EMP-000019,2026-M05,2026-05-09 22:31:00,branch_update,10
CH-004,EMP-000019,2026-M05,2026-05-22 13:30:00,team_announcement,13
CH-004,EMP-000019,2026-M05,2026-05-10 13:05:00,onboarding_update,14
CH-004,EMP-000019,2026-M06,2026-06-14 19:55:00,onboarding_update,16
CH-008,EMP-000019,2026-M07,2026-07-23 10:46:00,service_alert,19
CH-007,EMP-000019,2026-M07,2026-07-11 14:07:00,branch_update,19
CH-004,EMP-000019,2026-M08,2026-08-12 09:48:00,team_announcement,7
CH-008,EMP-000019,2026-M08,2026-08-20 14:54:00,service_alert,26
CH-008,EMP-000019,2026-M08,2026-08-25 05:08:00,service_alert,28
CH-004,EMP-000019,2026-M09,2026-09-06 01:16:00,team_announcement,7
CH-004,EMP-000019,2026-M09,2026-09-25 00:18:00,team_announcement,10
CH-004,EMP-000019,2026-M09,2026-09-23 01:28:00,team_announcement,7
CH-008,EMP-000019,2026-M10,2026-10-14 23:53:00,service_alert,22
CH-008,EMP-000019,2026-M11,2026-11-30 04:05:00,service_alert,22
CH-007,EMP-000019,2026-M11,2026-11-08 19:55:00,branch_update,15
CH-007,EMP-000019,2026-M12,2026-12-10 07:08:00,branch_update,21
CH-004,EMP-000020,2026-M01,2026-01-07 07:02:00,team_announcement,13
CH-004,EMP-000020,2026-M02,2026-02-26 21:40:00,team_announcement,10
CH-007,EMP-000020,2026-M02,2026-02-17 17:00:00,branch_update,18
CH-004,EMP-000020,2026-M03,2026-03-15 19:06:00,team_announcement,10
CH-004,EMP-000020,2026-M03,2026-03-22 23:51:00,team_announcement,14
CH-008,EMP-000020,2026-M04,2026-04-12 09:44:00,service_alert,25
CH-007,EMP-000020,2026-M05,2026-05-02 06:58:00,branch_update,16
CH-004,EMP-000020,2026-M05,2026-05-28 22:36:00,team_announcement,13
CH-007,EMP-000020,2026-M05,2026-05-31 04:08:00,branch_update,24
CH-004,EMP-000020,2026-M06,2026-06-08 02:48:00,team_announcement,8
CH-008,EMP-000020,2026-M07,2026-07-21 05:29:00,service_alert,18
CH-008,EMP-000020,2026-M08,2026-08-02 10:28:00,service_alert,24
CH-007,EMP-000020,2026-M09,2026-09-10 08:21:00,branch_update,12
CH-004,EMP-000020,2026-M10,2026-10-25 15:32:00,team_announcement,14
CH-007,EMP-000020,2026-M11,2026-11-29 03:07:00,branch_update,19
CH-007,EMP-000020,2026-M12,2026-12-09 02:36:00,branch_update,24
CH-007,EMP-000021,2026-M01,2026-01-13 06:56:00,branch_update,14
CH-008,EMP-000021,2026-M02,2026-02-03 12:23:00,incident_followup,32
CH-008,EMP-000021,2026-M03,2026-03-23 09:31:00,incident_followup,41
CH-007,EMP-000021,2026-M03,2026-03-02 10:37:00,branch_update,19
CH-008,EMP-000021,2026-M04,2026-04-12 03:15:00,incident_followup,40
CH-008,EMP-000021,2026-M05,2026-05-12 20:34:00,incident_followup,21
CH-008,EMP-000021,2026-M05,2026-05-07 03:19:00,service_alert,29
CH-008,EMP-000021,2026-M06,2026-06-29 09:15:00,incident_followup,35
CH-008,EMP-000021,2026-M06,2026-06-14 10:56:00,service_alert,19
CH-008,EMP-000021,2026-M06,2026-06-25 05:09:00,incident_followup,29
CH-007,EMP-000021,2026-M06,2026-06-12 03:56:00,branch_update,24
CH-008,EMP-000021,2026-M07,2026-07-28 12:39:00,incident_followup,37
CH-007,EMP-000021,2026-M07,2026-07-23 14:52:00,branch_update,20
CH-008,EMP-000021,2026-M08,2026-08-06 09:18:00,incident_followup,35
CH-008,EMP-000021,2026-M09,2026-09-19 13:27:00,incident_followup,25
CH-008,EMP-000021,2026-M09,2026-09-02 05:11:00,service_alert,27
CH-008,EMP-000021,2026-M09,2026-09-19 12:39:00,incident_followup,20
CH-008,EMP-000021,2026-M10,2026-10-12 16:52:00,incident_followup,34
CH-008,EMP-000021,2026-M11,2026-11-13 01:16:00,incident_followup,41
CH-007,EMP-000021,2026-M12,2026-12-19 07:35:00,branch_update,23
CH-007,EMP-000021,2026-M12,2026-12-13 00:54:00,branch_update,26
CH-008,EMP-000022,2026-M01,2026-01-02 08:40:00,incident_followup,26
CH-008,EMP-000022,2026-M01,2026-01-23 03:02:00,service_alert,22
CH-008,EMP-000022,2026-M01,2026-01-01 18:12:00,service_alert,26
CH-008,EMP-000022,2026-M01,2026-01-08 20:42:00,service_alert,20
CH-008,EMP-000022,2026-M02,2026-02-05 01:26:00,incident_followup,43
CH-007,EMP-000022,2026-M02,2026-02-01 23:38:00,branch_update,30
CH-007,EMP-000022,2026-M02,2026-02-08 15:55:00,branch_update,15
CH-008,EMP-000022,2026-M03,2026-03-16 20:05:00,incident_followup,41
CH-008,EMP-000022,2026-M03,2026-03-22 07:42:00,service_alert,25
CH-007,EMP-000022,2026-M03,2026-03-27 02:32:00,branch_update,13
CH-008,EMP-000022,2026-M04,2026-04-26 03:00:00,service_alert,19
CH-008,EMP-000022,2026-M05,2026-05-25 13:22:00,service_alert,37
CH-007,EMP-000022,2026-M06,2026-06-22 19:59:00,branch_update,20
CH-008,EMP-000022,2026-M07,2026-07-23 16:45:00,service_alert,30
CH-008,EMP-000022,2026-M08,2026-08-24 15:15:00,incident_followup,21
CH-008,EMP-000022,2026-M09,2026-09-13 15:09:00,incident_followup,28
CH-008,EMP-000022,2026-M09,2026-09-25 15:12:00,incident_followup,32
CH-007,EMP-000022,2026-M10,2026-10-20 07:09:00,branch_update,15
CH-007,EMP-000022,2026-M10,2026-10-23 22:54:00,branch_update,24
CH-008,EMP-000022,2026-M10,2026-10-19 20:04:00,incident_followup,27
CH-007,EMP-000022,2026-M11,2026-11-21 03:02:00,branch_update,14
CH-008,EMP-000022,2026-M11,2026-11-07 21:18:00,incident_followup,22
CH-008,EMP-000022,2026-M11,2026-11-04 09:40:00,incident_followup,39
CH-008,EMP-000022,2026-M11,2026-11-17 06:00:00,incident_followup,31
CH-008,EMP-000022,2026-M12,2026-12-10 21:48:00,service_alert,34
CH-007,EMP-000023,2026-M01,2026-01-06 21:08:00,branch_update,22
CH-007,EMP-000023,2026-M02,2026-02-21 08:13:00,branch_update,16
CH-007,EMP-000023,2026-M03,2026-03-31 12:41:00,branch_update,13
CH-007,EMP-000023,2026-M04,2026-04-10 05:39:00,branch_update,24
CH-004,EMP-000023,2026-M04,2026-04-06 21:37:00,team_announcement,7
CH-008,EMP-000023,2026-M04,2026-04-23 20:14:00,service_alert,31
CH-004,EMP-000023,2026-M05,2026-05-03 03:14:00,team_announcement,13
CH-004,EMP-000023,2026-M05,2026-05-31 14:24:00,team_announcement,8
CH-004,EMP-000023,2026-M06,2026-06-15 06:38:00,team_announcement,15
CH-004,EMP-000023,2026-M07,2026-07-28 18:10:00,team_announcement,13
CH-008,EMP-000023,2026-M08,2026-08-21 07:38:00,service_alert,25
CH-004,EMP-000023,2026-M09,2026-09-15 06:01:00,team_announcement,15
CH-004,EMP-000023,2026-M10,2026-10-01 08:22:00,team_announcement,8
CH-007,EMP-000023,2026-M11,2026-11-11 18:35:00,branch_update,16
CH-004,EMP-000023,2026-M12,2026-12-05 02:49:00,team_announcement,11
CH-007,EMP-000024,2026-M01,2026-01-18 00:05:00,branch_update,24
CH-008,EMP-000024,2026-M01,2026-01-06 04:12:00,service_alert,19
CH-007,EMP-000024,2026-M01,2026-01-29 15:11:00,branch_update,19
CH-008,EMP-000024,2026-M02,2026-02-02 00:37:00,service_alert,15
CH-007,EMP-000024,2026-M03,2026-03-06 23:09:00,branch_update,25
CH-004,EMP-000024,2026-M04,2026-04-05 05:06:00,team_announcement,11
CH-004,EMP-000024,2026-M05,2026-05-29 02:28:00,team_announcement,9
CH-004,EMP-000024,2026-M05,2026-05-25 07:45:00,team_announcement,12
CH-004,EMP-000024,2026-M06,2026-06-06 00:41:00,team_announcement,9
CH-004,EMP-000024,2026-M06,2026-06-26 05:07:00,team_announcement,11
CH-007,EMP-000024,2026-M07,2026-07-03 07:57:00,branch_update,21
CH-004,EMP-000024,2026-M08,2026-08-03 16:03:00,team_announcement,13
CH-007,EMP-000024,2026-M09,2026-09-14 12:11:00,branch_update,14
CH-008,EMP-000024,2026-M10,2026-10-19 03:59:00,service_alert,31
CH-004,EMP-000024,2026-M10,2026-10-16 11:33:00,team_announcement,7
CH-004,EMP-000024,2026-M10,2026-10-11 06:04:00,team_announcement,15
CH-008,EMP-000024,2026-M11,2026-11-30 09:21:00,service_alert,34
CH-008,EMP-000024,2026-M11,2026-11-03 17:57:00,service_alert,28
CH-004,EMP-000024,2026-M12,2026-12-28 23:18:00,team_announcement,9
CH-007,EMP-000024,2026-M12,2026-12-10 11:54:00,branch_update,23
CH-004,EMP-000025,2026-M01,2026-01-07 15:46:00,team_announcement,11
CH-007,EMP-000025,2026-M02,2026-02-02 11:05:00,branch_update,25
CH-004,EMP-000025,2026-M03,2026-03-29 03:02:00,team_announcement,13
CH-008,EMP-000025,2026-M04,2026-04-24 13:23:00,service_alert,18
CH-004,EMP-000025,2026-M05,2026-05-09 10:09:00,team_announcement,10
CH-004,EMP-000025,2026-M06,2026-06-10 22:56:00,team_announcement,15
CH-008,EMP-000025,2026-M07,2026-07-14 02:34:00,service_alert,18
CH-008,EMP-000025,2026-M08,2026-08-04 09:46:00,service_alert,27
CH-008,EMP-000025,2026-M09,2026-09-25 04:45:00,service_alert,29
CH-008,EMP-000025,2026-M10,2026-10-26 06:10:00,service_alert,26
CH-004,EMP-000025,2026-M11,2026-11-26 15:30:00,team_announcement,15
CH-004,EMP-000025,2026-M12,2026-12-14 19:27:00,team_announcement,12
CH-004,EMP-000026,2026-M01,2026-01-25 02:16:00,team_announcement,14
CH-004,EMP-000026,2026-M02,2026-02-01 18:55:00,team_announcement,15
CH-008,EMP-000026,2026-M02,2026-02-09 21:40:00,service_alert,19
CH-007,EMP-000026,2026-M02,2026-02-15 18:57:00,branch_update,21
CH-004,EMP-000026,2026-M03,2026-03-04 15:04:00,team_announcement,14
CH-007,EMP-000026,2026-M04,2026-04-26 02:26:00,branch_update,25
CH-007,EMP-000026,2026-M05,2026-05-21 03:48:00,branch_update,11
CH-004,EMP-000026,2026-M06,2026-06-18 04:24:00,team_announcement,12
CH-004,EMP-000026,2026-M06,2026-06-17 02:39:00,team_announcement,14
CH-007,EMP-000026,2026-M06,2026-06-13 15:48:00,branch_update,20
CH-007,EMP-000026,2026-M06,2026-06-04 17:47:00,branch_update,22
CH-008,EMP-000026,2026-M07,2026-07-17 17:35:00,service_alert,19
CH-004,EMP-000026,2026-M08,2026-08-12 18:57:00,team_announcement,11
CH-008,EMP-000026,2026-M09,2026-09-17 02:08:00,service_alert,31
CH-008,EMP-000026,2026-M10,2026-10-01 16:44:00,service_alert,28
CH-007,EMP-000026,2026-M10,2026-10-09 13:30:00,branch_update,15
CH-008,EMP-000026,2026-M11,2026-11-08 23:13:00,service_alert,26
CH-007,EMP-000026,2026-M12,2026-12-05 12:04:00,branch_update,16
CH-007,EMP-000027,2026-M01,2026-01-23 09:58:00,branch_update,20
CH-008,EMP-000027,2026-M01,2026-01-24 03:50:00,service_alert,19
CH-008,EMP-000027,2026-M01,2026-01-20 09:34:00,service_alert,21
CH-008,EMP-000027,2026-M02,2026-02-16 10:14:00,service_alert,33
CH-008,EMP-000027,2026-M02,2026-02-13 10:38:00,service_alert,17
CH-008,EMP-000027,2026-M03,2026-03-03 22:42:00,service_alert,21
CH-008,EMP-000027,2026-M03,2026-03-03 16:49:00,incident_followup,41
CH-007,EMP-000027,2026-M03,2026-03-17 10:14:00,branch_update,17
CH-007,EMP-000027,2026-M04,2026-04-25 22:55:00,branch_update,26
CH-008,EMP-000027,2026-M04,2026-04-08 13:43:00,service_alert,28
CH-008,EMP-000027,2026-M05,2026-05-13 05:10:00,incident_followup,33
CH-007,EMP-000027,2026-M05,2026-05-14 04:55:00,branch_update,21
CH-007,EMP-000027,2026-M06,2026-06-28 14:16:00,branch_update,13
CH-008,EMP-000027,2026-M06,2026-06-14 16:46:00,service_alert,22
CH-008,EMP-000027,2026-M06,2026-06-14 05:24:00,service_alert,29
CH-008,EMP-000027,2026-M07,2026-07-09 13:33:00,service_alert,24
CH-008,EMP-000027,2026-M07,2026-07-13 13:48:00,incident_followup,36
CH-008,EMP-000027,2026-M08,2026-08-16 00:55:00,incident_followup,25
CH-008,EMP-000027,2026-M09,2026-09-03 05:38:00,service_alert,23
CH-007,EMP-000027,2026-M10,2026-10-22 05:45:00,branch_update,16
CH-008,EMP-000027,2026-M10,2026-10-04 03:55:00,service_alert,29
CH-007,EMP-000027,2026-M10,2026-10-06 00:06:00,branch_update,20
CH-007,EMP-000027,2026-M11,2026-11-03 20:33:00,branch_update,17
CH-008,EMP-000027,2026-M11,2026-11-16 09:01:00,incident_followup,34
CH-007,EMP-000027,2026-M11,2026-11-16 18:25:00,branch_update,18
CH-008,EMP-000027,2026-M11,2026-11-25 06:22:00,service_alert,33
CH-008,EMP-000027,2026-M12,2026-12-12 18:50:00,incident_followup,21
CH-008,EMP-000027,2026-M12,2026-12-02 20:02:00,service_alert,19
CH-008,EMP-000027,2026-M12,2026-12-05 18:49:00,service_alert,36
CH-008,EMP-000027,2026-M12,2026-12-27 18:31:00,service_alert,23
CH-007,EMP-000028,2026-M01,2026-01-25 11:40:00,branch_update,21
CH-007,EMP-000028,2026-M01,2026-01-04 03:59:00,branch_update,29
CH-007,EMP-000028,2026-M02,2026-02-06 01:12:00,branch_update,28
CH-008,EMP-000028,2026-M02,2026-02-12 07:45:00,service_alert,22
CH-007,EMP-000028,2026-M02,2026-02-13 06:15:00,branch_update,19
CH-007,EMP-000028,2026-M03,2026-03-01 11:16:00,branch_update,16
CH-008,EMP-000028,2026-M04,2026-04-07 16:45:00,service_alert,26
CH-008,EMP-000028,2026-M05,2026-05-08 11:11:00,service_alert,35
CH-008,EMP-000028,2026-M05,2026-05-25 12:51:00,service_alert,20
CH-007,EMP-000028,2026-M06,2026-06-13 03:01:00,branch_update,15
CH-008,EMP-000028,2026-M06,2026-06-09 03:47:00,service_alert,25
CH-007,EMP-000028,2026-M06,2026-06-23 14:28:00,branch_update,27
CH-008,EMP-000028,2026-M06,2026-06-11 15:36:00,service_alert,24
CH-008,EMP-000028,2026-M07,2026-07-14 05:40:00,incident_followup,29
CH-007,EMP-000028,2026-M08,2026-08-27 13:12:00,branch_update,28
CH-008,EMP-000028,2026-M09,2026-09-19 20:35:00,incident_followup,19
CH-007,EMP-000028,2026-M10,2026-10-14 14:33:00,branch_update,16
CH-008,EMP-000028,2026-M10,2026-10-17 08:13:00,incident_followup,26
CH-008,EMP-000028,2026-M10,2026-10-01 21:57:00,incident_followup,34
CH-008,EMP-000028,2026-M11,2026-11-14 11:13:00,service_alert,30
CH-008,EMP-000028,2026-M11,2026-11-23 23:08:00,incident_followup,20
CH-007,EMP-000028,2026-M12,2026-12-07 03:36:00,branch_update,24
CH-004,EMP-000029,2026-M01,2026-01-10 09:01:00,team_announcement,15
CH-004,EMP-000029,2026-M01,2026-01-05 14:54:00,team_announcement,10
CH-008,EMP-000029,2026-M02,2026-02-21 03:02:00,service_alert,32
CH-007,EMP-000029,2026-M02,2026-02-28 16:44:00,branch_update,22
CH-007,EMP-000029,2026-M02,2026-02-14 19:50:00,branch_update,24
CH-008,EMP-000029,2026-M02,2026-02-06 02:39:00,service_alert,20
CH-007,EMP-000029,2026-M03,2026-03-02 16:17:00,branch_update,20
CH-008,EMP-000029,2026-M04,2026-04-29 22:21:00,service_alert,19
CH-008,EMP-000029,2026-M05,2026-05-31 03:39:00,service_alert,23
CH-008,EMP-000029,2026-M06,2026-06-05 04:49:00,service_alert,23
CH-008,EMP-000029,2026-M07,2026-07-07 20:06:00,service_alert,26
CH-007,EMP-000029,2026-M08,2026-08-18 02:24:00,branch_update,20
CH-004,EMP-000029,2026-M08,2026-08-23 22:42:00,team_announcement,14
CH-007,EMP-000029,2026-M09,2026-09-17 13:06:00,branch_update,17
CH-004,EMP-000029,2026-M10,2026-10-08 09:11:00,team_announcement,8
CH-008,EMP-000029,2026-M11,2026-11-15 11:33:00,service_alert,18
CH-007,EMP-000029,2026-M12,2026-12-11 10:16:00,branch_update,11
CH-004,EMP-000030,2026-M01,2026-01-30 16:52:00,campaign_launch,28
CH-004,EMP-000030,2026-M01,2026-01-25 18:10:00,campaign_launch,39
CH-004,EMP-000030,2026-M02,2026-02-13 18:01:00,team_announcement,10
CH-004,EMP-000030,2026-M03,2026-03-11 19:01:00,team_announcement,11
CH-004,EMP-000030,2026-M04,2026-04-04 05:00:00,campaign_launch,35
CH-004,EMP-000030,2026-M04,2026-04-11 11:29:00,team_announcement,13
CH-004,EMP-000030,2026-M05,2026-05-16 22:56:00,campaign_update,18
CH-004,EMP-000030,2026-M06,2026-06-30 01:36:00,campaign_update,31
CH-004,EMP-000030,2026-M06,2026-06-23 12:31:00,campaign_launch,46
CH-004,EMP-000030,2026-M06,2026-06-17 01:12:00,campaign_update,29
CH-004,EMP-000030,2026-M06,2026-06-26 09:42:00,campaign_update,29
CH-004,EMP-000030,2026-M07,2026-07-02 11:28:00,team_announcement,11
CH-004,EMP-000030,2026-M08,2026-08-23 20:08:00,team_announcement,13
CH-004,EMP-000030,2026-M08,2026-08-07 07:40:00,campaign_update,31
CH-004,EMP-000030,2026-M09,2026-09-21 18:56:00,campaign_update,32
CH-004,EMP-000030,2026-M09,2026-09-09 16:11:00,campaign_update,19
CH-004,EMP-000030,2026-M10,2026-10-26 11:25:00,campaign_launch,42
CH-004,EMP-000030,2026-M10,2026-10-03 18:18:00,team_announcement,10
CH-004,EMP-000030,2026-M11,2026-11-09 11:54:00,campaign_launch,48
CH-004,EMP-000030,2026-M11,2026-11-13 22:34:00,campaign_update,31
CH-004,EMP-000030,2026-M11,2026-11-12 21:59:00,campaign_update,23
CH-004,EMP-000030,2026-M11,2026-11-05 17:53:00,team_announcement,15
CH-004,EMP-000030,2026-M12,2026-12-08 12:16:00,campaign_launch,42
CH-004,EMP-000030,2026-M12,2026-12-29 23:19:00,campaign_launch,23
CH-004,EMP-000030,2026-M12,2026-12-03 21:09:00,campaign_launch,47
CH-007,EMP-000031,2026-M01,2026-01-17 11:06:00,branch_update,24
CH-008,EMP-000031,2026-M02,2026-02-26 12:22:00,service_alert,32
CH-004,EMP-000031,2026-M02,2026-02-01 21:03:00,team_announcement,15
CH-007,EMP-000031,2026-M02,2026-02-22 00:42:00,branch_update,24
CH-008,EMP-000031,2026-M03,2026-03-28 06:11:00,service_alert,33
CH-008,EMP-000031,2026-M04,2026-04-03 16:40:00,service_alert,28
CH-008,EMP-000031,2026-M05,2026-05-01 19:55:00,service_alert,17
CH-007,EMP-000031,2026-M06,2026-06-16 01:26:00,branch_update,11
CH-007,EMP-000031,2026-M07,2026-07-13 22:12:00,branch_update,17
CH-004,EMP-000031,2026-M08,2026-08-24 17:31:00,team_announcement,9
CH-008,EMP-000031,2026-M08,2026-08-14 14:51:00,service_alert,33
CH-004,EMP-000031,2026-M09,2026-09-07 23:49:00,team_announcement,7
CH-008,EMP-000031,2026-M09,2026-09-04 03:40:00,service_alert,18
CH-007,EMP-000031,2026-M10,2026-10-09 13:45:00,branch_update,13
CH-004,EMP-000031,2026-M11,2026-11-12 14:44:00,team_announcement,11
CH-007,EMP-000031,2026-M12,2026-12-20 15:22:00,branch_update,23
CH-008,EMP-000032,2026-M01,2026-01-03 09:45:00,service_alert,16
CH-004,EMP-000032,2026-M01,2026-01-15 08:18:00,team_announcement,11
CH-007,EMP-000032,2026-M02,2026-02-20 11:48:00,branch_update,20
CH-008,EMP-000032,2026-M03,2026-03-31 11:41:00,service_alert,19
CH-004,EMP-000032,2026-M03,2026-03-04 11:30:00,team_announcement,15
CH-004,EMP-000032,2026-M04,2026-04-14 13:48:00,team_announcement,11
CH-008,EMP-000032,2026-M05,2026-05-20 11:35:00,service_alert,28
CH-007,EMP-000032,2026-M05,2026-05-02 04:10:00,branch_update,10
CH-004,EMP-000032,2026-M05,2026-05-10 13:58:00,team_announcement,14
CH-007,EMP-000032,2026-M06,2026-06-05 00:13:00,branch_update,20
CH-007,EMP-000032,2026-M07,2026-07-28 03:36:00,branch_update,17
CH-008,EMP-000032,2026-M08,2026-08-10 00:06:00,service_alert,34
CH-004,EMP-000032,2026-M09,2026-09-01 13:14:00,team_announcement,8
CH-007,EMP-000032,2026-M10,2026-10-09 02:00:00,branch_update,15
CH-004,EMP-000032,2026-M11,2026-11-27 09:39:00,team_announcement,11
CH-007,EMP-000032,2026-M12,2026-12-28 00:52:00,branch_update,20
CH-007,EMP-000033,2026-M01,2026-01-11 17:52:00,branch_update,14
CH-007,EMP-000033,2026-M01,2026-01-03 08:26:00,branch_update,14
CH-007,EMP-000033,2026-M01,2026-01-03 21:57:00,branch_update,18
CH-007,EMP-000033,2026-M02,2026-02-06 15:51:00,branch_update,20
CH-008,EMP-000033,2026-M02,2026-02-18 02:14:00,incident_followup,34
CH-008,EMP-000033,2026-M02,2026-02-06 22:30:00,incident_followup,35
CH-008,EMP-000033,2026-M03,2026-03-24 14:39:00,incident_followup,30
CH-007,EMP-000033,2026-M04,2026-04-01 23:28:00,branch_update,27
CH-008,EMP-000033,2026-M04,2026-04-10 04:48:00,service_alert,21
CH-008,EMP-000033,2026-M04,2026-04-14 21:33:00,service_alert,36
CH-007,EMP-000033,2026-M05,2026-05-07 16:13:00,branch_update,26
CH-007,EMP-000033,2026-M06,2026-06-11 20:34:00,branch_update,30
CH-007,EMP-000033,2026-M07,2026-07-26 20:40:00,branch_update,24
CH-007,EMP-000033,2026-M08,2026-08-12 13:54:00,branch_update,23
CH-007,EMP-000033,2026-M08,2026-08-08 06:11:00,branch_update,27
CH-008,EMP-000033,2026-M08,2026-08-27 07:25:00,incident_followup,29
CH-008,EMP-000033,2026-M09,2026-09-30 01:42:00,service_alert,24
CH-007,EMP-000033,2026-M10,2026-10-23 00:05:00,branch_update,19
CH-007,EMP-000033,2026-M11,2026-11-24 09:28:00,branch_update,18
CH-007,EMP-000033,2026-M12,2026-12-29 06:54:00,branch_update,31
CH-008,EMP-000034,2026-M01,2026-01-25 16:40:00,incident_followup,22
CH-007,EMP-000034,2026-M01,2026-01-26 03:08:00,branch_update,14
CH-008,EMP-000034,2026-M01,2026-01-13 23:48:00,incident_followup,40
CH-008,EMP-000034,2026-M02,2026-02-22 17:11:00,service_alert,31
CH-008,EMP-000034,2026-M03,2026-03-06 00:16:00,incident_followup,35
CH-007,EMP-000034,2026-M03,2026-03-08 00:10:00,branch_update,13
CH-007,EMP-000034,2026-M03,2026-03-28 19:59:00,branch_update,22
CH-008,EMP-000034,2026-M04,2026-04-13 00:23:00,incident_followup,40
CH-008,EMP-000034,2026-M04,2026-04-01 11:48:00,service_alert,29
CH-007,EMP-000034,2026-M05,2026-05-15 17:04:00,branch_update,15
CH-007,EMP-000034,2026-M05,2026-05-05 16:34:00,branch_update,16
CH-008,EMP-000034,2026-M06,2026-06-17 19:06:00,service_alert,31
CH-008,EMP-000034,2026-M06,2026-06-15 08:59:00,incident_followup,21
CH-008,EMP-000034,2026-M06,2026-06-11 13:24:00,service_alert,34
CH-008,EMP-000034,2026-M07,2026-07-15 04:34:00,service_alert,24
CH-007,EMP-000034,2026-M08,2026-08-05 20:45:00,branch_update,17
CH-007,EMP-000034,2026-M08,2026-08-16 12:02:00,branch_update,21
CH-008,EMP-000034,2026-M09,2026-09-17 08:05:00,service_alert,24
CH-007,EMP-000034,2026-M09,2026-09-11 18:52:00,branch_update,26
CH-007,EMP-000034,2026-M09,2026-09-30 14:22:00,branch_update,26
CH-008,EMP-000034,2026-M10,2026-10-26 12:28:00,incident_followup,38
CH-008,EMP-000034,2026-M10,2026-10-25 01:12:00,incident_followup,29
CH-008,EMP-000034,2026-M11,2026-11-20 02:49:00,incident_followup,28
CH-007,EMP-000034,2026-M11,2026-11-19 23:59:00,branch_update,24
CH-007,EMP-000034,2026-M12,2026-12-01 14:09:00,branch_update,18
CH-008,EMP-000035,2026-M01,2026-01-18 12:54:00,service_alert,17
CH-007,EMP-000035,2026-M02,2026-02-27 23:35:00,branch_update,23
CH-008,EMP-000035,2026-M03,2026-03-06 10:45:00,service_alert,24
CH-007,EMP-000035,2026-M04,2026-04-17 04:22:00,branch_update,20
CH-004,EMP-000035,2026-M05,2026-05-22 02:48:00,team_announcement,7
CH-007,EMP-000035,2026-M06,2026-06-03 21:09:00,branch_update,24
CH-008,EMP-000035,2026-M06,2026-06-05 20:40:00,service_alert,22
CH-008,EMP-000035,2026-M06,2026-06-11 18:30:00,service_alert,15
CH-008,EMP-000035,2026-M07,2026-07-17 11:38:00,service_alert,29
CH-004,EMP-000035,2026-M08,2026-08-15 00:38:00,team_announcement,13
CH-008,EMP-000035,2026-M08,2026-08-11 05:24:00,service_alert,33
CH-008,EMP-000035,2026-M09,2026-09-24 00:09:00,service_alert,15
CH-004,EMP-000035,2026-M09,2026-09-14 15:41:00,team_announcement,15
CH-008,EMP-000035,2026-M10,2026-10-11 11:59:00,service_alert,24
CH-004,EMP-000035,2026-M11,2026-11-17 14:28:00,team_announcement,7
CH-007,EMP-000035,2026-M12,2026-12-02 04:52:00,branch_update,21
CH-004,EMP-000036,2026-M01,2026-01-13 22:21:00,team_announcement,9
CH-004,EMP-000036,2026-M01,2026-01-02 06:41:00,onboarding_update,15
CH-004,EMP-000036,2026-M02,2026-02-24 16:28:00,onboarding_update,18
CH-004,EMP-000036,2026-M03,2026-03-14 00:07:00,onboarding_update,24
CH-004,EMP-000036,2026-M04,2026-04-16 09:15:00,onboarding_update,18
CH-004,EMP-000036,2026-M05,2026-05-01 21:20:00,team_announcement,8
CH-004,EMP-000036,2026-M06,2026-06-07 09:19:00,team_announcement,13
CH-007,EMP-000036,2026-M06,2026-06-19 04:55:00,policy_update,20
CH-004,EMP-000036,2026-M07,2026-07-19 15:28:00,onboarding_update,30
CH-007,EMP-000036,2026-M08,2026-08-21 04:09:00,policy_update,11
CH-007,EMP-000036,2026-M09,2026-09-19 03:52:00,policy_update,19
CH-004,EMP-000036,2026-M10,2026-10-21 21:38:00,team_announcement,15
CH-004,EMP-000036,2026-M10,2026-10-14 00:12:00,team_announcement,12
CH-007,EMP-000036,2026-M11,2026-11-26 01:36:00,policy_update,12
CH-007,EMP-000036,2026-M12,2026-12-07 12:11:00,policy_update,20
CH-007,EMP-000037,2026-M01,2026-01-09 01:11:00,branch_update,13
CH-004,EMP-000037,2026-M02,2026-02-19 04:15:00,team_announcement,10
CH-007,EMP-000037,2026-M03,2026-03-03 17:56:00,branch_update,23
CH-004,EMP-000037,2026-M03,2026-03-16 18:03:00,team_announcement,8
CH-004,EMP-000037,2026-M03,2026-03-16 03:41:00,team_announcement,9
CH-008,EMP-000037,2026-M04,2026-04-09 13:31:00,service_alert,30
CH-004,EMP-000037,2026-M05,2026-05-13 13:19:00,team_announcement,11
CH-008,EMP-000037,2026-M06,2026-06-05 01:13:00,service_alert,16
CH-007,EMP-000037,2026-M06,2026-06-26 21:57:00,branch_update,21
CH-007,EMP-000037,2026-M07,2026-07-26 22:58:00,branch_update,11
CH-004,EMP-000037,2026-M08,2026-08-19 02:40:00,team_announcement,8
CH-008,EMP-000037,2026-M09,2026-09-18 00:58:00,service_alert,27
CH-007,EMP-000037,2026-M10,2026-10-02 23:22:00,branch_update,21
CH-008,EMP-000037,2026-M11,2026-11-11 04:31:00,service_alert,18
CH-007,EMP-000037,2026-M12,2026-12-01 18:28:00,branch_update,13
CH-004,EMP-000037,2026-M12,2026-12-22 10:19:00,team_announcement,9
CH-007,EMP-000038,2026-M01,2026-01-26 20:35:00,branch_update,13
CH-004,EMP-000038,2026-M02,2026-02-08 15:09:00,team_announcement,12
CH-008,EMP-000038,2026-M02,2026-02-21 14:44:00,service_alert,27
CH-007,EMP-000038,2026-M03,2026-03-03 03:34:00,branch_update,12
CH-008,EMP-000038,2026-M04,2026-04-09 10:41:00,service_alert,17
CH-007,EMP-000038,2026-M05,2026-05-29 09:26:00,branch_update,22
CH-008,EMP-000038,2026-M06,2026-06-22 11:34:00,service_alert,21
CH-007,EMP-000038,2026-M07,2026-07-22 10:02:00,branch_update,18
CH-004,EMP-000038,2026-M08,2026-08-17 17:09:00,team_announcement,7
CH-007,EMP-000038,2026-M09,2026-09-18 12:28:00,branch_update,14
CH-004,EMP-000038,2026-M10,2026-10-19 08:12:00,team_announcement,8
CH-007,EMP-000038,2026-M11,2026-11-14 11:13:00,branch_update,11
CH-007,EMP-000038,2026-M11,2026-11-29 01:15:00,branch_update,21
CH-008,EMP-000038,2026-M12,2026-12-11 09:44:00,service_alert,29
CH-007,EMP-000039,2026-M01,2026-01-08 23:22:00,branch_update,31
CH-008,EMP-000039,2026-M02,2026-02-15 11:43:00,service_alert,25
CH-007,EMP-000039,2026-M03,2026-03-08 19:32:00,branch_update,14
CH-008,EMP-000039,2026-M04,2026-04-25 15:10:00,service_alert,25
CH-008,EMP-000039,2026-M04,2026-04-04 17:05:00,service_alert,23
CH-007,EMP-000039,2026-M04,2026-04-14 09:48:00,branch_update,30
CH-008,EMP-000039,2026-M05,2026-05-24 01:24:00,incident_followup,27
CH-008,EMP-000039,2026-M06,2026-06-04 21:19:00,incident_followup,30
CH-008,EMP-000039,2026-M07,2026-07-21 00:52:00,service_alert,29
CH-008,EMP-000039,2026-M07,2026-07-04 16:05:00,incident_followup,21
CH-008,EMP-000039,2026-M07,2026-07-08 08:05:00,service_alert,36
CH-008,EMP-000039,2026-M08,2026-08-03 07:36:00,incident_followup,24
CH-007,EMP-000039,2026-M08,2026-08-09 23:37:00,branch_update,14
CH-008,EMP-000039,2026-M09,2026-09-08 08:02:00,incident_followup,34
CH-007,EMP-000039,2026-M10,2026-10-18 12:13:00,branch_update,14
CH-007,EMP-000039,2026-M11,2026-11-12 03:57:00,branch_update,25
CH-008,EMP-000039,2026-M12,2026-12-15 13:05:00,service_alert,25
CH-008,EMP-000039,2026-M12,2026-12-23 09:27:00,service_alert,21
CH-008,EMP-000040,2026-M01,2026-01-17 02:43:00,incident_followup,31
CH-008,EMP-000040,2026-M01,2026-01-24 04:55:00,incident_followup,18
CH-008,EMP-000040,2026-M01,2026-01-30 17:38:00,service_alert,24
CH-007,EMP-000040,2026-M02,2026-02-28 10:40:00,branch_update,23
CH-008,EMP-000040,2026-M02,2026-02-07 11:38:00,service_alert,25
CH-008,EMP-000040,2026-M03,2026-03-20 07:32:00,service_alert,37
CH-008,EMP-000040,2026-M03,2026-03-10 01:38:00,incident_followup,28
CH-008,EMP-000040,2026-M04,2026-04-22 03:00:00,incident_followup,33
CH-008,EMP-000040,2026-M04,2026-04-13 08:59:00,service_alert,21
CH-007,EMP-000040,2026-M04,2026-04-29 07:00:00,branch_update,24
CH-008,EMP-000040,2026-M04,2026-04-22 10:14:00,incident_followup,39
CH-008,EMP-000040,2026-M05,2026-05-28 03:42:00,service_alert,31
CH-007,EMP-000040,2026-M05,2026-05-08 08:03:00,branch_update,19
CH-007,EMP-000040,2026-M05,2026-05-06 13:18:00,branch_update,15
CH-007,EMP-000040,2026-M06,2026-06-07 00:41:00,branch_update,26
CH-008,EMP-000040,2026-M06,2026-06-27 12:59:00,service_alert,40
CH-008,EMP-000040,2026-M07,2026-07-23 12:38:00,service_alert,38
CH-007,EMP-000040,2026-M08,2026-08-02 06:59:00,branch_update,17
CH-007,EMP-000040,2026-M09,2026-09-11 09:09:00,branch_update,19
CH-007,EMP-000040,2026-M09,2026-09-03 23:12:00,branch_update,25
CH-007,EMP-000040,2026-M10,2026-10-17 07:58:00,branch_update,21
CH-008,EMP-000040,2026-M11,2026-11-13 11:21:00,incident_followup,34
CH-008,EMP-000040,2026-M11,2026-11-16 05:04:00,incident_followup,36
CH-007,EMP-000040,2026-M11,2026-11-30 06:16:00,branch_update,26
CH-008,EMP-000040,2026-M12,2026-12-05 21:46:00,service_alert,31
CH-004,EMP-000041,2026-M01,2026-01-19 23:41:00,team_announcement,12
CH-004,EMP-000041,2026-M02,2026-02-25 16:01:00,team_announcement,11
CH-007,EMP-000041,2026-M03,2026-03-07 16:56:00,branch_update,17
CH-007,EMP-000041,2026-M04,2026-04-22 09:26:00,branch_update,23
CH-008,EMP-000041,2026-M05,2026-05-06 22:52:00,service_alert,23
CH-008,EMP-000041,2026-M05,2026-05-27 23:20:00,service_alert,24
CH-008,EMP-000041,2026-M05,2026-05-30 06:54:00,service_alert,17
CH-007,EMP-000041,2026-M06,2026-06-28 00:29:00,branch_update,24
CH-007,EMP-000041,2026-M07,2026-07-20 02:20:00,branch_update,18
CH-004,EMP-000041,2026-M08,2026-08-30 07:44:00,team_announcement,12
CH-008,EMP-000041,2026-M09,2026-09-06 23:01:00,service_alert,21
CH-008,EMP-000041,2026-M10,2026-10-14 18:26:00,service_alert,20
CH-007,EMP-000041,2026-M11,2026-11-07 10:27:00,branch_update,17
CH-004,EMP-000041,2026-M12,2026-12-05 02:59:00,team_announcement,14
CH-007,EMP-000042,2026-M01,2026-01-12 09:00:00,performance_update,18
CH-004,EMP-000042,2026-M01,2026-01-26 12:09:00,team_announcement,8
CH-004,EMP-000042,2026-M02,2026-02-27 05:30:00,team_announcement,10
CH-007,EMP-000042,2026-M03,2026-03-08 00:11:00,performance_update,13
CH-007,EMP-000042,2026-M04,2026-04-27 09:36:00,performance_update,13
CH-004,EMP-000042,2026-M05,2026-05-19 11:44:00,team_announcement,11
CH-004,EMP-000042,2026-M06,2026-06-18 11:06:00,team_announcement,8
CH-007,EMP-000042,2026-M07,2026-07-21 16:00:00,policy_update,20
CH-004,EMP-000042,2026-M08,2026-08-22 08:56:00,team_announcement,9
CH-007,EMP-000042,2026-M08,2026-08-15 11:12:00,policy_update,21
CH-004,EMP-000042,2026-M09,2026-09-18 06:30:00,team_announcement,9
CH-007,EMP-000042,2026-M09,2026-09-21 03:01:00,policy_update,17
CH-004,EMP-000042,2026-M09,2026-09-18 13:47:00,team_announcement,13
CH-007,EMP-000042,2026-M10,2026-10-25 06:05:00,performance_update,11
CH-007,EMP-000042,2026-M10,2026-10-16 17:39:00,policy_update,19
CH-004,EMP-000042,2026-M10,2026-10-25 04:13:00,team_announcement,15
CH-004,EMP-000042,2026-M10,2026-10-16 01:23:00,team_announcement,11
CH-007,EMP-000042,2026-M11,2026-11-14 07:31:00,policy_update,10
CH-007,EMP-000042,2026-M12,2026-12-29 04:16:00,policy_update,11
CH-007,EMP-000042,2026-M12,2026-12-24 15:35:00,policy_update,15
CH-007,EMP-000042,2026-M12,2026-12-19 13:50:00,policy_update,19
CH-008,EMP-000043,2026-M01,2026-01-26 22:12:00,service_alert,33
CH-007,EMP-000043,2026-M02,2026-02-03 14:26:00,branch_update,23
CH-004,EMP-000043,2026-M03,2026-03-30 08:58:00,team_announcement,12
CH-004,EMP-000043,2026-M03,2026-03-29 13:57:00,team_announcement,12
CH-008,EMP-000043,2026-M03,2026-03-11 11:33:00,service_alert,21
CH-007,EMP-000043,2026-M04,2026-04-16 05:14:00,branch_update,11
CH-004,EMP-000043,2026-M05,2026-05-30 10:03:00,team_announcement,12
CH-008,EMP-000043,2026-M06,2026-06-22 21:24:00,service_alert,18
CH-007,EMP-000043,2026-M06,2026-06-23 15:19:00,branch_update,23
CH-008,EMP-000043,2026-M06,2026-06-03 22:01:00,service_alert,27
CH-008,EMP-000043,2026-M07,2026-07-12 22:07:00,service_alert,17
CH-004,EMP-000043,2026-M07,2026-07-19 21:32:00,team_announcement,7
CH-008,EMP-000043,2026-M08,2026-08-07 06:12:00,service_alert,18
CH-007,EMP-000043,2026-M09,2026-09-23 18:48:00,branch_update,16
CH-007,EMP-000043,2026-M10,2026-10-02 04:30:00,branch_update,16
CH-008,EMP-000043,2026-M10,2026-10-06 01:01:00,service_alert,20
CH-008,EMP-000043,2026-M10,2026-10-29 17:48:00,service_alert,16
CH-007,EMP-000043,2026-M11,2026-11-13 16:43:00,branch_update,21
CH-007,EMP-000043,2026-M12,2026-12-19 07:53:00,branch_update,15
CH-007,EMP-000044,2026-M01,2026-01-22 05:48:00,branch_update,22
CH-008,EMP-000044,2026-M02,2026-02-13 01:32:00,service_alert,33
CH-004,EMP-000044,2026-M03,2026-03-11 04:01:00,team_announcement,10
CH-007,EMP-000044,2026-M04,2026-04-09 07:52:00,branch_update,22
CH-007,EMP-000044,2026-M05,2026-05-16 10:53:00,branch_update,13
CH-004,EMP-000044,2026-M06,2026-06-28 13:47:00,team_announcement,12
CH-004,EMP-000044,2026-M07,2026-07-30 03:31:00,team_announcement,15
CH-008,EMP-000044,2026-M08,2026-08-27 01:55:00,service_alert,25
CH-008,EMP-000044,2026-M09,2026-09-23 07:07:00,service_alert,18
CH-007,EMP-000044,2026-M10,2026-10-30 05:24:00,branch_update,13
CH-007,EMP-000044,2026-M10,2026-10-09 15:24:00,branch_update,23
CH-004,EMP-000044,2026-M11,2026-11-13 23:53:00,team_announcement,9
CH-007,EMP-000044,2026-M11,2026-11-22 17:04:00,branch_update,12
CH-004,EMP-000044,2026-M11,2026-11-11 22:14:00,team_announcement,13
CH-008,EMP-000044,2026-M11,2026-11-21 08:21:00,service_alert,29
CH-004,EMP-000044,2026-M12,2026-12-24 21:36:00,team_announcement,11
CH-008,EMP-000045,2026-M01,2026-01-25 09:03:00,incident_followup,43
CH-008,EMP-000045,2026-M01,2026-01-01 11:29:00,incident_followup,36
CH-008,EMP-000045,2026-M02,2026-02-27 19:04:00,service_alert,20
CH-008,EMP-000045,2026-M03,2026-03-10 08:27:00,service_alert,19
CH-008,EMP-000045,2026-M03,2026-03-06 02:06:00,service_alert,29
CH-008,EMP-000045,2026-M03,2026-03-15 03:50:00,incident_followup,36
CH-007,EMP-000045,2026-M03,2026-03-02 02:38:00,branch_update,18
CH-008,EMP-000045,2026-M04,2026-04-16 02:59:00,incident_followup,37
CH-008,EMP-000045,2026-M04,2026-04-01 14:55:00,service_alert,18
CH-008,EMP-000045,2026-M05,2026-05-18 15:37:00,service_alert,26
CH-008,EMP-000045,2026-M05,2026-05-13 13:51:00,service_alert,34
CH-008,EMP-000045,2026-M06,2026-06-13 14:45:00,incident_followup,26
CH-008,EMP-000045,2026-M06,2026-06-15 04:58:00,incident_followup,19
CH-008,EMP-000045,2026-M07,2026-07-11 08:17:00,service_alert,30
CH-007,EMP-000045,2026-M07,2026-07-13 22:38:00,branch_update,26
CH-008,EMP-000045,2026-M08,2026-08-17 17:30:00,service_alert,40
CH-008,EMP-000045,2026-M08,2026-08-26 01:21:00,incident_followup,33
CH-008,EMP-000045,2026-M08,2026-08-16 15:16:00,incident_followup,33
CH-008,EMP-000045,2026-M09,2026-09-15 18:36:00,service_alert,35
CH-007,EMP-000045,2026-M10,2026-10-08 06:03:00,branch_update,21
CH-008,EMP-000045,2026-M10,2026-10-11 16:00:00,incident_followup,42
CH-008,EMP-000045,2026-M11,2026-11-06 05:52:00,incident_followup,19
CH-008,EMP-000045,2026-M11,2026-11-17 00:06:00,service_alert,37
CH-008,EMP-000045,2026-M12,2026-12-18 09:47:00,incident_followup,18
CH-008,EMP-000046,2026-M01,2026-01-02 14:52:00,service_alert,23
CH-008,EMP-000046,2026-M02,2026-02-02 23:38:00,incident_followup,29
CH-008,EMP-000046,2026-M02,2026-02-07 08:32:00,incident_followup,24
CH-008,EMP-000046,2026-M03,2026-03-04 22:01:00,service_alert,24
CH-008,EMP-000046,2026-M03,2026-03-12 23:01:00,service_alert,20
CH-007,EMP-000046,2026-M03,2026-03-18 14:14:00,branch_update,30
CH-008,EMP-000046,2026-M04,2026-04-30 14:18:00,incident_followup,36
CH-008,EMP-000046,2026-M05,2026-05-20 06:27:00,incident_followup,24
CH-008,EMP-000046,2026-M05,2026-05-16 14:32:00,incident_followup,25
CH-007,EMP-000046,2026-M05,2026-05-07 20:32:00,branch_update,21
CH-007,EMP-000046,2026-M06,2026-06-19 12:50:00,branch_update,24
CH-007,EMP-000046,2026-M07,2026-07-10 22:35:00,branch_update,14
CH-008,EMP-000046,2026-M07,2026-07-24 22:33:00,service_alert,38
CH-007,EMP-000046,2026-M07,2026-07-22 16:51:00,branch_update,30
CH-007,EMP-000046,2026-M08,2026-08-25 04:42:00,branch_update,27
CH-008,EMP-000046,2026-M08,2026-08-28 12:23:00,service_alert,23
CH-008,EMP-000046,2026-M08,2026-08-15 01:11:00,incident_followup,23
CH-008,EMP-000046,2026-M08,2026-08-11 12:05:00,service_alert,29
CH-008,EMP-000046,2026-M09,2026-09-21 15:47:00,service_alert,34
CH-008,EMP-000046,2026-M10,2026-10-15 05:48:00,service_alert,30
CH-008,EMP-000046,2026-M10,2026-10-07 00:12:00,service_alert,33
CH-008,EMP-000046,2026-M11,2026-11-30 05:09:00,incident_followup,24
CH-008,EMP-000046,2026-M11,2026-11-02 05:42:00,service_alert,23
CH-007,EMP-000046,2026-M11,2026-11-05 04:35:00,branch_update,19
CH-008,EMP-000046,2026-M11,2026-11-18 16:29:00,service_alert,23
CH-008,EMP-000046,2026-M12,2026-12-23 20:18:00,incident_followup,43
CH-007,EMP-000046,2026-M12,2026-12-09 17:32:00,branch_update,25
CH-004,EMP-000047,2026-M01,2026-01-21 03:27:00,team_announcement,13
CH-004,EMP-000047,2026-M02,2026-02-05 16:06:00,team_announcement,11
CH-004,EMP-000047,2026-M03,2026-03-21 14:30:00,team_announcement,12
CH-008,EMP-000047,2026-M04,2026-04-14 19:58:00,service_alert,25
CH-008,EMP-000047,2026-M05,2026-05-17 08:03:00,service_alert,18
CH-004,EMP-000047,2026-M06,2026-06-10 01:22:00,team_announcement,7
CH-007,EMP-000047,2026-M07,2026-07-23 00:59:00,branch_update,11
CH-004,EMP-000047,2026-M08,2026-08-13 06:43:00,team_announcement,15
CH-008,EMP-000047,2026-M09,2026-09-02 11:08:00,service_alert,16
CH-008,EMP-000047,2026-M10,2026-10-03 22:10:00,service_alert,18
CH-007,EMP-000047,2026-M11,2026-11-05 21:21:00,branch_update,12
CH-004,EMP-000047,2026-M11,2026-11-05 03:53:00,team_announcement,9
CH-007,EMP-000047,2026-M12,2026-12-20 03:40:00,branch_update,11
CH-007,EMP-000048,2026-M01,2026-01-31 02:29:00,branch_update,22
CH-004,EMP-000048,2026-M02,2026-02-14 10:10:00,team_announcement,8
CH-008,EMP-000048,2026-M02,2026-02-06 12:21:00,service_alert,30
CH-004,EMP-000048,2026-M02,2026-02-05 23:24:00,team_announcement,9
CH-004,EMP-000048,2026-M03,2026-03-01 12:07:00,team_announcement,12
CH-007,EMP-000048,2026-M03,2026-03-31 04:41:00,branch_update,12
CH-004,EMP-000048,2026-M04,2026-04-02 05:44:00,team_announcement,11
CH-007,EMP-000048,2026-M05,2026-05-10 03:51:00,branch_update,22
CH-008,EMP-000048,2026-M06,2026-06-12 22:07:00,service_alert,29
CH-004,EMP-000048,2026-M06,2026-06-19 21:44:00,team_announcement,12
CH-008,EMP-000048,2026-M07,2026-07-12 14:26:00,service_alert,15
CH-007,EMP-000048,2026-M07,2026-07-13 04:28:00,branch_update,20
CH-008,EMP-000048,2026-M07,2026-07-08 23:44:00,service_alert,30
CH-008,EMP-000048,2026-M07,2026-07-29 12:28:00,service_alert,25
CH-007,EMP-000048,2026-M08,2026-08-20 01:22:00,branch_update,14
CH-004,EMP-000048,2026-M08,2026-08-06 15:39:00,team_announcement,15
CH-007,EMP-000048,2026-M08,2026-08-08 18:13:00,branch_update,20
CH-008,EMP-000048,2026-M09,2026-09-22 19:49:00,service_alert,16
CH-007,EMP-000048,2026-M10,2026-10-20 11:26:00,branch_update,17
CH-008,EMP-000048,2026-M11,2026-11-20 22:25:00,service_alert,14
CH-007,EMP-000048,2026-M11,2026-11-19 13:15:00,branch_update,11
CH-008,EMP-000048,2026-M12,2026-12-29 07:34:00,service_alert,24
CH-007,EMP-000049,2026-M01,2026-01-02 03:06:00,branch_update,17
CH-007,EMP-000049,2026-M01,2026-01-22 10:59:00,branch_update,15
CH-008,EMP-000049,2026-M02,2026-02-24 10:36:00,service_alert,21
CH-004,EMP-000049,2026-M02,2026-02-13 08:14:00,team_announcement,12
CH-007,EMP-000049,2026-M02,2026-02-20 11:35:00,branch_update,20
CH-007,EMP-000049,2026-M03,2026-03-09 21:11:00,branch_update,17
CH-004,EMP-000049,2026-M04,2026-04-09 13:15:00,team_announcement,14
CH-008,EMP-000049,2026-M04,2026-04-21 05:06:00,service_alert,30
CH-008,EMP-000049,2026-M05,2026-05-27 04:57:00,service_alert,23
CH-004,EMP-000049,2026-M05,2026-05-27 00:17:00,team_announcement,11
CH-008,EMP-000049,2026-M06,2026-06-12 12:54:00,service_alert,29
CH-004,EMP-000049,2026-M07,2026-07-03 18:10:00,team_announcement,12
CH-007,EMP-000049,2026-M07,2026-07-13 19:07:00,branch_update,11
CH-007,EMP-000049,2026-M07,2026-07-12 18:33:00,branch_update,24
CH-004,EMP-000049,2026-M07,2026-07-02 11:25:00,team_announcement,7
CH-007,EMP-000049,2026-M08,2026-08-15 03:11:00,branch_update,22
CH-007,EMP-000049,2026-M08,2026-08-11 15:54:00,branch_update,20
CH-008,EMP-000049,2026-M08,2026-08-15 08:34:00,service_alert,18
CH-008,EMP-000049,2026-M09,2026-09-18 03:26:00,service_alert,27
CH-007,EMP-000049,2026-M10,2026-10-10 10:38:00,branch_update,23
CH-007,EMP-000049,2026-M10,2026-10-18 16:56:00,branch_update,11
CH-004,EMP-000049,2026-M10,2026-10-19 09:15:00,team_announcement,12
CH-008,EMP-000049,2026-M11,2026-11-29 16:34:00,service_alert,30
CH-007,EMP-000049,2026-M12,2026-12-29 18:48:00,branch_update,12
CH-008,EMP-000049,2026-M12,2026-12-02 08:47:00,service_alert,25
CH-007,EMP-000049,2026-M12,2026-12-15 09:47:00,branch_update,19
CH-007,EMP-000049,2026-M12,2026-12-06 02:52:00,branch_update,16
CH-007,EMP-000050,2026-M01,2026-01-07 11:59:00,branch_update,13
CH-008,EMP-000050,2026-M02,2026-02-14 00:36:00,service_alert,23
CH-007,EMP-000050,2026-M03,2026-03-11 05:11:00,branch_update,23
CH-008,EMP-000050,2026-M04,2026-04-14 21:00:00,service_alert,30
CH-007,EMP-000050,2026-M04,2026-04-07 09:10:00,branch_update,12
CH-004,EMP-000050,2026-M04,2026-04-20 17:29:00,team_announcement,12
CH-004,EMP-000050,2026-M05,2026-05-31 00:43:00,team_announcement,11
CH-008,EMP-000050,2026-M06,2026-06-08 18:47:00,service_alert,17
CH-007,EMP-000050,2026-M07,2026-07-27 02:12:00,branch_update,21
CH-004,EMP-000050,2026-M08,2026-08-19 20:42:00,team_announcement,15
CH-008,EMP-000050,2026-M08,2026-08-13 20:28:00,service_alert,31
CH-008,EMP-000050,2026-M08,2026-08-14 07:18:00,service_alert,32
CH-004,EMP-000050,2026-M08,2026-08-25 04:40:00,team_announcement,11
CH-008,EMP-000050,2026-M09,2026-09-22 01:01:00,service_alert,20
CH-004,EMP-000050,2026-M10,2026-10-21 06:50:00,team_announcement,11
CH-004,EMP-000050,2026-M11,2026-11-28 22:40:00,team_announcement,13
CH-008,EMP-000050,2026-M12,2026-12-16 15:59:00,service_alert,19
CH-007,EMP-000051,2026-M01,2026-01-25 13:35:00,branch_update,19
CH-008,EMP-000051,2026-M02,2026-02-01 20:32:00,service_alert,21
CH-008,EMP-000051,2026-M03,2026-03-19 03:02:00,service_alert,33
CH-008,EMP-000051,2026-M03,2026-03-05 06:57:00,service_alert,26
CH-007,EMP-000051,2026-M04,2026-04-20 10:22:00,branch_update,29
CH-008,EMP-000051,2026-M05,2026-05-30 14:42:00,service_alert,34
CH-007,EMP-000051,2026-M05,2026-05-28 15:27:00,branch_update,23
CH-008,EMP-000051,2026-M05,2026-05-30 18:52:00,incident_followup,36
CH-007,EMP-000051,2026-M06,2026-06-25 22:21:00,branch_update,14
CH-007,EMP-000051,2026-M07,2026-07-25 01:37:00,branch_update,19
CH-008,EMP-000051,2026-M08,2026-08-10 01:19:00,incident_followup,31
CH-008,EMP-000051,2026-M09,2026-09-24 01:51:00,service_alert,35
CH-008,EMP-000051,2026-M10,2026-10-22 15:30:00,incident_followup,41
CH-008,EMP-000051,2026-M11,2026-11-01 10:02:00,incident_followup,34
CH-007,EMP-000051,2026-M11,2026-11-22 05:20:00,branch_update,28
CH-007,EMP-000051,2026-M11,2026-11-12 03:48:00,branch_update,21
CH-008,EMP-000051,2026-M11,2026-11-07 12:31:00,service_alert,25
CH-007,EMP-000051,2026-M12,2026-12-03 09:59:00,branch_update,15
CH-008,EMP-000052,2026-M01,2026-01-29 03:08:00,incident_followup,40
CH-008,EMP-000052,2026-M01,2026-01-14 08:21:00,incident_followup,41
CH-008,EMP-000052,2026-M01,2026-01-29 21:22:00,service_alert,18
CH-007,EMP-000052,2026-M02,2026-02-08 19:31:00,branch_update,19
CH-007,EMP-000052,2026-M02,2026-02-26 08:14:00,branch_update,18
CH-007,EMP-000052,2026-M03,2026-03-25 08:14:00,branch_update,16
CH-008,EMP-000052,2026-M03,2026-03-28 23:02:00,service_alert,28
CH-008,EMP-000052,2026-M03,2026-03-03 22:22:00,incident_followup,31
CH-007,EMP-000052,2026-M04,2026-04-29 08:50:00,branch_update,30
CH-007,EMP-000052,2026-M04,2026-04-10 11:13:00,branch_update,26
CH-007,EMP-000052,2026-M05,2026-05-30 15:48:00,branch_update,21
CH-007,EMP-000052,2026-M05,2026-05-13 11:26:00,branch_update,19
CH-008,EMP-000052,2026-M06,2026-06-02 12:21:00,incident_followup,40
CH-007,EMP-000052,2026-M07,2026-07-22 22:10:00,branch_update,29
CH-008,EMP-000052,2026-M07,2026-07-06 10:28:00,service_alert,28
CH-008,EMP-000052,2026-M07,2026-07-18 22:56:00,incident_followup,28
CH-007,EMP-000052,2026-M08,2026-08-02 21:06:00,branch_update,23
CH-008,EMP-000052,2026-M08,2026-08-18 17:57:00,service_alert,38
CH-007,EMP-000052,2026-M09,2026-09-27 04:05:00,branch_update,26
CH-008,EMP-000052,2026-M09,2026-09-16 21:46:00,service_alert,36
CH-008,EMP-000052,2026-M10,2026-10-07 03:27:00,service_alert,37
CH-007,EMP-000052,2026-M10,2026-10-06 06:57:00,branch_update,21
CH-007,EMP-000052,2026-M11,2026-11-07 13:58:00,branch_update,19
CH-008,EMP-000052,2026-M11,2026-11-06 02:13:00,incident_followup,23
CH-008,EMP-000052,2026-M12,2026-12-23 12:21:00,service_alert,25
CH-008,EMP-000052,2026-M12,2026-12-14 04:28:00,service_alert,26
CH-007,EMP-000052,2026-M12,2026-12-11 02:04:00,branch_update,23
CH-008,EMP-000052,2026-M12,2026-12-28 01:44:00,service_alert,24
CH-004,EMP-000053,2026-M01,2026-01-16 15:32:00,onboarding_update,18
CH-004,EMP-000053,2026-M01,2026-01-02 03:44:00,onboarding_update,22
CH-004,EMP-000053,2026-M02,2026-02-28 02:32:00,team_announcement,8
CH-008,EMP-000053,2026-M03,2026-03-02 10:47:00,service_alert,30
CH-004,EMP-000053,2026-M03,2026-03-05 10:11:00,onboarding_update,15
CH-007,EMP-000053,2026-M04,2026-04-25 02:37:00,branch_update,18
CH-004,EMP-000053,2026-M05,2026-05-13 11:00:00,team_announcement,15
CH-008,EMP-000053,2026-M06,2026-06-08 03:11:00,service_alert,32
CH-008,EMP-000053,2026-M07,2026-07-03 23:39:00,service_alert,18
CH-004,EMP-000053,2026-M08,2026-08-28 08:22:00,team_announcement,8
CH-008,EMP-000053,2026-M09,2026-09-07 16:23:00,service_alert,25
CH-008,EMP-000053,2026-M09,2026-09-06 11:43:00,service_alert,17
CH-008,EMP-000053,2026-M09,2026-09-11 14:55:00,service_alert,31
CH-007,EMP-000053,2026-M09,2026-09-26 10:34:00,branch_update,18
CH-004,EMP-000053,2026-M10,2026-10-07 14:47:00,team_announcement,15
CH-008,EMP-000053,2026-M10,2026-10-25 12:20:00,service_alert,17
CH-004,EMP-000053,2026-M10,2026-10-07 16:58:00,team_announcement,14
CH-007,EMP-000053,2026-M11,2026-11-14 06:33:00,branch_update,24
CH-007,EMP-000053,2026-M12,2026-12-22 14:30:00,branch_update,21
CH-004,EMP-000054,2026-M01,2026-01-12 19:00:00,campaign_update,35
CH-004,EMP-000054,2026-M01,2026-01-06 01:02:00,campaign_update,19
CH-004,EMP-000054,2026-M01,2026-01-25 23:21:00,team_announcement,7
CH-004,EMP-000054,2026-M02,2026-02-13 02:36:00,campaign_launch,36
CH-004,EMP-000054,2026-M03,2026-03-26 14:29:00,campaign_launch,50
CH-004,EMP-000054,2026-M03,2026-03-30 14:31:00,campaign_launch,50
CH-004,EMP-000054,2026-M04,2026-04-19 04:45:00,campaign_update,19
CH-004,EMP-000054,2026-M04,2026-04-23 01:37:00,campaign_launch,30
CH-004,EMP-000054,2026-M05,2026-05-05 05:28:00,campaign_launch,24
CH-004,EMP-000054,2026-M05,2026-05-27 20:45:00,campaign_launch,39
CH-004,EMP-000054,2026-M06,2026-06-22 03:27:00,team_announcement,14
CH-004,EMP-000054,2026-M07,2026-07-06 13:10:00,campaign_update,21
CH-004,EMP-000054,2026-M08,2026-08-29 01:59:00,team_announcement,7
CH-004,EMP-000054,2026-M08,2026-08-11 04:54:00,campaign_update,20
CH-004,EMP-000054,2026-M08,2026-08-24 12:50:00,team_announcement,15
CH-004,EMP-000054,2026-M08,2026-08-26 02:01:00,campaign_launch,42
CH-004,EMP-000054,2026-M09,2026-09-06 08:12:00,team_announcement,14
CH-004,EMP-000054,2026-M10,2026-10-11 11:29:00,team_announcement,14
CH-004,EMP-000054,2026-M10,2026-10-19 06:57:00,team_announcement,10
CH-004,EMP-000054,2026-M11,2026-11-29 02:21:00,campaign_update,33
CH-004,EMP-000054,2026-M11,2026-11-13 03:36:00,campaign_update,21
CH-004,EMP-000054,2026-M11,2026-11-28 06:56:00,campaign_launch,38
CH-004,EMP-000054,2026-M12,2026-12-10 07:01:00,campaign_update,30
CH-004,EMP-000054,2026-M12,2026-12-09 06:13:00,team_announcement,14
CH-004,EMP-000054,2026-M12,2026-12-16 23:55:00,campaign_update,22
CH-004,EMP-000055,2026-M01,2026-01-08 05:02:00,team_announcement,11
CH-008,EMP-000055,2026-M02,2026-02-27 03:50:00,service_alert,31
CH-007,EMP-000055,2026-M03,2026-03-13 09:24:00,branch_update,16
CH-008,EMP-000055,2026-M03,2026-03-23 20:23:00,service_alert,18
CH-008,EMP-000055,2026-M03,2026-03-15 05:24:00,service_alert,21
CH-004,EMP-000055,2026-M04,2026-04-30 14:54:00,team_announcement,14
CH-004,EMP-000055,2026-M05,2026-05-05 13:16:00,team_announcement,15
CH-007,EMP-000055,2026-M05,2026-05-14 15:49:00,branch_update,13
CH-007,EMP-000055,2026-M06,2026-06-18 08:08:00,branch_update,21
CH-004,EMP-000055,2026-M07,2026-07-07 05:38:00,team_announcement,13
CH-007,EMP-000055,2026-M07,2026-07-12 06:33:00,branch_update,23
CH-004,EMP-000055,2026-M07,2026-07-21 13:51:00,team_announcement,7
CH-007,EMP-000055,2026-M08,2026-08-29 09:44:00,branch_update,22
CH-007,EMP-000055,2026-M09,2026-09-22 09:17:00,branch_update,18
CH-007,EMP-000055,2026-M10,2026-10-25 08:14:00,branch_update,15
CH-007,EMP-000055,2026-M11,2026-11-17 22:36:00,branch_update,15
CH-004,EMP-000055,2026-M12,2026-12-09 08:39:00,team_announcement,13
CH-008,EMP-000056,2026-M01,2026-01-23 01:28:00,service_alert,32
CH-004,EMP-000056,2026-M02,2026-02-21 09:26:00,team_announcement,12
CH-007,EMP-000056,2026-M03,2026-03-01 09:17:00,branch_update,22
CH-007,EMP-000056,2026-M03,2026-03-31 04:04:00,branch_update,22
CH-007,EMP-000056,2026-M04,2026-04-07 23:23:00,branch_update,14
CH-008,EMP-000056,2026-M05,2026-05-19 09:36:00,service_alert,22
CH-008,EMP-000056,2026-M05,2026-05-10 13:35:00,service_alert,29
CH-008,EMP-000056,2026-M06,2026-06-27 02:28:00,service_alert,31
CH-008,EMP-000056,2026-M07,2026-07-01 23:09:00,service_alert,30
CH-008,EMP-000056,2026-M08,2026-08-04 04:57:00,service_alert,29
CH-007,EMP-000056,2026-M09,2026-09-14 05:20:00,branch_update,11
CH-008,EMP-000056,2026-M10,2026-10-17 04:01:00,service_alert,32
CH-008,EMP-000056,2026-M10,2026-10-10 14:04:00,service_alert,17
CH-008,EMP-000056,2026-M11,2026-11-21 11:37:00,service_alert,24
CH-007,EMP-000056,2026-M12,2026-12-24 00:26:00,branch_update,16
CH-008,EMP-000057,2026-M01,2026-01-02 23:30:00,service_alert,23
CH-008,EMP-000057,2026-M02,2026-02-16 02:43:00,service_alert,21
CH-007,EMP-000057,2026-M03,2026-03-11 19:27:00,branch_update,30
CH-008,EMP-000057,2026-M03,2026-03-17 08:36:00,incident_followup,37
CH-008,EMP-000057,2026-M04,2026-04-04 16:07:00,incident_followup,23
CH-008,EMP-000057,2026-M05,2026-05-27 22:25:00,incident_followup,41
CH-007,EMP-000057,2026-M05,2026-05-28 20:07:00,branch_update,19
CH-008,EMP-000057,2026-M05,2026-05-13 15:13:00,service_alert,35
CH-007,EMP-000057,2026-M06,2026-06-06 06:51:00,branch_update,22
CH-007,EMP-000057,2026-M06,2026-06-10 19:29:00,branch_update,27
CH-007,EMP-000057,2026-M07,2026-07-02 16:37:00,branch_update,31
CH-007,EMP-000057,2026-M08,2026-08-05 03:55:00,branch_update,15
CH-007,EMP-000057,2026-M08,2026-08-20 13:26:00,branch_update,30
CH-007,EMP-000057,2026-M09,2026-09-05 14:30:00,branch_update,25
CH-008,EMP-000057,2026-M10,2026-10-13 11:33:00,service_alert,22
CH-008,EMP-000057,2026-M10,2026-10-09 22:04:00,incident_followup,19
CH-008,EMP-000057,2026-M11,2026-11-03 03:57:00,service_alert,26
CH-007,EMP-000057,2026-M11,2026-11-01 21:28:00,branch_update,20
CH-008,EMP-000057,2026-M12,2026-12-12 18:40:00,incident_followup,33
CH-008,EMP-000057,2026-M12,2026-12-27 07:07:00,service_alert,22
CH-008,EMP-000057,2026-M12,2026-12-03 02:17:00,service_alert,38
CH-004,EMP-000058,2026-M01,2026-01-29 11:44:00,onboarding_update,30
CH-008,EMP-000058,2026-M02,2026-02-08 10:53:00,service_alert,19
CH-004,EMP-000058,2026-M03,2026-03-26 05:25:00,onboarding_update,27
CH-008,EMP-000058,2026-M03,2026-03-22 08:54:00,service_alert,29
CH-008,EMP-000058,2026-M04,2026-04-15 13:51:00,incident_followup,41
CH-008,EMP-000058,2026-M05,2026-05-14 15:53:00,incident_followup,19
CH-007,EMP-000058,2026-M05,2026-05-28 10:42:00,branch_update,17
CH-008,EMP-000058,2026-M05,2026-05-25 17:47:00,incident_followup,21
CH-007,EMP-000058,2026-M06,2026-06-11 04:55:00,branch_update,17
CH-007,EMP-000058,2026-M07,2026-07-03 00:47:00,branch_update,25
CH-007,EMP-000058,2026-M07,2026-07-09 10:15:00,branch_update,25
CH-008,EMP-000058,2026-M08,2026-08-09 06:37:00,service_alert,23
CH-008,EMP-000058,2026-M08,2026-08-23 06:28:00,service_alert,28
CH-008,EMP-000058,2026-M09,2026-09-13 01:06:00,incident_followup,40
CH-008,EMP-000058,2026-M09,2026-09-06 07:01:00,service_alert,26
CH-008,EMP-000058,2026-M09,2026-09-03 04:21:00,incident_followup,32
CH-007,EMP-000058,2026-M10,2026-10-13 23:14:00,branch_update,20
CH-008,EMP-000058,2026-M10,2026-10-11 13:40:00,incident_followup,25
CH-007,EMP-000058,2026-M10,2026-10-08 03:41:00,branch_update,29
CH-008,EMP-000058,2026-M11,2026-11-06 18:54:00,service_alert,26
CH-008,EMP-000058,2026-M12,2026-12-21 09:52:00,service_alert,26
CH-007,EMP-000059,2026-M01,2026-01-04 15:01:00,branch_update,20
CH-007,EMP-000059,2026-M02,2026-02-25 03:07:00,branch_update,17
CH-008,EMP-000059,2026-M02,2026-02-08 19:54:00,service_alert,32
CH-004,EMP-000059,2026-M03,2026-03-03 19:52:00,team_announcement,7
CH-008,EMP-000059,2026-M04,2026-04-21 03:09:00,service_alert,27
CH-004,EMP-000059,2026-M05,2026-05-12 08:03:00,team_announcement,7
CH-008,EMP-000059,2026-M06,2026-06-09 05:59:00,service_alert,26
CH-007,EMP-000059,2026-M07,2026-07-05 19:42:00,branch_update,20
CH-004,EMP-000059,2026-M07,2026-07-07 17:16:00,team_announcement,14
CH-004,EMP-000059,2026-M07,2026-07-05 12:55:00,team_announcement,11
CH-007,EMP-000059,2026-M08,2026-08-30 09:09:00,branch_update,13
CH-004,EMP-000059,2026-M08,2026-08-04 14:30:00,team_announcement,9
CH-007,EMP-000059,2026-M09,2026-09-19 05:14:00,branch_update,18
CH-007,EMP-000059,2026-M10,2026-10-02 16:29:00,branch_update,23
CH-007,EMP-000059,2026-M11,2026-11-20 20:14:00,branch_update,18
CH-007,EMP-000059,2026-M12,2026-12-28 17:53:00,branch_update,19
CH-004,EMP-000060,2026-M01,2026-01-26 19:44:00,onboarding_update,31
CH-004,EMP-000060,2026-M01,2026-01-23 19:10:00,onboarding_update,24
CH-004,EMP-000060,2026-M01,2026-01-29 11:51:00,team_announcement,13
CH-004,EMP-000060,2026-M02,2026-02-20 10:50:00,team_announcement,7
CH-004,EMP-000060,2026-M03,2026-03-30 04:33:00,onboarding_update,14
CH-004,EMP-000060,2026-M03,2026-03-15 13:24:00,onboarding_update,26
CH-004,EMP-000060,2026-M04,2026-04-20 09:41:00,onboarding_update,20
CH-007,EMP-000060,2026-M04,2026-04-28 12:39:00,policy_update,15
CH-004,EMP-000060,2026-M04,2026-04-20 10:23:00,team_announcement,10
CH-007,EMP-000060,2026-M05,2026-05-22 23:02:00,policy_update,15
CH-007,EMP-000060,2026-M06,2026-06-26 01:39:00,policy_update,10
CH-007,EMP-000060,2026-M07,2026-07-08 07:57:00,policy_update,18
CH-007,EMP-000060,2026-M07,2026-07-12 13:33:00,policy_update,17
CH-004,EMP-000060,2026-M08,2026-08-30 13:07:00,team_announcement,13
CH-004,EMP-000060,2026-M09,2026-09-10 14:47:00,team_announcement,10
CH-007,EMP-000060,2026-M09,2026-09-05 12:17:00,policy_update,19
CH-004,EMP-000060,2026-M09,2026-09-15 07:53:00,onboarding_update,27
CH-007,EMP-000060,2026-M10,2026-10-23 07:36:00,policy_update,10
CH-004,EMP-000060,2026-M11,2026-11-05 14:46:00,team_announcement,13
CH-004,EMP-000060,2026-M12,2026-12-19 01:07:00,onboarding_update,22
CH-004,EMP-000061,2026-M01,2026-01-03 13:00:00,team_announcement,10
CH-004,EMP-000061,2026-M02,2026-02-06 22:36:00,team_announcement,9
CH-007,EMP-000061,2026-M02,2026-02-17 06:23:00,branch_update,16
CH-004,EMP-000061,2026-M02,2026-02-21 08:02:00,team_announcement,7
CH-008,EMP-000061,2026-M03,2026-03-29 05:14:00,service_alert,33
CH-007,EMP-000061,2026-M04,2026-04-18 07:38:00,branch_update,22
CH-007,EMP-000061,2026-M04,2026-04-18 12:52:00,branch_update,22
CH-008,EMP-000061,2026-M05,2026-05-12 13:57:00,service_alert,26
CH-004,EMP-000061,2026-M06,2026-06-12 19:55:00,team_announcement,14
CH-007,EMP-000061,2026-M06,2026-06-06 04:52:00,branch_update,14
CH-007,EMP-000061,2026-M07,2026-07-09 08:46:00,branch_update,16
CH-008,EMP-000061,2026-M07,2026-07-05 08:08:00,service_alert,21
CH-007,EMP-000061,2026-M07,2026-07-23 05:05:00,branch_update,13
CH-008,EMP-000061,2026-M08,2026-08-27 18:35:00,service_alert,14
CH-004,EMP-000061,2026-M08,2026-08-08 02:25:00,team_announcement,11
CH-008,EMP-000061,2026-M09,2026-09-28 20:54:00,service_alert,16
CH-004,EMP-000061,2026-M09,2026-09-25 18:51:00,team_announcement,13
CH-004,EMP-000061,2026-M10,2026-10-08 16:51:00,team_announcement,12
CH-007,EMP-000061,2026-M11,2026-11-27 08:30:00,branch_update,18
CH-007,EMP-000061,2026-M12,2026-12-03 09:31:00,branch_update,14
CH-004,EMP-000062,2026-M01,2026-01-29 13:59:00,team_announcement,11
CH-007,EMP-000062,2026-M01,2026-01-25 00:00:00,branch_update,18
CH-007,EMP-000062,2026-M02,2026-02-12 12:46:00,branch_update,16
CH-008,EMP-000062,2026-M02,2026-02-02 02:50:00,service_alert,34
CH-004,EMP-000062,2026-M02,2026-02-04 18:31:00,team_announcement,12
CH-008,EMP-000062,2026-M02,2026-02-24 11:00:00,service_alert,19
CH-007,EMP-000062,2026-M03,2026-03-29 02:26:00,branch_update,24
CH-004,EMP-000062,2026-M04,2026-04-16 16:44:00,team_announcement,13
CH-004,EMP-000062,2026-M05,2026-05-15 02:07:00,team_announcement,11
CH-008,EMP-000062,2026-M05,2026-05-05 22:07:00,service_alert,22
CH-004,EMP-000062,2026-M06,2026-06-06 13:44:00,team_announcement,10
CH-004,EMP-000062,2026-M07,2026-07-31 10:13:00,team_announcement,12
CH-007,EMP-000062,2026-M08,2026-08-14 20:34:00,branch_update,18
CH-008,EMP-000062,2026-M09,2026-09-10 05:57:00,service_alert,27
CH-008,EMP-000062,2026-M10,2026-10-23 22:58:00,service_alert,15
CH-007,EMP-000062,2026-M11,2026-11-04 13:47:00,branch_update,20
CH-008,EMP-000062,2026-M12,2026-12-08 19:02:00,service_alert,20
CH-008,EMP-000063,2026-M01,2026-01-18 03:12:00,service_alert,37
CH-008,EMP-000063,2026-M02,2026-02-21 11:41:00,service_alert,19
CH-007,EMP-000063,2026-M02,2026-02-03 19:34:00,branch_update,28
CH-008,EMP-000063,2026-M02,2026-02-12 10:11:00,service_alert,20
CH-008,EMP-000063,2026-M03,2026-03-16 01:44:00,incident_followup,30
CH-007,EMP-000063,2026-M04,2026-04-14 18:38:00,branch_update,23
CH-007,EMP-000063,2026-M05,2026-05-17 16:57:00,branch_update,27
CH-007,EMP-000063,2026-M05,2026-05-05 18:11:00,branch_update,14
CH-008,EMP-000063,2026-M06,2026-06-09 09:12:00,service_alert,21
CH-007,EMP-000063,2026-M06,2026-06-21 03:19:00,branch_update,25
CH-007,EMP-000063,2026-M06,2026-06-20 21:03:00,branch_update,18
CH-008,EMP-000063,2026-M06,2026-06-24 06:56:00,service_alert,20
CH-008,EMP-000063,2026-M07,2026-07-03 04:09:00,service_alert,24
CH-008,EMP-000063,2026-M08,2026-08-23 15:15:00,incident_followup,19
CH-008,EMP-000063,2026-M09,2026-09-28 23:20:00,incident_followup,32
CH-008,EMP-000063,2026-M09,2026-09-24 04:07:00,service_alert,40
CH-008,EMP-000063,2026-M09,2026-09-04 19:28:00,incident_followup,26
CH-008,EMP-000063,2026-M10,2026-10-18 04:52:00,service_alert,40
CH-008,EMP-000063,2026-M11,2026-11-25 04:15:00,service_alert,25
CH-008,EMP-000063,2026-M11,2026-11-03 10:29:00,service_alert,30
CH-007,EMP-000063,2026-M11,2026-11-21 03:06:00,branch_update,26
CH-007,EMP-000063,2026-M11,2026-11-09 05:29:00,branch_update,20
CH-008,EMP-000063,2026-M12,2026-12-16 02:01:00,service_alert,32
CH-007,EMP-000063,2026-M12,2026-12-24 17:10:00,branch_update,21
CH-008,EMP-000063,2026-M12,2026-12-28 16:20:00,service_alert,21
CH-008,EMP-000064,2026-M01,2026-01-04 04:21:00,service_alert,19
CH-007,EMP-000064,2026-M01,2026-01-13 21:58:00,branch_update,30
CH-007,EMP-000064,2026-M01,2026-01-02 06:10:00,branch_update,17
CH-008,EMP-000064,2026-M01,2026-01-06 17:49:00,service_alert,27
CH-008,EMP-000064,2026-M02,2026-02-02 19:13:00,incident_followup,18
CH-007,EMP-000064,2026-M03,2026-03-11 22:34:00,branch_update,24
CH-007,EMP-000064,2026-M03,2026-03-16 05:16:00,branch_update,29
CH-007,EMP-000064,2026-M04,2026-04-30 06:56:00,branch_update,22
CH-008,EMP-000064,2026-M04,2026-04-05 19:27:00,service_alert,26
CH-007,EMP-000064,2026-M04,2026-04-28 19:20:00,branch_update,13
CH-008,EMP-000064,2026-M04,2026-04-12 10:43:00,incident_followup,41
CH-008,EMP-000064,2026-M05,2026-05-28 09:34:00,incident_followup,41
CH-008,EMP-000064,2026-M05,2026-05-29 15:48:00,service_alert,29
CH-007,EMP-000064,2026-M05,2026-05-16 21:50:00,branch_update,20
CH-007,EMP-000064,2026-M06,2026-06-14 22:14:00,branch_update,14
CH-008,EMP-000064,2026-M06,2026-06-03 05:35:00,service_alert,32
CH-007,EMP-000064,2026-M07,2026-07-05 09:09:00,branch_update,13
CH-008,EMP-000064,2026-M08,2026-08-14 16:23:00,service_alert,23
CH-008,EMP-000064,2026-M09,2026-09-01 15:25:00,service_alert,24
CH-008,EMP-000064,2026-M10,2026-10-26 20:02:00,service_alert,24
CH-007,EMP-000064,2026-M11,2026-11-23 15:55:00,branch_update,26
CH-008,EMP-000064,2026-M11,2026-11-05 20:16:00,service_alert,24
CH-008,EMP-000064,2026-M11,2026-11-05 04:47:00,incident_followup,29
CH-008,EMP-000064,2026-M12,2026-12-04 21:44:00,incident_followup,26
CH-008,EMP-000064,2026-M12,2026-12-21 22:26:00,incident_followup,35
CH-008,EMP-000065,2026-M01,2026-01-22 08:48:00,service_alert,33
CH-007,EMP-000065,2026-M02,2026-02-12 04:52:00,branch_update,21
CH-008,EMP-000065,2026-M02,2026-02-13 11:34:00,service_alert,14
CH-007,EMP-000065,2026-M03,2026-03-31 07:38:00,branch_update,16
CH-008,EMP-000065,2026-M04,2026-04-12 20:43:00,service_alert,17
CH-004,EMP-000065,2026-M04,2026-04-14 11:55:00,team_announcement,14
CH-008,EMP-000065,2026-M04,2026-04-14 16:22:00,service_alert,20
CH-004,EMP-000065,2026-M05,2026-05-13 12:10:00,team_announcement,12
CH-008,EMP-000065,2026-M06,2026-06-18 14:52:00,service_alert,27
CH-007,EMP-000065,2026-M06,2026-06-07 01:51:00,branch_update,18
CH-004,EMP-000065,2026-M07,2026-07-16 16:53:00,team_announcement,15
CH-008,EMP-000065,2026-M07,2026-07-18 00:48:00,service_alert,33
CH-008,EMP-000065,2026-M07,2026-07-30 12:12:00,service_alert,19
CH-004,EMP-000065,2026-M07,2026-07-14 10:07:00,team_announcement,12
CH-004,EMP-000065,2026-M08,2026-08-30 09:15:00,team_announcement,7
CH-004,EMP-000065,2026-M09,2026-09-20 08:22:00,team_announcement,8
CH-008,EMP-000065,2026-M10,2026-10-04 18:14:00,service_alert,17
CH-004,EMP-000065,2026-M10,2026-10-26 13:25:00,team_announcement,14
CH-004,EMP-000065,2026-M11,2026-11-23 19:44:00,team_announcement,14
CH-007,EMP-000065,2026-M12,2026-12-22 21:57:00,branch_update,12
CH-004,EMP-000066,2026-M01,2026-01-17 04:33:00,onboarding_update,22
CH-004,EMP-000066,2026-M02,2026-02-12 02:17:00,onboarding_update,25
CH-007,EMP-000066,2026-M02,2026-02-16 16:16:00,policy_update,15
CH-007,EMP-000066,2026-M03,2026-03-09 19:18:00,policy_update,18
CH-004,EMP-000066,2026-M03,2026-03-22 18:15:00,onboarding_update,28
CH-004,EMP-000066,2026-M03,2026-03-07 03:11:00,onboarding_update,20
CH-007,EMP-000066,2026-M04,2026-04-23 05:51:00,policy_update,16
CH-004,EMP-000066,2026-M04,2026-04-17 02:09:00,team_announcement,15
CH-007,EMP-000066,2026-M05,2026-05-14 02:00:00,performance_update,18
CH-007,EMP-000066,2026-M06,2026-06-10 16:53:00,performance_update,10
CH-007,EMP-000066,2026-M07,2026-07-19 15:18:00,performance_update,13
CH-004,EMP-000066,2026-M08,2026-08-05 10:24:00,team_announcement,13
CH-007,EMP-000066,2026-M08,2026-08-02 15:19:00,performance_update,14
CH-004,EMP-000066,2026-M08,2026-08-21 21:58:00,team_announcement,7
CH-007,EMP-000066,2026-M09,2026-09-11 04:17:00,performance_update,17
CH-007,EMP-000066,2026-M09,2026-09-25 13:16:00,performance_update,13
CH-007,EMP-000066,2026-M10,2026-10-23 12:53:00,policy_update,17
CH-004,EMP-000066,2026-M11,2026-11-24 16:22:00,team_announcement,7
CH-007,EMP-000066,2026-M12,2026-12-15 02:40:00,performance_update,14
CH-004,EMP-000067,2026-M01,2026-01-24 01:23:00,team_announcement,15
CH-008,EMP-000067,2026-M01,2026-01-30 08:29:00,service_alert,17
CH-007,EMP-000067,2026-M01,2026-01-30 13:37:00,branch_update,23
CH-004,EMP-000067,2026-M01,2026-01-28 14:35:00,team_announcement,9
CH-004,EMP-000067,2026-M02,2026-02-05 21:43:00,team_announcement,7
CH-007,EMP-000067,2026-M03,2026-03-24 12:58:00,branch_update,18
CH-007,EMP-000067,2026-M03,2026-03-28 11:14:00,branch_update,23
CH-004,EMP-000067,2026-M04,2026-04-18 02:01:00,team_announcement,7
CH-008,EMP-000067,2026-M05,2026-05-17 23:30:00,service_alert,26
CH-007,EMP-000067,2026-M05,2026-05-26 20:58:00,branch_update,20
CH-004,EMP-000067,2026-M06,2026-06-10 13:23:00,team_announcement,14
CH-008,EMP-000067,2026-M06,2026-06-17 07:46:00,service_alert,24
CH-004,EMP-000067,2026-M06,2026-06-07 09:56:00,team_announcement,11
CH-007,EMP-000067,2026-M06,2026-06-23 16:35:00,branch_update,16
CH-008,EMP-000067,2026-M07,2026-07-08 21:01:00,service_alert,26
CH-008,EMP-000067,2026-M08,2026-08-08 06:24:00,service_alert,26
CH-008,EMP-000067,2026-M08,2026-08-12 01:13:00,service_alert,21
CH-008,EMP-000067,2026-M09,2026-09-15 20:49:00,service_alert,23
CH-007,EMP-000067,2026-M09,2026-09-29 19:35:00,branch_update,15
CH-004,EMP-000067,2026-M09,2026-09-14 03:35:00,team_announcement,11
CH-008,EMP-000067,2026-M10,2026-10-18 01:30:00,service_alert,23
CH-008,EMP-000067,2026-M10,2026-10-19 06:17:00,service_alert,19
CH-007,EMP-000067,2026-M10,2026-10-22 18:50:00,branch_update,18
CH-008,EMP-000067,2026-M11,2026-11-23 12:28:00,service_alert,22
CH-004,EMP-000067,2026-M12,2026-12-10 01:38:00,team_announcement,11
CH-004,EMP-000067,2026-M12,2026-12-21 03:27:00,team_announcement,7
CH-004,EMP-000068,2026-M01,2026-01-06 07:31:00,team_announcement,12
CH-004,EMP-000068,2026-M02,2026-02-04 01:32:00,team_announcement,12
CH-007,EMP-000068,2026-M03,2026-03-27 23:33:00,branch_update,23
CH-008,EMP-000068,2026-M04,2026-04-23 09:15:00,service_alert,21
CH-004,EMP-000068,2026-M05,2026-05-14 12:31:00,team_announcement,9
CH-004,EMP-000068,2026-M05,2026-05-31 03:53:00,team_announcement,12
CH-007,EMP-000068,2026-M05,2026-05-27 17:31:00,branch_update,23
CH-007,EMP-000068,2026-M06,2026-06-17 07:40:00,branch_update,23
CH-007,EMP-000068,2026-M07,2026-07-14 16:19:00,branch_update,22
CH-004,EMP-000068,2026-M08,2026-08-19 19:39:00,team_announcement,12
CH-007,EMP-000068,2026-M09,2026-09-13 12:39:00,branch_update,13
CH-008,EMP-000068,2026-M09,2026-09-06 12:54:00,service_alert,32
CH-004,EMP-000068,2026-M10,2026-10-11 21:55:00,team_announcement,11
CH-008,EMP-000068,2026-M11,2026-11-25 12:58:00,service_alert,21
CH-008,EMP-000068,2026-M12,2026-12-01 16:57:00,service_alert,28
CH-008,EMP-000069,2026-M01,2026-01-13 08:47:00,incident_followup,21
CH-008,EMP-000069,2026-M01,2026-01-06 00:21:00,service_alert,25
CH-008,EMP-000069,2026-M02,2026-02-05 14:07:00,service_alert,23
CH-007,EMP-000069,2026-M03,2026-03-30 00:48:00,branch_update,26
CH-008,EMP-000069,2026-M04,2026-04-24 23:27:00,incident_followup,35
CH-007,EMP-000069,2026-M04,2026-04-17 01:23:00,branch_update,20
CH-007,EMP-000069,2026-M04,2026-04-03 04:18:00,branch_update,15
CH-008,EMP-000069,2026-M04,2026-04-11 19:44:00,incident_followup,34
CH-007,EMP-000069,2026-M05,2026-05-04 14:41:00,branch_update,20
CH-008,EMP-000069,2026-M06,2026-06-07 10:35:00,service_alert,29
CH-008,EMP-000069,2026-M06,2026-06-13 19:49:00,service_alert,19
CH-008,EMP-000069,2026-M06,2026-06-01 22:37:00,incident_followup,34
CH-008,EMP-000069,2026-M06,2026-06-03 12:52:00,incident_followup,25
CH-007,EMP-000069,2026-M07,2026-07-29 13:23:00,branch_update,24
CH-008,EMP-000069,2026-M08,2026-08-03 05:55:00,service_alert,21
CH-008,EMP-000069,2026-M09,2026-09-03 06:20:00,service_alert,37
CH-008,EMP-000069,2026-M10,2026-10-27 20:37:00,incident_followup,33
CH-008,EMP-000069,2026-M11,2026-11-23 13:56:00,service_alert,24
CH-008,EMP-000069,2026-M11,2026-11-20 20:27:00,incident_followup,27
CH-007,EMP-000069,2026-M11,2026-11-14 22:14:00,branch_update,19
CH-007,EMP-000069,2026-M11,2026-11-19 01:41:00,branch_update,22
CH-007,EMP-000069,2026-M12,2026-12-23 11:19:00,branch_update,23
CH-008,EMP-000069,2026-M12,2026-12-02 03:54:00,service_alert,19
CH-008,EMP-000069,2026-M12,2026-12-31 08:16:00,incident_followup,43
CH-007,EMP-000069,2026-M12,2026-12-10 00:22:00,branch_update,17
CH-008,EMP-000070,2026-M01,2026-01-10 09:48:00,service_alert,28
CH-008,EMP-000070,2026-M01,2026-01-30 00:15:00,incident_followup,24
CH-007,EMP-000070,2026-M02,2026-02-13 21:57:00,branch_update,15
CH-008,EMP-000070,2026-M02,2026-02-26 15:01:00,incident_followup,29
CH-008,EMP-000070,2026-M03,2026-03-12 06:39:00,incident_followup,33
CH-007,EMP-000070,2026-M04,2026-04-10 03:59:00,branch_update,22
CH-007,EMP-000070,2026-M04,2026-04-29 20:33:00,branch_update,27
CH-008,EMP-000070,2026-M05,2026-05-01 21:21:00,incident_followup,31
CH-008,EMP-000070,2026-M06,2026-06-03 00:16:00,incident_followup,35
CH-008,EMP-000070,2026-M07,2026-07-10 03:37:00,service_alert,34
CH-008,EMP-000070,2026-M07,2026-07-14 19:40:00,incident_followup,25
CH-008,EMP-000070,2026-M08,2026-08-14 17:14:00,incident_followup,21
CH-008,EMP-000070,2026-M08,2026-08-23 08:06:00,service_alert,18
CH-008,EMP-000070,2026-M08,2026-08-09 02:08:00,incident_followup,38
CH-008,EMP-000070,2026-M08,2026-08-28 12:18:00,service_alert,36
CH-008,EMP-000070,2026-M09,2026-09-11 00:32:00,incident_followup,43
CH-007,EMP-000070,2026-M09,2026-09-02 15:44:00,branch_update,27
CH-008,EMP-000070,2026-M10,2026-10-07 17:43:00,service_alert,20
CH-008,EMP-000070,2026-M10,2026-10-31 10:25:00,incident_followup,20
CH-008,EMP-000070,2026-M10,2026-10-25 14:04:00,incident_followup,43
CH-008,EMP-000070,2026-M10,2026-10-21 13:18:00,service_alert,34
CH-008,EMP-000070,2026-M11,2026-11-14 15:40:00,incident_followup,32
CH-008,EMP-000070,2026-M11,2026-11-29 06:27:00,incident_followup,40
CH-008,EMP-000070,2026-M12,2026-12-27 02:51:00,incident_followup,21
CH-008,EMP-000070,2026-M12,2026-12-07 22:22:00,service_alert,28
CH-008,EMP-000071,2026-M01,2026-01-13 07:42:00,service_alert,23
CH-004,EMP-000071,2026-M01,2026-01-11 22:57:00,team_announcement,12
CH-007,EMP-000071,2026-M01,2026-01-01 17:10:00,branch_update,17
CH-007,EMP-000071,2026-M02,2026-02-14 21:58:00,branch_update,22
CH-004,EMP-000071,2026-M02,2026-02-06 12:09:00,team_announcement,13
CH-008,EMP-000071,2026-M03,2026-03-15 20:14:00,service_alert,24
CH-008,EMP-000071,2026-M04,2026-04-29 22:33:00,service_alert,34
CH-008,EMP-000071,2026-M05,2026-05-11 22:30:00,service_alert,23
CH-004,EMP-000071,2026-M06,2026-06-08 07:09:00,team_announcement,11
CH-004,EMP-000071,2026-M07,2026-07-07 17:32:00,team_announcement,12
CH-007,EMP-000071,2026-M07,2026-07-22 23:29:00,branch_update,16
CH-008,EMP-000071,2026-M07,2026-07-28 21:39:00,service_alert,20
CH-008,EMP-000071,2026-M08,2026-08-03 15:00:00,service_alert,34
CH-008,EMP-000071,2026-M09,2026-09-08 09:06:00,service_alert,24
CH-004,EMP-000071,2026-M10,2026-10-10 03:04:00,team_announcement,11
CH-004,EMP-000071,2026-M11,2026-11-30 00:08:00,team_announcement,11
CH-007,EMP-000071,2026-M12,2026-12-14 22:50:00,branch_update,16
CH-004,EMP-000072,2026-M01,2026-01-29 03:19:00,team_announcement,7
CH-008,EMP-000072,2026-M02,2026-02-15 15:02:00,service_alert,27
CH-008,EMP-000072,2026-M03,2026-03-06 21:39:00,service_alert,26
CH-004,EMP-000072,2026-M03,2026-03-18 13:05:00,team_announcement,7
CH-007,EMP-000072,2026-M04,2026-04-12 03:46:00,branch_update,21
CH-004,EMP-000072,2026-M04,2026-04-12 05:41:00,team_announcement,14
CH-007,EMP-000072,2026-M04,2026-04-01 14:46:00,branch_update,16
CH-007,EMP-000072,2026-M05,2026-05-07 22:38:00,branch_update,22
CH-007,EMP-000072,2026-M06,2026-06-24 06:22:00,branch_update,17
CH-007,EMP-000072,2026-M07,2026-07-05 15:50:00,branch_update,16
CH-004,EMP-000072,2026-M07,2026-07-22 03:38:00,team_announcement,8
CH-007,EMP-000072,2026-M07,2026-07-02 02:13:00,branch_update,20
CH-004,EMP-000072,2026-M08,2026-08-22 20:44:00,team_announcement,10
CH-008,EMP-000072,2026-M09,2026-09-11 16:17:00,service_alert,16
CH-004,EMP-000072,2026-M09,2026-09-25 05:44:00,team_announcement,8
CH-008,EMP-000072,2026-M10,2026-10-22 22:27:00,service_alert,27
CH-007,EMP-000072,2026-M11,2026-11-22 03:02:00,branch_update,20
CH-007,EMP-000072,2026-M12,2026-12-13 10:25:00,branch_update,19
CH-007,EMP-000072,2026-M12,2026-12-31 17:39:00,branch_update,22
